TIME;CO2;PM2,5;PM10;TEMPERATURE;HUMIDITY;CO2 CATEGORY;PM2,5 CATEGORY;PM10 CATEGORY;Status
2023-01-17T23:15:52+00:00;549;10;21,5;17,1;62,3;GOOD;GOOD;GOOD;0
2023-01-17T23:16:16+00:00;546;10;22;17,2;62,31;GOOD;GOOD;GOOD;0
2023-01-17T23:16:40+00:00;550;10;20;17,2;62,32;GOOD;GOOD;GOOD;0
2023-01-17T23:17:05+00:00;559;10;22,6;16,2;62,33;GOOD;GOOD;GOOD;0
2023-01-17T23:17:29+00:00;553;10;24,7;13,9;62,34;GOOD;GOOD;GOOD;0
2023-01-17T23:17:53+00:00;514;10;22,6;12,2;62,35;GOOD;GOOD;GOOD;0
2023-01-17T23:18:18+00:00;511;10;27,4;11,4;62,36;GOOD;GOOD;GOOD;0
2023-01-17T23:18:45+00:00;517;10;25,4;11;62,37;GOOD;GOOD;GOOD;0
2023-01-17T23:19:06+00:00;512;10;22;12,6;62,38;GOOD;GOOD;GOOD;0
2023-01-17T23:19:31+00:00;511;10;20,1;13,5;62,39;GOOD;GOOD;GOOD;0
2023-01-17T23:19:55+00:00;514;10;19,3;13,8;62,4;GOOD;GOOD;GOOD;0
2023-01-17T23:20:19+00:00;517;10;19,4;14,2;62,41;GOOD;GOOD;GOOD;0
2023-01-17T23:20:44+00:00;519;6;19,1;14,6;62,42;GOOD;GOOD;GOOD;0
2023-01-17T23:21:08+00:00;520;3,5;20;15;62,43;GOOD;GOOD;GOOD;0
2023-01-17T23:21:32+00:00;519;3,5;19,9;15,4;62,44;GOOD;GOOD;GOOD;0
2023-01-17T23:21:57+00:00;520;3,6;19,4;15,8;62,45;GOOD;GOOD;GOOD;0
2023-01-17T23:22:59+00:00;521;10;26,1;16,2;62,46;GOOD;GOOD;GOOD;0
2023-01-17T23:23:32+00:00;700;10;17,2;16,4;62,47;Moderate;GOOD;GOOD;1
2023-01-17T23:24:04+00:00;700;10;80,9;16,6;62,48;Moderate;GOOD;GOOD;1
2023-01-17T23:24:36+00:00;700;10;51,7;16,7;62,49;Moderate;GOOD;GOOD;1
2023-01-17T23:25:08+00:00;700;10;26,3;16,8;62,5;Moderate;GOOD;GOOD;1
2023-01-17T23:25:40+00:00;700;10;20,3;17,2;62,51;Moderate;GOOD;GOOD;1
2023-01-17T23:26:12+00:00;700;12;32,3;17,3;62,52;Moderate;GOOD;GOOD;1
2023-01-17T23:26:45+00:00;700;12;19,8;17,3;62,53;Moderate;GOOD;GOOD;1
2023-01-17T23:27:17+00:00;700;12;22,3;17,3;62,54;Moderate;GOOD;GOOD;1
2023-01-17T23:27:49+00:00;700;3,7;17,9;17,3;62,55;Moderate;GOOD;GOOD;1
2023-01-17T23:28:21+00:00;700;3,5;14;17,3;62,56;Moderate;GOOD;GOOD;1
2023-01-17T23:28:53+00:00;700;3,8;19,1;17,3;62,57;Moderate;GOOD;GOOD;1
2023-01-17T23:29:26+00:00;522;3,9;19,1;17,4;62,58;GOOD;GOOD;GOOD;0
2023-01-17T23:29:58+00:00;517;3,7;16,2;17,3;62,59;GOOD;GOOD;GOOD;0
2023-01-17T23:30:30+00:00;512;3,6;19,2;17,2;62,6;GOOD;GOOD;GOOD;0
2023-01-17T23:31:02+00:00;528;3,2;18,8;17,2;62,61;GOOD;GOOD;GOOD;0
2023-01-17T23:31:34+00:00;545;3,4;22,2;17,3;62,62;GOOD;GOOD;GOOD;0
2023-01-17T23:32:06+00:00;540;3,5;23,8;17,4;62,63;GOOD;GOOD;GOOD;0
2023-01-17T23:32:39+00:00;541;3;16;17,4;62,64;GOOD;GOOD;GOOD;0
2023-01-17T23:33:11+00:00;541;2,8;17,9;17,4;62,65;GOOD;GOOD;GOOD;0
2023-01-17T23:33:43+00:00;541;2,6;19,8;17,4;62,66;GOOD;GOOD;GOOD;0
2023-01-17T23:34:15+00:00;600;2,9;18,2;17,3;62,67;GOOD;GOOD;GOOD;0
2023-01-17T23:34:48+00:00;600;3,2;18,8;17,3;62,68;GOOD;GOOD;GOOD;0
2023-01-17T23:35:20+00:00;600;2,5;16;17,3;62,69;GOOD;GOOD;GOOD;0
2023-01-17T23:35:52+00:00;600;2,4;15,3;17,3;62,7;GOOD;GOOD;GOOD;0
2023-01-17T23:36:24+00:00;600;2,7;19,1;17,3;62,71;GOOD;GOOD;GOOD;0
2023-01-17T23:36:56+00:00;540;2,6;14,2;17,3;62,72;GOOD;GOOD;GOOD;0
2023-01-17T23:37:28+00:00;538;2,2;14,8;17,3;62,73;GOOD;GOOD;GOOD;0
2023-01-17T23:38:01+00:00;538;2,3;16,5;17,3;62,74;GOOD;GOOD;GOOD;0
2023-01-17T23:38:33+00:00;537;2,6;15,2;17,3;62,75;GOOD;GOOD;GOOD;0
2023-01-17T23:39:05+00:00;537;2,3;14,4;17,3;62,76;GOOD;GOOD;GOOD;0
2023-01-17T23:39:37+00:00;537;2,5;15,5;17,3;62,77;GOOD;GOOD;GOOD;0
2023-01-17T23:40:09+00:00;537;2,1;17,8;17,4;62,78;GOOD;GOOD;GOOD;0
2023-01-17T23:40:41+00:00;537;41,4;56,9;17,4;62,79;GOOD;GOOD;GOOD;0
2023-01-17T23:41:14+00:00;536;9,8;26,8;17,6;62,8;GOOD;GOOD;GOOD;0
2023-01-17T23:41:46+00:00;537;10,2;31,2;17,6;62,81;GOOD;GOOD;GOOD;0
2023-01-17T23:42:18+00:00;537;6,4;17,9;17,5;62,82;GOOD;GOOD;GOOD;0
2023-01-17T23:42:50+00:00;537;8;20,9;17,5;62,83;GOOD;GOOD;GOOD;0
2023-01-17T23:44:09+00:00;536;12;11,8;17,5;62,84;GOOD;GOOD;GOOD;0
2023-01-17T23:45:11+00:00;542;9;15,6;17,4;62,85;GOOD;GOOD;GOOD;0
2023-01-17T23:46:14+00:00;536;11;12,5;17,4;62,86;GOOD;GOOD;GOOD;0
2023-01-17T23:47:17+00:00;536;15;16;17,4;62,87;GOOD;GOOD;GOOD;0
2023-01-17T23:48:20+00:00;536;15;20;17,4;62,88;GOOD;GOOD;GOOD;0
2023-01-17T23:49:22+00:00;536;15,5;18,6;17,4;62,89;GOOD;GOOD;GOOD;0
2023-01-17T23:50:25+00:00;535;16;16,5;17,4;62,9;GOOD;GOOD;GOOD;0
2023-01-17T23:51:28+00:00;535;17;17,6;17,3;62,91;GOOD;GOOD;GOOD;0
2023-01-17T23:52:31+00:00;535;22,5;13,7;17,4;62,92;GOOD;GOOD;GOOD;0
2023-01-17T23:53:33+00:00;535;22,5;16,7;17,3;62,93;GOOD;GOOD;GOOD;0
2023-01-17T23:54:36+00:00;534;30;12,5;17,4;62,94;GOOD;GOOD;GOOD;0
2023-01-17T23:55:39+00:00;534;33;14;17,3;62,95;GOOD;GOOD;GOOD;0
2023-01-17T23:56:41+00:00;534;32;14,1;17,2;62,96;GOOD;GOOD;GOOD;0
2023-01-17T23:57:44+00:00;532;31;12,1;17,2;62,97;GOOD;GOOD;GOOD;0
2023-01-17T23:58:47+00:00;532;36;16,2;17,2;62,98;GOOD;GOOD;GOOD;0
2023-01-17T23:59:50+00:00;531;35,9;14;17,2;62,99;GOOD;GOOD;GOOD;0
2023-01-18T00:00:52+00:00;531;41;14,8;17,1;62,1;GOOD;GOOD;GOOD;0
2023-01-18T00:01:55+00:00;531;70;17,8;17,1;62,101;GOOD;Moderate;GOOD;1
2023-01-18T00:02:58+00:00;531;70;14;17;62,102;GOOD;Moderate;GOOD;1
2023-01-18T00:04:01+00:00;530;70;14,4;17;62,103;GOOD;Moderate;GOOD;1
2023-01-18T00:05:04+00:00;530;70;13,4;17;62,104;GOOD;Moderate;GOOD;1
2023-01-18T00:06:06+00:00;530;70;12,2;17,1;62,105;GOOD;Moderate;GOOD;1
2023-01-18T00:07:09+00:00;535;70;12,1;17,1;62,106;GOOD;Moderate;GOOD;1
2023-01-18T00:08:12+00:00;529;70;12,6;17,1;62,107;GOOD;Moderate;GOOD;1
2023-01-18T00:09:15+00:00;534;616,8;961,9;17,2;62,108;GOOD;Very Unhealthy;Very Unhealthy;1
2023-01-18T00:10:17+00:00;529;690,1;834,9;17,3;62,109;GOOD;Very Unhealthy;Very Unhealthy;1
2023-01-18T00:11:20+00:00;534;283,4;352,2;17,3;62,11;GOOD;Very Unhealthy;Very Unhealthy;1
2023-01-18T00:12:23+00:00;528;228,3;279,8;17,4;62,111;GOOD;Very Unhealthy;Unhealthy;1
2023-01-18T00:13:25+00:00;528;181;235,4;17,3;62,112;GOOD;Very Unhealthy;Moderate;1
2023-01-18T00:14:28+00:00;528;123;171,4;17,3;62,113;GOOD;Unhealthy;Moderate;1
2023-01-18T00:15:31+00:00;526;117,5;154,5;17,3;62,114;GOOD;Unhealthy;Moderate;1
2023-01-18T00:16:34+00:00;526;90,8;126,7;17,2;62,115;GOOD;Moderate;GOOD;1
2023-01-18T00:17:36+00:00;526;77,8;107,5;17,2;62,116;GOOD;Moderate;GOOD;1
2023-01-18T00:18:39+00:00;525;60,5;83,9;17,1;62,117;GOOD;GOOD;GOOD;0
2023-01-18T00:19:42+00:00;525;54,1;78,6;17,1;62,118;GOOD;GOOD;GOOD;0
2023-01-18T00:20:45+00:00;524;47,9;68,5;17,1;62,119;GOOD;GOOD;GOOD;0
2023-01-18T00:21:47+00:00;524;51,4;79,4;17;62,12;GOOD;GOOD;GOOD;0
2023-01-18T00:22:50+00:00;524;48,6;71,5;17;62,121;GOOD;GOOD;GOOD;0
2023-01-18T00:23:53+00:00;524;45,2;66,1;17,1;62,122;GOOD;GOOD;GOOD;0
2023-01-18T00:24:55+00:00;523;34,7;52,9;17,1;62,123;GOOD;GOOD;GOOD;0
2023-01-18T00:25:58+00:00;523;32,7;48,7;17,1;62,124;GOOD;GOOD;GOOD;0
2023-01-18T00:27:01+00:00;523;25,8;48,2;17;62,125;GOOD;GOOD;GOOD;0
2023-01-18T00:28:04+00:00;523;25,6;41,6;17;62,126;GOOD;GOOD;GOOD;0
2023-01-18T00:29:07+00:00;522;22,5;37,1;17;62,127;GOOD;GOOD;GOOD;0
2023-01-18T00:30:10+00:00;521;19,6;32,7;17;62,128;GOOD;GOOD;GOOD;0
2023-01-18T00:31:12+00:00;521;16,1;29,1;17;62,129;GOOD;GOOD;GOOD;0
2023-01-18T00:32:15+00:00;521;17;30;16,9;62,13;GOOD;GOOD;GOOD;0
2023-01-18T00:33:18+00:00;521;14,4;27;17;62,131;GOOD;GOOD;GOOD;0
2023-01-18T00:34:20+00:00;521;14,3;27,5;17;62,132;GOOD;GOOD;GOOD;0
2023-01-18T00:35:24+00:00;521;13,3;24,9;16,9;62,133;GOOD;GOOD;GOOD;0
2023-01-18T00:36:26+00:00;520;10,4;19,9;17;62,134;GOOD;GOOD;GOOD;0
2023-01-18T00:37:29+00:00;520;9,2;19,2;17;62,135;GOOD;GOOD;GOOD;0
2023-01-18T00:38:32+00:00;519;9,7;23,2;17;62,136;GOOD;GOOD;GOOD;0
2023-01-18T00:39:34+00:00;518;7,8;18,3;17;62,137;GOOD;GOOD;GOOD;0
2023-01-18T00:40:37+00:00;518;6,9;21,6;16,9;62,138;GOOD;GOOD;GOOD;0
2023-01-18T00:41:40+00:00;518;6,8;19,4;16,9;62,139;GOOD;GOOD;GOOD;0
2023-01-18T00:42:43+00:00;517;7,4;18,3;16,9;62,14;GOOD;GOOD;GOOD;0
2023-01-18T00:43:45+00:00;518;5,9;14,9;16,9;62,141;GOOD;GOOD;GOOD;0
2023-01-18T00:44:48+00:00;518;5,3;16,4;16,9;62,142;GOOD;GOOD;GOOD;0
2023-01-18T00:45:51+00:00;517;5,5;16,4;16,9;62,143;GOOD;GOOD;GOOD;0
2023-01-18T00:46:54+00:00;517;5,7;17,5;16,8;62,144;GOOD;GOOD;GOOD;0
2023-01-18T00:47:59+00:00;517;5,1;16,4;16,9;62,145;GOOD;GOOD;GOOD;0
2023-01-18T00:48:59+00:00;517;4,3;14,8;16,9;62,146;GOOD;GOOD;GOOD;0
2023-01-18T00:50:02+00:00;516;4,5;17;16,8;62,147;GOOD;GOOD;GOOD;0
2023-01-18T00:51:04+00:00;514;4,7;15;16,9;62,148;GOOD;GOOD;GOOD;0
2023-01-18T00:52:07+00:00;516;3,9;16,4;16,9;62,149;GOOD;GOOD;GOOD;0
2023-01-18T00:53:10+00:00;514;3,4;14;16,9;62,15;GOOD;GOOD;GOOD;0
2023-01-18T00:54:13+00:00;514;3,1;12,4;16,9;62,151;GOOD;GOOD;GOOD;0
2023-01-18T00:55:15+00:00;513;3;12,9;17;62,152;GOOD;GOOD;GOOD;0
2023-01-18T00:56:21+00:00;513;3,2;12,4;17;62,153;GOOD;GOOD;GOOD;0
2023-01-18T00:57:21+00:00;513;85,5;140,7;17;62,154;GOOD;Moderate;GOOD;1
2023-01-18T00:58:23+00:00;512;135,1;175,3;17;62,155;GOOD;Unhealthy;Moderate;1
2023-01-18T00:59:26+00:00;512;136,6;220,2;17,1;62,156;GOOD;Unhealthy;Moderate;1
2023-01-18T01:00:29+00:00;512;110,6;146,2;17,2;62,157;GOOD;Unhealthy;GOOD;1
2023-01-18T01:01:32+00:00;512;152;204,6;17,3;62,158;GOOD;Very Unhealthy;Moderate;1
2023-01-18T01:02:34+00:00;512;406,5;490;17,2;62,159;GOOD;Very Unhealthy;Very Unhealthy;1
2023-01-18T01:03:37+00:00;511;324;367,8;17,2;62,16;GOOD;Very Unhealthy;Very Unhealthy;1
2023-01-18T01:04:40+00:00;511;237,7;284,9;17,2;62,161;GOOD;Very Unhealthy;Unhealthy;1
2023-01-18T01:05:45+00:00;511;202,1;240,8;17,2;62,162;GOOD;Very Unhealthy;Moderate;1
2023-01-18T01:06:45+00:00;511;153,2;190;17,2;62,163;GOOD;Very Unhealthy;Moderate;1
2023-01-18T01:07:48+00:00;511;136,5;175,4;17,2;62,164;GOOD;Unhealthy;Moderate;1
2023-01-18T01:08:51+00:00;510;137,1;170,6;17,1;62,165;GOOD;Unhealthy;Moderate;1
2023-01-18T01:09:53+00:00;510;134,5;175,6;17,1;62,166;GOOD;Unhealthy;Moderate;1
2023-01-18T01:10:56+00:00;510;124,3;156,1;17,1;62,167;GOOD;Unhealthy;Moderate;1
2023-01-18T01:11:59+00:00;509;119,3;154,2;17,1;62,168;GOOD;Unhealthy;Moderate;1
2023-01-18T01:13:01+00:00;509;108,2;141,1;17,1;62,169;GOOD;Unhealthy;GOOD;1
2023-01-18T01:14:04+00:00;509;97,3;123,1;17,1;62,17;GOOD;Moderate;GOOD;1
2023-01-18T01:15:07+00:00;509;92,3;118,9;17,1;62,171;GOOD;Moderate;GOOD;1
2023-01-18T01:16:10+00:00;508;86,8;107,6;17;62,172;GOOD;Moderate;GOOD;1
2023-01-18T01:17:12+00:00;508;80,9;101,3;17;62,173;GOOD;Moderate;GOOD;1
2023-01-18T01:18:15+00:00;508;70,8;94,4;17;62,174;GOOD;Moderate;GOOD;1
2023-01-18T01:19:18+00:00;507;62,5;80,6;17;62,175;GOOD;GOOD;GOOD;0
2023-01-18T01:20:21+00:00;512;58,6;77;16,9;62,176;GOOD;GOOD;GOOD;0
2023-01-18T01:21:23+00:00;507;8,5;15,1;16,9;62,177;GOOD;GOOD;GOOD;0
2023-01-18T01:22:26+00:00;506;8,4;20,4;16,9;62,178;GOOD;GOOD;GOOD;0
2023-01-18T01:23:29+00:00;461;7,7;16,8;16,9;62,179;GOOD;GOOD;GOOD;0
2023-01-18T01:24:31+00:00;486;7,3;15,7;16,9;62,18;GOOD;GOOD;GOOD;0
2023-01-18T01:25:34+00:00;486;9,6;16,7;16,9;62,181;GOOD;GOOD;GOOD;0
2023-01-18T01:26:37+00:00;486;10,6;19,7;16,9;62,182;GOOD;GOOD;GOOD;0
2023-01-18T01:27:40+00:00;487;10,3;16,8;16,9;62,183;GOOD;GOOD;GOOD;0
2023-01-18T01:28:42+00:00;487;11,3;18,6;16,9;62,184;GOOD;GOOD;GOOD;0
2023-01-18T01:29:45+00:00;488;9,5;15;16,9;62,185;GOOD;GOOD;GOOD;0
2023-01-18T01:30:48+00:00;485;11,2;17,7;16,9;62,186;GOOD;GOOD;GOOD;0
2023-01-18T01:31:50+00:00;490;10;20,7;16,9;62,187;GOOD;GOOD;GOOD;0
2023-01-18T01:32:53+00:00;493;9,4;16,6;16,9;62,188;GOOD;GOOD;GOOD;0
2023-01-18T01:33:56+00:00;494;9,2;19,2;16,9;62,189;GOOD;GOOD;GOOD;0
2023-01-18T01:34:59+00:00;495;8,7;14,2;16,9;62,19;GOOD;GOOD;GOOD;0
2023-01-18T01:36:01+00:00;497;9;16,4;16,9;62,191;GOOD;GOOD;GOOD;0
2023-01-18T01:37:04+00:00;496;8,3;16,7;16,9;62,192;GOOD;GOOD;GOOD;0
2023-01-18T01:38:07+00:00;495;8,1;15;16,8;62,193;GOOD;GOOD;GOOD;0
2023-01-18T01:39:09+00:00;494;6,4;14,5;16,8;62,194;GOOD;GOOD;GOOD;0
2023-01-18T01:40:12+00:00;495;7,6;14,7;16,8;62,195;GOOD;GOOD;GOOD;0
2023-01-18T01:41:15+00:00;495;7,5;17,6;16,8;62,196;GOOD;GOOD;GOOD;0
2023-01-18T01:42:18+00:00;494;7,2;16,5;16,8;62,197;GOOD;GOOD;GOOD;0
2023-01-18T01:43:20+00:00;494;6,4;11,6;16,8;62,198;GOOD;GOOD;GOOD;0
2023-01-18T01:44:23+00:00;493;20;15,1;16,8;62,199;GOOD;GOOD;GOOD;0
2023-01-18T01:45:26+00:00;499;33;12,8;16,8;62,2;GOOD;GOOD;GOOD;0
2023-01-18T01:47:00+00:00;494;60;14,6;16,8;62,201;GOOD;GOOD;GOOD;0
2023-01-18T01:48:03+00:00;493;77;220;16,8;62,202;GOOD;Moderate;Moderate;1
2023-01-18T01:49:05+00:00;492;78;12,1;16,7;62,203;GOOD;Moderate;GOOD;1
2023-01-18T01:50:08+00:00;490;90;11,7;16,7;62,204;GOOD;Moderate;GOOD;1
2023-01-18T01:51:11+00:00;490;110;9,9;16,7;62,205;GOOD;Unhealthy;GOOD;1
2023-01-18T01:52:14+00:00;489;80;13;16,7;62,206;GOOD;Moderate;GOOD;1
2023-01-18T01:53:16+00:00;488;80;12,6;16,7;62,207;GOOD;Moderate;GOOD;1
2023-01-18T01:54:19+00:00;487;80;13,9;16,7;62,208;GOOD;Moderate;GOOD;1
2023-01-18T01:55:22+00:00;488;80;11,3;16,7;62,209;GOOD;Moderate;GOOD;1
2023-01-18T01:56:25+00:00;486;80;13,2;16,7;62,21;GOOD;Moderate;GOOD;1
2023-01-18T01:57:27+00:00;485;80;11,1;16,7;62,211;GOOD;Moderate;GOOD;1
2023-01-18T01:58:30+00:00;484;80;13,7;16,7;62,212;GOOD;Moderate;GOOD;1
2023-01-18T01:59:33+00:00;483;80;8,4;16,7;62,213;GOOD;Moderate;GOOD;1
2023-01-18T02:00:36+00:00;465;80;13;16,6;62,214;GOOD;Moderate;GOOD;1
2023-01-18T02:01:39+00:00;474;80;10,3;16,6;62,215;GOOD;Moderate;GOOD;1
2023-01-18T02:02:41+00:00;473;80;9,5;16,6;62,216;GOOD;Moderate;GOOD;1
2023-01-18T02:03:44+00:00;483;80;13,1;16,5;62,217;GOOD;Moderate;GOOD;1
2023-01-18T02:04:47+00:00;463;80;8,3;16,5;62,218;GOOD;Moderate;GOOD;1
2023-01-18T02:05:49+00:00;480;80;10,9;16,5;62,219;GOOD;Moderate;GOOD;1
2023-01-18T02:06:52+00:00;456;80,6;8,5;16,5;62,22;GOOD;Moderate;GOOD;1
2023-01-18T02:07:55+00:00;453;80;10,7;16,5;62,221;GOOD;Moderate;GOOD;1
2023-01-18T02:08:58+00:00;484;80;10,3;16,5;62,222;GOOD;Moderate;GOOD;1
2023-01-18T02:10:00+00:00;483;80;9,8;16,5;62,223;GOOD;Moderate;GOOD;1
2023-01-18T02:11:03+00:00;483;80;8,6;16,5;62,224;GOOD;Moderate;GOOD;1
2023-01-18T02:12:06+00:00;483;80;11,4;16,5;62,225;GOOD;Moderate;GOOD;1
2023-01-18T02:13:09+00:00;482;83;9,6;16,5;62,226;GOOD;Moderate;GOOD;1
2023-01-18T02:14:12+00:00;481;83;8,5;16,6;62,227;GOOD;Moderate;GOOD;1
2023-01-18T02:15:15+00:00;477;83;11;16,5;62,228;GOOD;Moderate;GOOD;1
2023-01-18T02:16:17+00:00;483;83;11;16,5;62,229;GOOD;Moderate;GOOD;1
2023-01-18T02:17:20+00:00;450;80;9,1;16,5;62,23;GOOD;Moderate;GOOD;1
2023-01-18T02:18:23+00:00;476;80;7,6;16,5;62,231;GOOD;Moderate;GOOD;1
2023-01-18T02:19:25+00:00;477;80;8,6;16,5;62,232;GOOD;Moderate;GOOD;1
2023-01-18T02:20:28+00:00;459;80;9,4;16,5;62,233;GOOD;Moderate;GOOD;1
2023-01-18T02:21:31+00:00;474;80;9,3;16,5;62,234;GOOD;Moderate;GOOD;1
2023-01-18T02:22:34+00:00;470;80;7,8;16,5;62,235;GOOD;Moderate;GOOD;1
2023-01-18T02:23:36+00:00;459;80;9,1;16,5;62,236;GOOD;Moderate;GOOD;1
2023-01-18T02:24:39+00:00;483;80;8,1;16,5;62,237;GOOD;Moderate;GOOD;1
2023-01-18T02:25:42+00:00;484;80;7;16,5;62,238;GOOD;Moderate;GOOD;1
2023-01-18T02:26:45+00:00;484;80;7;16,4;62,239;GOOD;Moderate;GOOD;1
2023-01-18T02:27:47+00:00;484;80;9,8;16,4;62,24;GOOD;Moderate;GOOD;1
2023-01-18T02:28:50+00:00;484;80;7,1;16,5;62,241;GOOD;Moderate;GOOD;1
2023-01-18T02:29:53+00:00;489;80;6,3;16,5;62,242;GOOD;Moderate;GOOD;1
2023-01-18T02:30:56+00:00;483;80;7,4;16,4;62,243;GOOD;Moderate;GOOD;1
2023-01-18T02:31:59+00:00;483;82;6,7;16,5;62,244;GOOD;Moderate;GOOD;1
2023-01-18T02:33:01+00:00;490;82;8,6;16,5;62,245;GOOD;Moderate;GOOD;1
2023-01-18T02:34:04+00:00;484;82;7,1;16,5;62,246;GOOD;Moderate;GOOD;1
2023-01-18T02:35:07+00:00;489;82;6,1;16,5;62,247;GOOD;Moderate;GOOD;1
2023-01-18T02:36:10+00:00;483;82;4,3;16,5;62,248;GOOD;Moderate;GOOD;1
2023-01-18T02:37:13+00:00;483;80;7,3;16,5;62,249;GOOD;Moderate;GOOD;1
2023-01-18T02:38:15+00:00;488;80;6,6;16,5;62,25;GOOD;Moderate;GOOD;1
2023-01-18T02:39:18+00:00;483;80;6;16,5;62,251;GOOD;Moderate;GOOD;1
2023-01-18T02:40:21+00:00;482;80;5,5;16,5;62,252;GOOD;Moderate;GOOD;1
2023-01-18T02:41:23+00:00;482;80;7,1;16,6;62,253;GOOD;Moderate;GOOD;1
2023-01-18T02:42:26+00:00;482;80;6,3;16,5;62,254;GOOD;Moderate;GOOD;1
2023-01-18T02:43:29+00:00;482;80;5,8;16,6;62,255;GOOD;Moderate;GOOD;1
2023-01-18T02:44:32+00:00;483;80;7,3;16,6;62,256;GOOD;Moderate;GOOD;1
2023-01-18T02:45:35+00:00;482;80;5,2;16,6;62,257;GOOD;Moderate;GOOD;1
2023-01-18T02:46:38+00:00;483;80;7,6;16,5;62,258;GOOD;Moderate;GOOD;1
2023-01-18T02:47:41+00:00;482;80;7,1;16,5;62,259;GOOD;Moderate;GOOD;1
2023-01-18T02:48:43+00:00;482;80;6,3;16,5;62,26;GOOD;Moderate;GOOD;1
2023-01-18T02:49:46+00:00;481;88,7;7,1;16,5;62,261;GOOD;Moderate;GOOD;1
2023-01-18T02:50:49+00:00;481;88,7;7,1;16,5;62,262;GOOD;Moderate;GOOD;1
2023-01-18T02:51:52+00:00;480;88,7;7,1;16,5;62,263;GOOD;Moderate;GOOD;1
2023-01-18T02:52:54+00:00;486;88,7;6,2;16,5;62,264;GOOD;Moderate;GOOD;1
2023-01-18T02:53:57+00:00;481;88,7;5,8;16,5;62,265;GOOD;Moderate;GOOD;1
2023-01-18T02:55:00+00:00;481;80;4,2;16,4;62,266;GOOD;Moderate;GOOD;1
2023-01-18T02:56:03+00:00;486;80;6,4;16,4;62,267;GOOD;Moderate;GOOD;1
2023-01-18T02:57:06+00:00;480;80;4,8;16,4;62,268;GOOD;Moderate;GOOD;1
2023-01-18T02:58:09+00:00;481;80;5,6;16,4;62,269;GOOD;Moderate;GOOD;1
2023-01-18T02:59:12+00:00;481;80;5,3;16,4;62,27;GOOD;Moderate;GOOD;1
2023-01-18T03:00:15+00:00;487;80;8,5;16,4;62,271;GOOD;Moderate;GOOD;1
2023-01-18T03:01:17+00:00;481;80;4,5;16,5;62,272;GOOD;Moderate;GOOD;1
2023-01-18T03:02:20+00:00;487;80;4,2;16,5;62,273;GOOD;Moderate;GOOD;1
2023-01-18T03:03:23+00:00;481;80;3,8;16,5;62,274;GOOD;Moderate;GOOD;1
2023-01-18T03:04:26+00:00;486;80;6,1;16,5;62,275;GOOD;Moderate;GOOD;1
2023-01-18T03:05:29+00:00;487;80;5,7;16,5;62,276;GOOD;Moderate;GOOD;1
2023-01-18T03:06:32+00:00;480;50;3,5;16,6;62,277;GOOD;GOOD;GOOD;0
2023-01-18T03:07:34+00:00;481;40;4;16,6;62,278;GOOD;GOOD;GOOD;0
2023-01-18T03:08:37+00:00;481;11,3;7,4;16,5;62,279;GOOD;GOOD;GOOD;0
2023-01-18T03:09:40+00:00;481;5;5,6;16,5;62,28;GOOD;GOOD;GOOD;0
2023-01-18T03:10:43+00:00;480;1,1;4,9;16,5;62,281;GOOD;GOOD;GOOD;0
2023-01-18T03:11:46+00:00;481;1,5;4,8;16,5;62,282;GOOD;GOOD;GOOD;0
2023-01-18T03:12:49+00:00;480;1,4;5,4;16,5;62,283;GOOD;GOOD;GOOD;0
2023-01-18T03:13:51+00:00;480;1,5;4,9;16,5;62,284;GOOD;GOOD;GOOD;0
2023-01-18T03:14:54+00:00;486;1,1;5,3;16,5;62,285;GOOD;GOOD;GOOD;0
2023-01-18T03:15:57+00:00;480;1,2;5,9;16,5;62,286;GOOD;GOOD;GOOD;0
2023-01-18T03:17:00+00:00;480;1,1;4,7;16,5;62,287;GOOD;GOOD;GOOD;0
2023-01-18T03:18:03+00:00;480;1,1;5,7;16,4;62,288;GOOD;GOOD;GOOD;0
2023-01-18T03:19:06+00:00;480;0,9;3,3;16,4;62,289;GOOD;GOOD;GOOD;0
2023-01-18T03:20:09+00:00;480;1,4;7,2;16,4;62,29;GOOD;GOOD;GOOD;0
2023-01-18T03:21:12+00:00;478;1;2,8;16,4;62,291;GOOD;GOOD;GOOD;0
2023-01-18T03:22:15+00:00;478;1;4,3;16,4;62,292;GOOD;GOOD;GOOD;0
2023-01-18T03:23:17+00:00;478;1;5,3;16,4;62,293;GOOD;GOOD;GOOD;0
2023-01-18T03:24:20+00:00;478;1,2;7,4;16,4;62,294;GOOD;GOOD;GOOD;0
2023-01-18T03:25:23+00:00;480;1,1;3,6;16,4;62,295;GOOD;GOOD;GOOD;0
2023-01-18T03:26:26+00:00;484;1,1;7,2;16,4;62,296;GOOD;GOOD;GOOD;0
2023-01-18T03:27:29+00:00;478;1,1;4;16,4;62,297;GOOD;GOOD;GOOD;0
2023-01-18T03:28:31+00:00;477;1,2;5,6;16,4;62,298;GOOD;GOOD;GOOD;0
2023-01-18T03:29:34+00:00;485;1,1;4,7;16,4;62,299;GOOD;GOOD;GOOD;0
2023-01-18T03:30:38+00:00;478;0,8;4,2;16,4;62,3;GOOD;GOOD;GOOD;0
2023-01-18T03:31:41+00:00;477;1,2;6,3;16,4;62,301;GOOD;GOOD;GOOD;0
2023-01-18T03:32:43+00:00;484;1,1;5;16,4;62,302;GOOD;GOOD;GOOD;0
2023-01-18T03:33:46+00:00;477;0,9;4,4;16,4;62,303;GOOD;GOOD;GOOD;0
2023-01-18T03:34:49+00:00;478;1,2;4,3;16,4;62,304;GOOD;GOOD;GOOD;0
2023-01-18T03:35:52+00:00;477;1,1;2,6;16,3;62,305;GOOD;GOOD;GOOD;0
2023-01-18T03:36:54+00:00;476;1,2;5,5;16,3;62,306;GOOD;GOOD;GOOD;0
2023-01-18T03:37:57+00:00;475;0,8;3,9;16,3;62,307;GOOD;GOOD;GOOD;0
2023-01-18T03:39:00+00:00;477;1,1;4,3;16,3;62,308;GOOD;GOOD;GOOD;0
2023-01-18T03:40:03+00:00;475;1,1;4,6;16,3;62,309;GOOD;GOOD;GOOD;0
2023-01-18T03:41:06+00:00;476;0,9;5;16,3;62,31;GOOD;GOOD;GOOD;0
2023-01-18T03:42:09+00:00;483;1,6;5,8;16,3;62,311;GOOD;GOOD;GOOD;0
2023-01-18T03:43:14+00:00;482;1,1;4,3;16,3;62,312;GOOD;GOOD;GOOD;0
2023-01-18T03:44:14+00:00;475;0,9;5,7;16,3;62,313;GOOD;GOOD;GOOD;0
2023-01-18T03:45:17+00:00;482;1,1;6,5;16,3;62,314;GOOD;GOOD;GOOD;0
2023-01-18T03:46:20+00:00;475;1,1;4,4;16,3;62,315;GOOD;GOOD;GOOD;0
2023-01-18T03:47:23+00:00;476;1,1;5;16,2;62,316;GOOD;GOOD;GOOD;0
2023-01-18T03:48:26+00:00;475;0,9;5,5;16,2;62,317;GOOD;GOOD;GOOD;0
2023-01-18T03:49:29+00:00;474;1,4;6,5;16,2;62,318;GOOD;GOOD;GOOD;0
2023-01-18T03:50:32+00:00;474;1,1;4,9;16,2;62,319;GOOD;GOOD;GOOD;0
2023-01-18T03:51:35+00:00;481;1,1;4;16,2;62,32;GOOD;GOOD;GOOD;0
2023-01-18T03:52:37+00:00;474;1;7;16,2;62,321;GOOD;GOOD;GOOD;0
2023-01-18T03:53:40+00:00;474;0,9;3,5;16,3;62,322;GOOD;GOOD;GOOD;0
2023-01-18T03:54:43+00:00;474;1,2;5,4;16,2;62,323;GOOD;GOOD;GOOD;0
2023-01-18T03:55:46+00:00;474;1,2;7,3;16,2;62,324;GOOD;GOOD;GOOD;0
2023-01-18T03:56:49+00:00;481;1;4,1;16,2;62,325;GOOD;GOOD;GOOD;0
2023-01-18T03:57:51+00:00;473;1;7,5;16,2;62,326;GOOD;GOOD;GOOD;0
2023-01-18T03:58:54+00:00;473;1;4,6;16,2;62,327;GOOD;GOOD;GOOD;0
2023-01-18T03:59:57+00:00;473;0,8;4;16,1;62,328;GOOD;GOOD;GOOD;0
2023-01-18T04:01:00+00:00;473;1;5,3;16,1;62,329;GOOD;GOOD;GOOD;0
2023-01-18T04:02:03+00:00;480;1,1;7;16;62,33;GOOD;GOOD;GOOD;0
2023-01-18T04:03:06+00:00;472;0,9;3,2;16;62,331;GOOD;GOOD;GOOD;0
2023-01-18T04:04:09+00:00;472;1,1;6,1;16;62,332;GOOD;GOOD;GOOD;0
2023-01-18T04:05:12+00:00;478;1;5,5;16;62,333;GOOD;GOOD;GOOD;0
2023-01-18T04:06:14+00:00;472;1,2;6,2;16,1;62,334;GOOD;GOOD;GOOD;0
2023-01-18T04:07:17+00:00;472;0,9;4,2;16;62,335;GOOD;GOOD;GOOD;0
2023-01-18T04:08:20+00:00;478;1;5,6;16,1;62,336;GOOD;GOOD;GOOD;0
2023-01-18T04:09:23+00:00;472;1,1;7,1;16,1;62,337;GOOD;GOOD;GOOD;0
2023-01-18T04:10:25+00:00;472;2,3;18,8;16,1;62,338;GOOD;GOOD;GOOD;0
2023-01-18T04:11:28+00:00;478;7,3;20,9;16,1;62,339;GOOD;GOOD;GOOD;0
2023-01-18T04:12:31+00:00;472;13,9;19,6;16,2;62,34;GOOD;GOOD;GOOD;0
2023-01-18T04:13:34+00:00;477;4,6;9;16,2;62,341;GOOD;GOOD;GOOD;0
2023-01-18T04:14:37+00:00;471;4,4;8,6;16,3;62,342;GOOD;GOOD;GOOD;0
2023-01-18T04:15:39+00:00;471;3,9;5,9;16,3;62,343;GOOD;GOOD;GOOD;0
2023-01-18T04:16:42+00:00;471;5,9;10,3;16,3;62,344;GOOD;GOOD;GOOD;0
2023-01-18T04:17:48+00:00;471;4,5;10,6;16,3;62,345;GOOD;GOOD;GOOD;0
2023-01-18T04:18:48+00:00;470;4,7;10,6;16,4;62,346;GOOD;GOOD;GOOD;0
2023-01-18T04:19:51+00:00;470;5;12;16,4;62,347;GOOD;GOOD;GOOD;0
2023-01-18T04:20:54+00:00;471;4,6;11,8;16,5;62,348;GOOD;GOOD;GOOD;0
2023-01-18T04:21:56+00:00;471;4,6;9,4;16,5;62,349;GOOD;GOOD;GOOD;0
2023-01-18T04:22:59+00:00;470;4,9;10,1;16,5;62,35;GOOD;GOOD;GOOD;0
2023-01-18T04:24:02+00:00;471;4,8;10,4;16,5;62,351;GOOD;GOOD;GOOD;0
2023-01-18T04:25:05+00:00;471;5,2;13,1;16,5;62,352;GOOD;GOOD;GOOD;0
2023-01-18T04:26:08+00:00;470;5,4;13,6;16,5;62,353;GOOD;GOOD;GOOD;0
2023-01-18T04:27:10+00:00;471;5,1;8,4;16,5;62,354;GOOD;GOOD;GOOD;0
2023-01-18T04:28:13+00:00;471;5,1;12,6;16,5;62,355;GOOD;GOOD;GOOD;0
2023-01-18T04:29:16+00:00;471;5;15,6;16,5;62,356;GOOD;GOOD;GOOD;0
2023-01-18T04:30:19+00:00;470;4,5;12;16,5;62,357;GOOD;GOOD;GOOD;0
2023-01-18T04:31:22+00:00;470;5,7;12,4;16,5;62,358;GOOD;GOOD;GOOD;0
2023-01-18T04:32:25+00:00;475;4,9;19,1;16,5;62,359;GOOD;GOOD;GOOD;0
2023-01-18T04:33:28+00:00;470;9,1;18,8;16,6;62,36;GOOD;GOOD;GOOD;0
2023-01-18T04:34:30+00:00;469;6,8;24,9;16,6;62,361;GOOD;GOOD;GOOD;0
2023-01-18T04:35:33+00:00;469;6,3;20,8;16,6;62,362;GOOD;GOOD;GOOD;0
2023-01-18T04:36:36+00:00;469;8,1;22,8;16,6;62,363;GOOD;GOOD;GOOD;0
2023-01-18T04:37:38+00:00;469;8,8;23;16,6;62,364;GOOD;GOOD;GOOD;0
2023-01-18T04:38:41+00:00;475;6,9;23,2;16,6;62,365;GOOD;GOOD;GOOD;0
2023-01-18T04:39:44+00:00;469;5,8;16,4;16,6;62,366;GOOD;GOOD;GOOD;0
2023-01-18T04:40:47+00:00;474;5,1;16,3;16,6;62,367;GOOD;GOOD;GOOD;0
2023-01-18T04:41:50+00:00;469;6,3;14,5;16,6;62,368;GOOD;GOOD;GOOD;0
2023-01-18T04:42:53+00:00;469;5,1;16,3;16,5;62,369;GOOD;GOOD;GOOD;0
2023-01-18T04:43:56+00:00;474;6,9;17,8;16,6;62,37;GOOD;GOOD;GOOD;0
2023-01-18T04:44:58+00:00;469;5,5;16,4;16,6;62,371;GOOD;GOOD;GOOD;0
2023-01-18T04:46:01+00:00;474;5,3;14,3;16,5;62,372;GOOD;GOOD;GOOD;0
2023-01-18T04:47:04+00:00;474;6,9;16,9;16,5;62,373;GOOD;GOOD;GOOD;0
2023-01-18T04:48:07+00:00;468;4,6;15;16,5;62,374;GOOD;GOOD;GOOD;0
2023-01-18T04:49:10+00:00;466;3,9;9,6;16,5;62,375;GOOD;GOOD;GOOD;0
2023-01-18T04:50:13+00:00;466;4,2;10,5;16,4;62,376;GOOD;GOOD;GOOD;0
2023-01-18T04:51:16+00:00;468;3,9;11,2;16,3;62,377;GOOD;GOOD;GOOD;0
2023-01-18T04:52:19+00:00;466;4,3;10,5;16,3;62,378;GOOD;GOOD;GOOD;0
2023-01-18T04:53:22+00:00;466;4,2;11,3;16,3;62,379;GOOD;GOOD;GOOD;0
2023-01-18T04:54:25+00:00;468;3,9;11,2;16,3;62,38;GOOD;GOOD;GOOD;0
2023-01-18T04:55:28+00:00;468;3,9;10,8;16,2;62,381;GOOD;GOOD;GOOD;0
2023-01-18T04:56:31+00:00;472;3,4;9,1;16,2;62,382;GOOD;GOOD;GOOD;0
2023-01-18T04:57:33+00:00;473;4,2;12,2;16,2;62,383;GOOD;GOOD;GOOD;0
2023-01-18T04:58:36+00:00;473;4,1;12,6;16,2;62,384;GOOD;GOOD;GOOD;0
2023-01-18T04:59:39+00:00;466;4,1;13,9;16,2;62,385;GOOD;GOOD;GOOD;0
2023-01-18T05:00:42+00:00;472;4,2;10,2;16,2;62,386;GOOD;GOOD;GOOD;0
2023-01-18T05:01:45+00:00;465;3,8;7,6;16,2;62,387;GOOD;GOOD;GOOD;0
2023-01-18T05:02:48+00:00;465;4,2;11,8;16,2;62,388;GOOD;GOOD;GOOD;0
2023-01-18T05:03:50+00:00;465;4;15;16,2;62,389;GOOD;GOOD;GOOD;0
2023-01-18T05:04:53+00:00;466;3,4;9,6;16,3;62,39;GOOD;GOOD;GOOD;0
2023-01-18T05:05:56+00:00;465;3,6;11,5;16,3;62,391;GOOD;GOOD;GOOD;0
2023-01-18T05:06:59+00:00;465;3,2;11;16,2;62,392;GOOD;GOOD;GOOD;0
2023-01-18T05:08:02+00:00;464;3,3;13,3;16,2;62,393;GOOD;GOOD;GOOD;0
2023-01-18T05:09:05+00:00;466;3,4;11,1;16,2;62,394;GOOD;GOOD;GOOD;0
2023-01-18T05:10:07+00:00;464;2,9;9,6;16,2;62,395;GOOD;GOOD;GOOD;0
2023-01-18T05:11:10+00:00;465;2,9;12,1;16,2;62,396;GOOD;GOOD;GOOD;0
2023-01-18T05:12:13+00:00;465;3,3;9,6;16,2;62,397;GOOD;GOOD;GOOD;0
2023-01-18T05:13:16+00:00;465;3,2;13,4;16,2;62,398;GOOD;GOOD;GOOD;0
2023-01-18T05:14:19+00:00;471;2,6;10,5;16,2;62,399;GOOD;GOOD;GOOD;0
2023-01-18T05:15:22+00:00;464;3,3;10;16,2;62,4;GOOD;GOOD;GOOD;0
2023-01-18T05:16:25+00:00;464;2,8;10,9;16,2;62,401;GOOD;GOOD;GOOD;0
2023-01-18T05:17:28+00:00;470;3,1;9,3;16,2;62,402;GOOD;GOOD;GOOD;0
2023-01-18T05:18:30+00:00;463;3,1;11,9;16,2;62,403;GOOD;GOOD;GOOD;0
2023-01-18T05:19:33+00:00;464;2,4;8,3;16,2;62,404;GOOD;GOOD;GOOD;0
2023-01-18T05:20:36+00:00;463;3;12,1;16,2;62,405;GOOD;GOOD;GOOD;0
2023-01-18T05:21:39+00:00;471;2,6;10,5;16,2;62,406;GOOD;GOOD;GOOD;0
2023-01-18T05:22:42+00:00;470;3,1;11,6;16,1;62,407;GOOD;GOOD;GOOD;0
2023-01-18T05:23:45+00:00;470;2,8;9,7;16,1;62,408;GOOD;GOOD;GOOD;0
2023-01-18T05:24:48+00:00;463;2,9;11,1;16,2;62,409;GOOD;GOOD;GOOD;0
2023-01-18T05:25:50+00:00;463;2,7;9,3;16,2;62,41;GOOD;GOOD;GOOD;0
2023-01-18T05:26:53+00:00;470;2,2;8,7;16,2;62,411;GOOD;GOOD;GOOD;0
2023-01-18T05:27:56+00:00;470;2,5;8,4;16,2;62,412;GOOD;GOOD;GOOD;0
2023-01-18T05:28:59+00:00;463;2,5;11,1;16,2;62,413;GOOD;GOOD;GOOD;0
2023-01-18T05:30:02+00:00;463;2,5;10,3;16,2;62,414;GOOD;GOOD;GOOD;0
2023-01-18T05:31:05+00:00;463;2,2;7,9;16,2;62,415;GOOD;GOOD;GOOD;0
2023-01-18T05:32:08+00:00;462;2,3;7,3;16,2;62,416;GOOD;GOOD;GOOD;0
2023-01-18T05:33:10+00:00;470;2,3;9,5;16,2;62,417;GOOD;GOOD;GOOD;0
2023-01-18T05:34:13+00:00;463;2,1;10,6;16,2;62,418;GOOD;GOOD;GOOD;0
2023-01-18T05:35:16+00:00;462;2,1;9,5;16,1;62,419;GOOD;GOOD;GOOD;0
2023-01-18T05:36:19+00:00;463;2,3;7,8;16,1;62,42;GOOD;GOOD;GOOD;0
2023-01-18T05:37:22+00:00;463;2,2;7,3;16,1;62,421;GOOD;GOOD;GOOD;0
2023-01-18T05:38:25+00:00;463;2,3;6,8;16,1;62,422;GOOD;GOOD;GOOD;0
2023-01-18T05:39:28+00:00;463;2;12,8;16,2;62,423;GOOD;GOOD;GOOD;0
2023-01-18T05:40:30+00:00;463;2,2;9,1;16,2;62,424;GOOD;GOOD;GOOD;0
2023-01-18T05:41:33+00:00;470;2,3;9,9;16,1;62,425;GOOD;GOOD;GOOD;0
2023-01-18T05:42:36+00:00;469;2,2;10,3;16,1;62,426;GOOD;GOOD;GOOD;0
2023-01-18T05:43:39+00:00;469;2,3;10,3;16,1;62,427;GOOD;GOOD;GOOD;0
2023-01-18T05:44:42+00:00;462;1,8;7,7;16,1;62,428;GOOD;GOOD;GOOD;0
2023-01-18T05:45:45+00:00;462;2,4;13,5;16,1;62,429;GOOD;GOOD;GOOD;0
2023-01-18T05:46:47+00:00;462;2,3;9,9;16,1;62,43;GOOD;GOOD;GOOD;0
2023-01-18T05:47:50+00:00;462;1,9;11,3;16,1;62,431;GOOD;GOOD;GOOD;0
2023-01-18T05:48:53+00:00;462;2,2;12,1;16,1;62,432;GOOD;GOOD;GOOD;0
2023-01-18T05:49:56+00:00;462;1,9;8,1;16,1;62,433;GOOD;GOOD;GOOD;0
2023-01-18T05:50:59+00:00;462;1,9;8;16,1;62,434;GOOD;GOOD;GOOD;0
2023-01-18T05:52:02+00:00;469;2,4;11,5;16,2;62,435;GOOD;GOOD;GOOD;0
2023-01-18T05:53:05+00:00;462;2,2;8,2;16,2;62,436;GOOD;GOOD;GOOD;0
2023-01-18T05:54:07+00:00;462;2,6;11,6;16,2;62,437;GOOD;GOOD;GOOD;0
2023-01-18T05:55:10+00:00;461;2,1;11;16,2;62,438;GOOD;GOOD;GOOD;0
2023-01-18T05:56:13+00:00;468;2,3;8,9;16,2;62,439;GOOD;GOOD;GOOD;0
2023-01-18T05:57:16+00:00;468;2,7;11,4;16,2;62,44;GOOD;GOOD;GOOD;0
2023-01-18T05:58:19+00:00;468;2,4;13,1;16,2;62,441;GOOD;GOOD;GOOD;0
2023-01-18T05:59:22+00:00;466;2,4;15,8;16,2;62,442;GOOD;GOOD;GOOD;0
2023-01-18T06:00:25+00:00;466;2,4;11,2;16,2;62,443;GOOD;GOOD;GOOD;0
2023-01-18T06:01:27+00:00;460;2,5;12,4;16,2;62,444;GOOD;GOOD;GOOD;0
2023-01-18T06:02:30+00:00;465;2,3;10,9;16,2;62,445;GOOD;GOOD;GOOD;0
2023-01-18T06:03:33+00:00;465;2,5;11,3;16,2;62,446;GOOD;GOOD;GOOD;0
2023-01-18T06:04:36+00:00;460;2,2;9,4;16,2;62,447;GOOD;GOOD;GOOD;0
2023-01-18T06:05:39+00:00;460;2,3;10,3;16,2;62,448;GOOD;GOOD;GOOD;0
2023-01-18T06:06:42+00:00;459;2,4;15,2;16,2;62,449;GOOD;GOOD;GOOD;0
2023-01-18T06:07:45+00:00;459;2,3;12,2;16,2;62,45;GOOD;GOOD;GOOD;0
2023-01-18T06:08:47+00:00;459;2,6;12;16,3;62,451;GOOD;GOOD;GOOD;0
2023-01-18T06:09:50+00:00;465;2,3;13,8;16,3;62,452;GOOD;GOOD;GOOD;0
2023-01-18T06:10:53+00:00;464;2,6;14,6;16,3;62,453;GOOD;GOOD;GOOD;0
2023-01-18T06:11:56+00:00;458;2,2;12,4;16,3;62,454;GOOD;GOOD;GOOD;0
2023-01-18T06:12:59+00:00;464;2,2;9,7;16,3;62,455;GOOD;GOOD;GOOD;0
2023-01-18T06:14:02+00:00;463;2,4;13,5;16,3;62,456;GOOD;GOOD;GOOD;0
2023-01-18T06:15:05+00:00;463;2,1;8,1;16,3;62,457;GOOD;GOOD;GOOD;0
2023-01-18T06:16:08+00:00;457;2,2;10,6;16,3;62,458;GOOD;GOOD;GOOD;0
2023-01-18T06:17:10+00:00;457;2;9,3;16,3;62,459;GOOD;GOOD;GOOD;0
2023-01-18T06:18:13+00:00;456;2;9,6;16,4;62,46;GOOD;GOOD;GOOD;0
2023-01-18T06:19:16+00:00;456;2,4;10,8;16,4;62,461;GOOD;GOOD;GOOD;0
2023-01-18T06:20:19+00:00;456;2,4;11,9;16,4;62,462;GOOD;GOOD;GOOD;0
2023-01-18T06:21:22+00:00;456;2,3;10,6;16,4;62,463;GOOD;GOOD;GOOD;0
2023-01-18T06:22:25+00:00;456;2,1;11,6;16,4;62,464;GOOD;GOOD;GOOD;0
2023-01-18T06:23:27+00:00;456;2,4;14,7;16,4;62,465;GOOD;GOOD;GOOD;0
2023-01-18T06:24:30+00:00;454;1,8;8,4;16,4;62,466;GOOD;GOOD;GOOD;0
2023-01-18T06:25:33+00:00;454;2,6;10,3;16,4;62,467;GOOD;GOOD;GOOD;0
2023-01-18T06:26:36+00:00;454;2,2;10,1;16,4;62,468;GOOD;GOOD;GOOD;0
2023-01-18T06:27:39+00:00;461;2;11,4;16,4;62,469;GOOD;GOOD;GOOD;0
2023-01-18T06:28:42+00:00;454;2,1;8,4;16,4;62,47;GOOD;GOOD;GOOD;0
2023-01-18T06:29:45+00:00;454;1,8;8,6;16,4;62,471;GOOD;GOOD;GOOD;0
2023-01-18T06:30:47+00:00;461;2,3;11,3;16,4;62,472;GOOD;GOOD;GOOD;0
2023-01-18T06:31:50+00:00;454;2;13,7;16,4;62,473;GOOD;GOOD;GOOD;0
2023-01-18T06:32:53+00:00;454;2,2;10,7;16,4;62,474;GOOD;GOOD;GOOD;0
2023-01-18T06:33:56+00:00;454;1,9;7,7;16,4;62,475;GOOD;GOOD;GOOD;0
2023-01-18T06:34:59+00:00;454;1,9;11;16,5;62,476;GOOD;GOOD;GOOD;0
2023-01-18T06:36:02+00:00;453;2;11,8;16,5;62,477;GOOD;GOOD;GOOD;0
2023-01-18T06:37:05+00:00;453;4,3;33;16,6;62,478;GOOD;GOOD;GOOD;0
2023-01-18T06:38:07+00:00;453;3,4;31;16,6;62,479;GOOD;GOOD;GOOD;0
2023-01-18T06:39:10+00:00;453;3,6;32,8;16,6;62,48;GOOD;GOOD;GOOD;0
2023-01-18T06:40:13+00:00;460;2,9;23,7;16,6;62,481;GOOD;GOOD;GOOD;0
2023-01-18T06:41:16+00:00;452;2,9;21;16,6;62,482;GOOD;GOOD;GOOD;0
2023-01-18T06:42:19+00:00;452;2,8;15,2;16,6;62,483;GOOD;GOOD;GOOD;0
2023-01-18T06:43:22+00:00;453;2,6;16,2;16,6;62,484;GOOD;GOOD;GOOD;0
2023-01-18T06:44:25+00:00;453;3,1;18,7;16,6;62,485;GOOD;GOOD;GOOD;0
2023-01-18T06:45:28+00:00;453;2,5;20,7;16,6;62,486;GOOD;GOOD;GOOD;0
2023-01-18T06:46:30+00:00;452;2,4;13,5;16,6;62,487;GOOD;GOOD;GOOD;0
2023-01-18T06:47:33+00:00;452;2,4;14,6;16,7;62,488;GOOD;GOOD;GOOD;0
2023-01-18T06:48:36+00:00;452;2,9;15,4;16,6;62,489;GOOD;GOOD;GOOD;0
2023-01-18T06:49:39+00:00;452;2,5;14,8;16,6;62,49;GOOD;GOOD;GOOD;0
2023-01-18T06:50:42+00:00;451;2,5;18,9;16,6;62,491;GOOD;GOOD;GOOD;0
2023-01-18T06:51:45+00:00;459;3,1;20,3;16,6;62,492;GOOD;GOOD;GOOD;0
2023-01-18T06:52:48+00:00;458;2,1;13,8;16,6;62,493;GOOD;GOOD;GOOD;0
2023-01-18T06:53:50+00:00;452;2,3;16,9;16,7;62,494;GOOD;GOOD;GOOD;0
2023-01-18T06:54:53+00:00;451;2,4;14,7;16,7;62,495;GOOD;GOOD;GOOD;0
2023-01-18T06:55:56+00:00;458;2,6;15,9;16,6;62,496;GOOD;GOOD;GOOD;0
2023-01-18T06:56:59+00:00;451;2,6;16;16,7;62,497;GOOD;GOOD;GOOD;0
2023-01-18T06:58:02+00:00;451;2,7;15,8;16,7;62,498;GOOD;GOOD;GOOD;0
2023-01-18T06:59:05+00:00;451;2,3;15,8;16,7;62,499;GOOD;GOOD;GOOD;0
2023-01-18T07:00:07+00:00;451;2,5;10,5;16,7;62,5;GOOD;GOOD;GOOD;0
2023-01-18T07:01:10+00:00;451;2,3;16,7;16,7;62,501;GOOD;GOOD;GOOD;0
2023-01-18T07:02:13+00:00;457;5,6;20,8;16,7;62,502;GOOD;GOOD;GOOD;0
2023-01-18T07:03:16+00:00;450;23,4;34,6;16,7;62,503;GOOD;GOOD;GOOD;0
2023-01-18T07:04:18+00:00;450;32,8;69,8;16,7;62,504;GOOD;GOOD;GOOD;0
2023-01-18T07:05:21+00:00;451;25,6;52,8;16,6;62,505;GOOD;GOOD;GOOD;0
2023-01-18T07:06:24+00:00;450;26,6;42,9;16,6;62,506;GOOD;GOOD;GOOD;0
2023-01-18T07:07:27+00:00;457;20,6;33,4;16,6;62,507;GOOD;GOOD;GOOD;0
2023-01-18T07:08:29+00:00;451;20,3;36,9;16,6;62,508;GOOD;GOOD;GOOD;0
2023-01-18T07:09:32+00:00;451;12,8;29,5;16,7;62,509;GOOD;GOOD;GOOD;0
2023-01-18T07:10:35+00:00;451;12,3;25,9;16,7;62,51;GOOD;GOOD;GOOD;0
2023-01-18T07:11:38+00:00;451;11,4;25,1;16,8;62,511;GOOD;GOOD;GOOD;0
2023-01-18T07:12:41+00:00;457;10,5;22,3;16,8;62,512;GOOD;GOOD;GOOD;0
2023-01-18T07:13:44+00:00;451;40,9;214,9;16,8;62,513;GOOD;GOOD;Moderate;1
2023-01-18T07:14:46+00:00;450;13,3;67,6;16,9;62,514;GOOD;GOOD;GOOD;0
2023-01-18T07:15:49+00:00;461;11,5;51,4;16,8;62,515;GOOD;GOOD;GOOD;0
2023-01-18T07:16:52+00:00;447;14,5;72,3;16,7;62,516;GOOD;GOOD;GOOD;0
2023-01-18T07:17:55+00:00;463;14,2;72,4;16,7;62,517;GOOD;GOOD;GOOD;0
2023-01-18T07:18:58+00:00;459;12,1;55,3;16,7;62,518;GOOD;GOOD;GOOD;0
2023-01-18T07:20:01+00:00;458;12;52;16,7;62,519;GOOD;GOOD;GOOD;0
2023-01-18T07:21:04+00:00;465;10,8;50,2;16,7;62,52;GOOD;GOOD;GOOD;0
2023-01-18T07:22:06+00:00;460;9,6;39,8;16,7;62,521;GOOD;GOOD;GOOD;0
2023-01-18T07:23:09+00:00;461;9,4;45,7;16,7;62,522;GOOD;GOOD;GOOD;0
2023-01-18T07:24:12+00:00;461;10,1;56,2;16,6;62,523;GOOD;GOOD;GOOD;0
2023-01-18T07:25:15+00:00;468;8,8;34,4;16,6;62,524;GOOD;GOOD;GOOD;0
2023-01-18T07:26:18+00:00;461;8,8;43,4;16,7;62,525;GOOD;GOOD;GOOD;0
2023-01-18T07:27:21+00:00;461;7,8;42,1;16,6;62,526;GOOD;GOOD;GOOD;0
2023-01-18T07:28:23+00:00;468;8,3;37,8;16,6;62,527;GOOD;GOOD;GOOD;0
2023-01-18T07:29:26+00:00;462;7,4;31,1;16,6;62,528;GOOD;GOOD;GOOD;0
2023-01-18T07:30:29+00:00;462;7,2;35,2;16,6;62,529;GOOD;GOOD;GOOD;0
2023-01-18T07:31:32+00:00;461;3,8;17,9;16,6;62,53;GOOD;GOOD;GOOD;0
2023-01-18T07:32:35+00:00;468;5,2;29,8;16;62,531;GOOD;GOOD;GOOD;0
2023-01-18T07:33:37+00:00;461;5,1;24,6;16;62,532;GOOD;GOOD;GOOD;0
2023-01-18T07:34:40+00:00;461;5,1;24,6;16,1;62,533;GOOD;GOOD;GOOD;0
2023-01-18T07:35:43+00:00;462;6;27,6;16,2;62,534;GOOD;GOOD;GOOD;0
2023-01-18T07:36:46+00:00;461;4,9;20,4;16,2;62,535;GOOD;GOOD;GOOD;0
2023-01-18T07:37:49+00:00;469;4,8;19;16,3;62,536;GOOD;GOOD;GOOD;0
2023-01-18T07:38:51+00:00;469;4,3;15,1;16,4;62,537;GOOD;GOOD;GOOD;0
2023-01-18T07:39:54+00:00;462;34,1;56,7;16,6;62,538;GOOD;GOOD;GOOD;0
2023-01-18T07:40:57+00:00;462;59,3;86,3;16,3;62,539;GOOD;GOOD;GOOD;0
2023-01-18T07:42:00+00:00;462;49,7;79,8;15,9;62,54;GOOD;GOOD;GOOD;0
2023-01-18T07:43:03+00:00;468;46,5;73,2;15,6;62,541;GOOD;GOOD;GOOD;0
2023-01-18T07:44:05+00:00;461;29,9;50,9;15,7;62,542;GOOD;GOOD;GOOD;0
2023-01-18T07:45:08+00:00;468;30,4;56,4;15,8;62,543;GOOD;GOOD;GOOD;0
2023-01-18T07:46:11+00:00;461;24,1;42,2;16;62,544;GOOD;GOOD;GOOD;0
2023-01-18T07:47:14+00:00;468;20,2;35,9;16,1;62,545;GOOD;GOOD;GOOD;0
2023-01-18T07:48:17+00:00;461;12,7;27,8;16,2;62,546;GOOD;GOOD;GOOD;0
2023-01-18T07:49:20+00:00;461;12,2;24,8;16,3;62,547;GOOD;GOOD;GOOD;0
2023-01-18T07:50:22+00:00;461;22,3;39,6;16,4;62,548;GOOD;GOOD;GOOD;0
2023-01-18T07:51:25+00:00;462;18,9;32,6;16,5;62,549;GOOD;GOOD;GOOD;0
2023-01-18T07:52:28+00:00;468;11,4;24,8;16,6;62,55;GOOD;GOOD;GOOD;0
2023-01-18T07:53:31+00:00;462;12,8;24,6;16,6;62,551;GOOD;GOOD;GOOD;0
2023-01-18T07:54:34+00:00;462;13;27,2;16,7;62,552;GOOD;GOOD;GOOD;0
2023-01-18T07:55:37+00:00;462;13,4;25,7;16,7;62,553;GOOD;GOOD;GOOD;0
2023-01-18T07:56:40+00:00;462;13,1;27,2;16,8;62,554;GOOD;GOOD;GOOD;0
2023-01-18T07:57:43+00:00;462;12,1;24,4;16,8;62,555;GOOD;GOOD;GOOD;0
2023-01-18T07:58:45+00:00;468;9;21,7;16,8;62,556;GOOD;GOOD;GOOD;0
2023-01-18T07:59:48+00:00;463;8,8;20,3;16,8;62,557;GOOD;GOOD;GOOD;0
2023-01-18T08:00:51+00:00;462;11,4;24,2;16,8;62,558;GOOD;GOOD;GOOD;0
2023-01-18T08:01:54+00:00;463;8,6;18,8;16,9;62,559;GOOD;GOOD;GOOD;0
2023-01-18T08:02:57+00:00;468;9,6;24,8;16,9;62,56;GOOD;GOOD;GOOD;0
2023-01-18T08:04:00+00:00;462;8,9;18,3;16,9;62,561;GOOD;GOOD;GOOD;0
2023-01-18T08:05:02+00:00;462;7,2;17,4;16,9;62,562;GOOD;GOOD;GOOD;0
2023-01-18T08:06:05+00:00;462;8,3;17,7;16,9;62,563;GOOD;GOOD;GOOD;0
2023-01-18T08:07:08+00:00;462;6,4;12,5;16,9;62,564;GOOD;GOOD;GOOD;0
2023-01-18T08:08:11+00:00;462;6,3;14,4;16,9;62,565;GOOD;GOOD;GOOD;0
2023-01-18T08:09:13+00:00;462;6,5;14,6;16,9;62,566;GOOD;GOOD;GOOD;0
2023-01-18T08:10:16+00:00;462;6,2;13,2;16,9;62,567;GOOD;GOOD;GOOD;0
2023-01-18T08:11:19+00:00;462;6,9;14,9;16,9;62,568;GOOD;GOOD;GOOD;0
2023-01-18T08:12:22+00:00;462;7,3;14;16,9;62,569;GOOD;GOOD;GOOD;0
2023-01-18T08:13:25+00:00;462;7;14,6;16,9;62,57;GOOD;GOOD;GOOD;0
2023-01-18T08:14:27+00:00;462;5,9;15,2;16,9;62,571;GOOD;GOOD;GOOD;0
2023-01-18T08:15:30+00:00;462;5,2;14,8;16,9;62,572;GOOD;GOOD;GOOD;0
2023-01-18T08:16:33+00:00;469;4,8;16,3;16,9;62,573;GOOD;GOOD;GOOD;0
2023-01-18T08:17:36+00:00;462;4,4;10,9;16,9;62,574;GOOD;GOOD;GOOD;0
2023-01-18T08:18:38+00:00;462;4,8;14,8;16,9;62,575;GOOD;GOOD;GOOD;0
2023-01-18T08:19:41+00:00;468;4,7;11,7;16,9;62,576;GOOD;GOOD;GOOD;0
2023-01-18T08:20:45+00:00;468;4,2;9,4;16,9;62,577;GOOD;GOOD;GOOD;0
2023-01-18T08:21:48+00:00;461;3,6;10,4;16,9;62,578;GOOD;GOOD;GOOD;0
2023-01-18T08:22:51+00:00;462;3,9;10,5;16,9;62,579;GOOD;GOOD;GOOD;0
2023-01-18T08:23:54+00:00;461;3,6;8,7;16,8;62,58;GOOD;GOOD;GOOD;0
2023-01-18T08:24:57+00:00;466;4,2;10,8;16,8;62,581;GOOD;GOOD;GOOD;0
2023-01-18T08:25:59+00:00;461;4;7,1;16,9;62,582;GOOD;GOOD;GOOD;0
2023-01-18T08:27:02+00:00;461;4,5;11,4;16,9;62,583;GOOD;GOOD;GOOD;0
2023-01-18T08:28:05+00:00;461;3,5;9,7;16,9;62,584;GOOD;GOOD;GOOD;0
2023-01-18T08:29:08+00:00;461;3,3;8,3;16,9;62,585;GOOD;GOOD;GOOD;0
2023-01-18T08:30:11+00:00;461;3,4;10,5;16,9;62,586;GOOD;GOOD;GOOD;0
2023-01-18T08:31:13+00:00;461;3,1;9,4;16,8;62,587;GOOD;GOOD;GOOD;0
2023-01-18T08:32:16+00:00;461;3,6;11,2;16,8;62,588;GOOD;GOOD;GOOD;0
2023-01-18T08:33:22+00:00;468;3,4;9,6;16,9;62,589;GOOD;GOOD;GOOD;0
2023-01-18T08:34:22+00:00;466;3,1;9,8;16,9;62,59;GOOD;GOOD;GOOD;0
2023-01-18T08:35:25+00:00;461;2,7;8,8;16,9;62,591;GOOD;GOOD;GOOD;0
2023-01-18T08:36:27+00:00;461;3,1;9,4;16,9;62,592;GOOD;GOOD;GOOD;0
2023-01-18T08:37:30+00:00;461;3;10;16,9;62,593;GOOD;GOOD;GOOD;0
2023-01-18T08:38:33+00:00;461;2,7;8,6;16,9;62,594;GOOD;GOOD;GOOD;0
2023-01-18T08:39:36+00:00;461;2,6;9,3;16,9;62,595;GOOD;GOOD;GOOD;0
2023-01-18T08:40:39+00:00;461;3,4;11,1;16,9;62,596;GOOD;GOOD;GOOD;0
2023-01-18T08:41:41+00:00;462;2,7;8,2;16,9;62,597;GOOD;GOOD;GOOD;0
2023-01-18T08:42:44+00:00;460;2,7;7,7;16,9;62,598;GOOD;GOOD;GOOD;0
2023-01-18T08:43:47+00:00;466;2,7;11,1;16,9;62,599;GOOD;GOOD;GOOD;0
2023-01-18T08:44:50+00:00;460;2,1;8,3;16,8;62,6;GOOD;GOOD;GOOD;0
2023-01-18T08:45:53+00:00;459;2,9;10,3;16,8;62,601;GOOD;GOOD;GOOD;0
2023-01-18T08:46:56+00:00;465;2;9,7;16,6;62,602;GOOD;GOOD;GOOD;0
2023-01-18T08:47:58+00:00;459;2,2;10,4;16,5;62,603;GOOD;GOOD;GOOD;0
2023-01-18T08:49:01+00:00;459;2,5;10,3;16,5;62,604;GOOD;GOOD;GOOD;0
2023-01-18T08:50:04+00:00;465;2,2;11,3;16,5;62,605;GOOD;GOOD;GOOD;0
2023-01-18T08:51:07+00:00;459;2,1;9,7;16,4;62,606;GOOD;GOOD;GOOD;0
2023-01-18T08:52:10+00:00;459;2,2;10,7;16,5;62,607;GOOD;GOOD;GOOD;0
2023-01-18T08:53:13+00:00;459;2,3;12,7;16,5;62,608;GOOD;GOOD;GOOD;0
2023-01-18T08:54:16+00:00;459;2,3;12;16,7;62,609;GOOD;GOOD;GOOD;0
2023-01-18T08:55:18+00:00;464;2,1;12,7;16,8;62,61;GOOD;GOOD;GOOD;0
2023-01-18T08:56:21+00:00;459;2,4;13,8;16,6;62,611;GOOD;GOOD;GOOD;0
2023-01-18T08:57:24+00:00;459;2;12,4;16,5;62,612;GOOD;GOOD;GOOD;0
2023-01-18T08:58:27+00:00;458;2,1;16;16,3;62,613;GOOD;GOOD;GOOD;0
2023-01-18T08:59:30+00:00;458;1,9;9,1;16,3;62,614;GOOD;GOOD;GOOD;0
2023-01-18T09:00:33+00:00;459;2,2;11,5;16,2;62,615;GOOD;GOOD;GOOD;0
2023-01-18T09:01:36+00:00;459;2,7;12,4;16,3;62,616;GOOD;GOOD;GOOD;0
2023-01-18T09:02:38+00:00;464;2,7;10,6;16,3;62,617;GOOD;GOOD;GOOD;0
2023-01-18T09:03:41+00:00;458;2;11,5;16,3;62,618;GOOD;GOOD;GOOD;0
2023-01-18T09:04:44+00:00;458;2;12,2;16,3;62,619;GOOD;GOOD;GOOD;0
2023-01-18T09:05:47+00:00;457;2,1;11,8;16,4;62,62;GOOD;GOOD;GOOD;0
2023-01-18T09:06:50+00:00;457;2,4;9,7;16,4;62,621;GOOD;GOOD;GOOD;0
2023-01-18T09:07:53+00:00;457;2,7;14,3;16,5;62,622;GOOD;GOOD;GOOD;0
2023-01-18T09:08:56+00:00;457;1,8;11,1;16,5;62,623;GOOD;GOOD;GOOD;0
2023-01-18T09:09:59+00:00;458;1,9;12,8;16,5;62,624;GOOD;GOOD;GOOD;0
2023-01-18T09:11:01+00:00;457;2;13,5;16,6;62,625;GOOD;GOOD;GOOD;0
2023-01-18T09:12:04+00:00;457;2,4;14,5;16,5;62,626;GOOD;GOOD;GOOD;0
2023-01-18T09:13:07+00:00;456;1,8;10,9;16,6;62,627;GOOD;GOOD;GOOD;0
2023-01-18T09:14:10+00:00;456;2,4;17,4;16,5;62,628;GOOD;GOOD;GOOD;0
2023-01-18T09:15:13+00:00;457;1,8;9,9;16,6;62,629;GOOD;GOOD;GOOD;0
2023-01-18T09:16:16+00:00;456;1,9;12,1;16,5;62,63;GOOD;GOOD;GOOD;0
2023-01-18T09:17:19+00:00;457;2,2;10,1;16,5;62,631;GOOD;GOOD;GOOD;0
2023-01-18T09:18:21+00:00;457;2,2;18,2;16,4;62,632;GOOD;GOOD;GOOD;0
2023-01-18T09:19:24+00:00;456;2,3;14,2;16;62,633;GOOD;GOOD;GOOD;0
2023-01-18T09:20:27+00:00;454;2,4;17,1;15,4;62,634;GOOD;GOOD;GOOD;0
2023-01-18T09:21:30+00:00;454;3,5;19,1;14,9;62,635;GOOD;GOOD;GOOD;0
2023-01-18T09:22:33+00:00;454;3,1;22;14,6;62,636;GOOD;GOOD;GOOD;0
2023-01-18T09:23:36+00:00;458;3;17,3;14,4;62,637;GOOD;GOOD;GOOD;0
2023-01-18T09:24:38+00:00;453;2,8;15,7;14,6;62,638;GOOD;GOOD;GOOD;0
2023-01-18T09:25:41+00:00;454;2,4;18,5;14,9;62,639;GOOD;GOOD;GOOD;0
2023-01-18T09:26:44+00:00;453;2;17,8;15,1;62,64;GOOD;GOOD;GOOD;0
2023-01-18T09:27:48+00:00;453;2,4;16,2;15,4;62,641;GOOD;GOOD;GOOD;0
2023-01-18T09:28:51+00:00;453;638,1;1537,7;15,6;62,642;GOOD;Very Unhealthy;Very Unhealthy;1
2023-01-18T09:29:55+00:00;454;454,1;675,9;15,9;62,643;GOOD;Very Unhealthy;Very Unhealthy;1
2023-01-18T09:30:58+00:00;454;108,7;600;16,1;62,644;GOOD;Unhealthy;Very Unhealthy;1
2023-01-18T09:32:01+00:00;454;60,8;200;16,1;62,645;GOOD;GOOD;Moderate;1
2023-01-18T09:33:03+00:00;454;30;48,8;16,1;62,646;GOOD;GOOD;GOOD;0
2023-01-18T09:34:06+00:00;462;24,7;42,7;16,2;62,647;GOOD;GOOD;GOOD;0
2023-01-18T09:35:09+00:00;454;30,4;50,1;16,1;62,648;GOOD;GOOD;GOOD;0
2023-01-18T09:36:11+00:00;454;27,6;43,8;16,1;62,649;GOOD;GOOD;GOOD;0
2023-01-18T09:37:14+00:00;454;27,6;45,1;16,2;62,65;GOOD;GOOD;GOOD;0
2023-01-18T09:38:17+00:00;454;19,9;35;16,2;62,651;GOOD;GOOD;GOOD;0
2023-01-18T09:39:20+00:00;454;21,7;39,6;16,3;62,652;GOOD;GOOD;GOOD;0
2023-01-18T09:40:23+00:00;454;18,7;37,3;16,3;62,653;GOOD;GOOD;GOOD;0
2023-01-18T09:41:25+00:00;454;14,2;28;16,3;62,654;GOOD;GOOD;GOOD;0
2023-01-18T09:42:28+00:00;454;15,7;29,9;16,3;62,655;GOOD;GOOD;GOOD;0
2023-01-18T09:43:31+00:00;454;13,6;27,1;16,3;62,656;GOOD;GOOD;GOOD;0
2023-01-18T09:44:33+00:00;454;15,6;34,5;16,3;62,657;GOOD;GOOD;GOOD;0
2023-01-18T09:45:36+00:00;454;14,2;25,1;16,3;62,658;GOOD;GOOD;GOOD;0
2023-01-18T09:46:39+00:00;454;13,7;28,1;16,3;62,659;GOOD;GOOD;GOOD;0
2023-01-18T09:47:42+00:00;454;10,4;25,6;16,4;62,66;GOOD;GOOD;GOOD;0
2023-01-18T09:48:45+00:00;454;10,9;25;16,4;62,661;GOOD;GOOD;GOOD;0
2023-01-18T09:49:47+00:00;454;12,3;23,9;16,4;62,662;GOOD;GOOD;GOOD;0
2023-01-18T09:50:50+00:00;454;9,6;24,7;16,4;62,663;GOOD;GOOD;GOOD;0
2023-01-18T09:51:53+00:00;454;7,5;20,6;16,4;62,664;GOOD;GOOD;GOOD;0
2023-01-18T09:52:56+00:00;454;6,8;17,5;16,4;62,665;GOOD;GOOD;GOOD;0
2023-01-18T09:53:59+00:00;454;7,6;21,2;16,4;62,666;GOOD;GOOD;GOOD;0
2023-01-18T09:55:02+00:00;456;6,7;22,5;16,4;62,667;GOOD;GOOD;GOOD;0
2023-01-18T09:56:04+00:00;454;7,3;20,6;16,4;62,668;GOOD;GOOD;GOOD;0
2023-01-18T09:57:07+00:00;454;7;19,4;16,4;62,669;GOOD;GOOD;GOOD;0
2023-01-18T09:58:10+00:00;454;5,9;14,6;16,4;62,67;GOOD;GOOD;GOOD;0
2023-01-18T09:59:13+00:00;461;6,1;16,4;16,4;62,671;GOOD;GOOD;GOOD;0
2023-01-18T10:00:15+00:00;453;5,8;20,5;16,4;62,672;GOOD;GOOD;GOOD;0
2023-01-18T10:01:18+00:00;460;5,5;14,8;16,4;62,673;GOOD;GOOD;GOOD;0
2023-01-18T10:02:21+00:00;454;5,2;15;16,4;62,674;GOOD;GOOD;GOOD;0
2023-01-18T10:03:23+00:00;454;4,5;13,8;16,4;62,675;GOOD;GOOD;GOOD;0
2023-01-18T10:04:26+00:00;453;4,9;11,8;16,5;62,676;GOOD;GOOD;GOOD;0
2023-01-18T10:05:29+00:00;453;4,8;16,2;16,5;62,677;GOOD;GOOD;GOOD;0
2023-01-18T10:06:32+00:00;453;5;15;16,5;62,678;GOOD;GOOD;GOOD;0
2023-01-18T10:07:35+00:00;453;5;17,6;16,6;62,679;GOOD;GOOD;GOOD;0
2023-01-18T10:08:37+00:00;454;4,9;14,8;16,6;62,68;GOOD;GOOD;GOOD;0
2023-01-18T10:09:40+00:00;454;4;11,5;16,7;62,681;GOOD;GOOD;GOOD;0
2023-01-18T10:10:43+00:00;453;4,2;11,3;16,7;62,682;GOOD;GOOD;GOOD;0
2023-01-18T10:11:46+00:00;453;4,5;14,4;16,7;62,683;GOOD;GOOD;GOOD;0
2023-01-18T10:12:49+00:00;460;4,3;14;16,7;62,684;GOOD;GOOD;GOOD;0
2023-01-18T10:13:51+00:00;453;4;12,7;16,8;62,685;GOOD;GOOD;GOOD;0
2023-01-18T10:14:54+00:00;454;4;12,7;16,8;62,686;GOOD;GOOD;GOOD;0
2023-01-18T10:15:57+00:00;453;3,8;18,4;16,8;62,687;GOOD;GOOD;GOOD;0
2023-01-18T10:17:00+00:00;452;3,7;12,3;16,8;62,688;GOOD;GOOD;GOOD;0
2023-01-18T10:18:03+00:00;453;3,7;16,7;16,8;62,689;GOOD;GOOD;GOOD;0
2023-01-18T10:19:06+00:00;452;3,9;16,3;16,7;62,69;GOOD;GOOD;GOOD;0
2023-01-18T10:20:09+00:00;452;3,3;14,2;16,7;62,691;GOOD;GOOD;GOOD;0
2023-01-18T10:21:11+00:00;453;3,4;14,9;16,7;62,692;GOOD;GOOD;GOOD;0
2023-01-18T10:22:14+00:00;452;3,3;11,1;16,7;62,693;GOOD;GOOD;GOOD;0
2023-01-18T10:23:17+00:00;453;17,5;27,1;16,7;62,694;GOOD;GOOD;GOOD;0
2023-01-18T10:24:20+00:00;452;12,6;20,4;16,7;62,695;GOOD;GOOD;GOOD;0
2023-01-18T10:25:22+00:00;453;232,3;498,1;16,6;62,696;GOOD;Very Unhealthy;Very Unhealthy;1
2023-01-18T10:26:25+00:00;452;16,7;30,6;18,8;62,697;GOOD;GOOD;GOOD;0
2023-01-18T10:27:28+00:00;453;11,4;21,7;18,5;62,698;GOOD;GOOD;GOOD;0
2023-01-18T10:28:30+00:00;453;15,8;27,7;18,1;62,699;GOOD;GOOD;GOOD;0
2023-01-18T10:29:33+00:00;452;78,6;242;18,5;62,7;GOOD;Moderate;Moderate;1
2023-01-18T10:30:36+00:00;452;27,2;41,6;18,4;62,701;GOOD;GOOD;GOOD;0
2023-01-18T10:31:39+00:00;452;17,5;27,9;18,5;62,702;GOOD;GOOD;GOOD;0
2023-01-18T10:32:42+00:00;451;81,6;141,2;18;62,703;GOOD;Moderate;GOOD;1
2023-01-18T10:33:44+00:00;452;36,8;47,7;18,7;62,704;GOOD;GOOD;GOOD;0
2023-01-18T10:34:48+00:00;452;17,1;30,2;18,6;62,705;GOOD;GOOD;GOOD;0
2023-01-18T10:35:51+00:00;452;13,4;24,8;18,3;62,706;GOOD;GOOD;GOOD;0
2023-01-18T10:36:53+00:00;459;13,3;23,1;18,2;62,707;GOOD;GOOD;GOOD;0
2023-01-18T10:37:56+00:00;450;12,7;21,8;17,9;62,708;GOOD;GOOD;GOOD;0
2023-01-18T10:38:59+00:00;450;12,9;23,8;17,6;62,709;GOOD;GOOD;GOOD;0
2023-01-18T10:40:02+00:00;449;13,5;24,7;17,4;62,71;GOOD;GOOD;GOOD;0
2023-01-18T10:41:05+00:00;448;11,2;24,8;17,2;62,711;GOOD;GOOD;GOOD;0
2023-01-18T10:42:08+00:00;448;10;19,5;17,1;62,712;GOOD;GOOD;GOOD;0
2023-01-18T10:43:11+00:00;452;7,7;17,3;17;62,713;GOOD;GOOD;GOOD;0
2023-01-18T10:44:13+00:00;451;8,9;17,8;16,9;62,714;GOOD;GOOD;GOOD;0
2023-01-18T10:45:16+00:00;454;10,9;20,7;16,8;62,715;GOOD;GOOD;GOOD;0
2023-01-18T10:46:19+00:00;457;11,4;22,1;16,8;62,716;GOOD;GOOD;GOOD;0
2023-01-18T10:47:22+00:00;462;9,7;20,7;16,8;62,717;GOOD;GOOD;GOOD;0
2023-01-18T10:48:24+00:00;459;6,7;18,6;16,7;62,718;GOOD;GOOD;GOOD;0
2023-01-18T10:49:27+00:00;464;4,8;17,3;16,4;62,719;GOOD;GOOD;GOOD;0
2023-01-18T10:50:30+00:00;447;3,8;16,1;16,2;62,72;GOOD;GOOD;GOOD;0
2023-01-18T10:51:33+00:00;452;3,6;14,2;15,7;62,721;GOOD;GOOD;GOOD;0
2023-01-18T10:52:36+00:00;458;3,5;14,2;15,6;62,722;GOOD;GOOD;GOOD;0
2023-01-18T10:53:38+00:00;460;3,1;15;15,7;62,723;GOOD;GOOD;GOOD;0
2023-01-18T10:54:41+00:00;464;3,2;16,3;15,7;62,724;GOOD;GOOD;GOOD;0
2023-01-18T10:55:44+00:00;457;4,1;16,2;15,7;62,725;GOOD;GOOD;GOOD;0
2023-01-18T10:56:47+00:00;454;2,7;11,8;15,8;62,726;GOOD;GOOD;GOOD;0
2023-01-18T10:57:49+00:00;456;3,1;12,2;15,8;62,727;GOOD;GOOD;GOOD;0
2023-01-18T10:58:52+00:00;452;2,2;10,3;15,7;62,728;GOOD;GOOD;GOOD;0
2023-01-18T10:59:55+00:00;441;2,5;19,2;15,3;62,729;GOOD;GOOD;GOOD;0
2023-01-18T11:00:59+00:00;439;2,6;14;14,7;62,73;GOOD;GOOD;GOOD;0
2023-01-18T11:02:02+00:00;446;2,4;14,9;14,7;62,731;GOOD;GOOD;GOOD;0
2023-01-18T11:03:05+00:00;448;2,8;17,9;14,9;62,732;GOOD;GOOD;GOOD;0
2023-01-18T11:04:08+00:00;452;2,7;18,2;15,1;62,733;GOOD;GOOD;GOOD;0
2023-01-18T11:05:11+00:00;452;2,6;13,8;15,3;62,734;GOOD;GOOD;GOOD;0
2023-01-18T11:06:13+00:00;451;3,1;16,8;15,5;62,735;GOOD;GOOD;GOOD;0
2023-01-18T11:07:16+00:00;446;2,7;12,1;15,7;62,736;GOOD;GOOD;GOOD;0
2023-01-18T11:08:19+00:00;442;2,3;17,5;15,8;62,737;GOOD;GOOD;GOOD;0
2023-01-18T11:09:22+00:00;446;3,5;37,3;15,7;62,738;GOOD;GOOD;GOOD;0
2023-01-18T11:10:25+00:00;439;3,7;24,9;15,4;62,739;GOOD;GOOD;GOOD;0
2023-01-18T11:11:27+00:00;440;3,1;18,9;15,4;62,74;GOOD;GOOD;GOOD;0
2023-01-18T11:12:30+00:00;452;2,4;18,2;15,5;62,741;GOOD;GOOD;GOOD;0
2023-01-18T11:13:33+00:00;437;2,5;14;15,6;62,742;GOOD;GOOD;GOOD;0
2023-01-18T11:14:36+00:00;435;2,3;10,3;15,8;62,743;GOOD;GOOD;GOOD;0
2023-01-18T11:15:38+00:00;436;4,6;51,3;15,8;62,744;GOOD;GOOD;GOOD;0
2023-01-18T11:16:41+00:00;445;6;62;15,7;62,745;GOOD;GOOD;GOOD;0
2023-01-18T11:17:44+00:00;449;4,7;50,1;15,8;62,746;GOOD;GOOD;GOOD;0
2023-01-18T11:18:46+00:00;442;4,6;42,1;15,9;62,747;GOOD;GOOD;GOOD;0
2023-01-18T11:19:49+00:00;442;4,2;40,9;16,1;62,748;GOOD;GOOD;GOOD;0
2023-01-18T11:20:52+00:00;457;3,6;28,9;16,2;62,749;GOOD;GOOD;GOOD;0
2023-01-18T11:21:55+00:00;464;3,3;27,3;16,3;62,75;GOOD;GOOD;GOOD;0
2023-01-18T11:22:57+00:00;456;2,5;17,8;16,4;62,751;GOOD;GOOD;GOOD;0
2023-01-18T11:24:00+00:00;445;3;19,7;16,4;62,752;GOOD;GOOD;GOOD;0
2023-01-18T11:25:03+00:00;440;3;18,9;16,4;62,753;GOOD;GOOD;GOOD;0
2023-01-18T11:26:06+00:00;437;2,5;17,4;16,5;62,754;GOOD;GOOD;GOOD;0
2023-01-18T11:27:08+00:00;452;2,6;19,9;16,5;62,755;GOOD;GOOD;GOOD;0
2023-01-18T11:28:11+00:00;448;2,4;13,2;16,6;62,756;GOOD;GOOD;GOOD;0
2023-01-18T11:29:14+00:00;451;999,9;1999,9;16,7;62,757;GOOD;Very Unhealthy;Very Unhealthy;1
2023-01-18T11:30:17+00:00;440;42,3;1000;17,4;62,758;GOOD;GOOD;Very Unhealthy;1
2023-01-18T11:31:20+00:00;444;807,5;1557,5;17,4;62,759;GOOD;Very Unhealthy;Very Unhealthy;1
2023-01-18T11:32:23+00:00;441;118,8;190,6;17,6;62,76;GOOD;Unhealthy;Moderate;1
2023-01-18T11:33:26+00:00;440;878,5;1847,3;17,6;62,761;GOOD;Very Unhealthy;Very Unhealthy;1
2023-01-18T11:34:29+00:00;446;479;1473;17,6;62,762;GOOD;Very Unhealthy;Very Unhealthy;1
2023-01-18T11:35:31+00:00;446;473,3;829,5;17,6;62,763;GOOD;Very Unhealthy;Very Unhealthy;1
2023-01-18T11:36:34+00:00;446;445,5;515,3;18;62,764;GOOD;Very Unhealthy;Very Unhealthy;1
2023-01-18T11:37:37+00:00;442;408,4;549,6;18;62,765;GOOD;Very Unhealthy;Very Unhealthy;1
2023-01-18T11:38:40+00:00;428;195,7;248,7;17,9;62,766;GOOD;Very Unhealthy;Moderate;1
2023-01-18T11:39:43+00:00;444;30,9;44,4;17,9;62,767;GOOD;GOOD;GOOD;0
2023-01-18T11:40:45+00:00;442;49,8;73,2;17,7;62,768;GOOD;GOOD;GOOD;0
2023-01-18T11:41:48+00:00;442;13,6;25,8;17,5;62,769;GOOD;GOOD;GOOD;0
2023-01-18T11:42:51+00:00;444;17,9;29,3;17,4;62,77;GOOD;GOOD;GOOD;0
2023-01-18T11:43:54+00:00;445;20,6;31,6;17,3;62,771;GOOD;GOOD;GOOD;0
2023-01-18T11:44:56+00:00;444;20,1;32,3;17,2;62,772;GOOD;GOOD;GOOD;0
2023-01-18T11:45:59+00:00;444;25,9;43,4;17,2;62,773;GOOD;GOOD;GOOD;0
2023-01-18T11:47:02+00:00;445;10,9;20,8;17,1;62,774;GOOD;GOOD;GOOD;0
2023-01-18T11:48:04+00:00;444;16,6;28,2;17,1;62,775;GOOD;GOOD;GOOD;0
2023-01-18T11:49:07+00:00;445;11,9;25,8;17,1;62,776;GOOD;GOOD;GOOD;0
2023-01-18T11:50:10+00:00;451;11,1;29;17;62,777;GOOD;GOOD;GOOD;0
2023-01-18T11:51:13+00:00;444;10,6;23,3;16,9;62,778;GOOD;GOOD;GOOD;0
2023-01-18T11:52:16+00:00;444;11,6;23;16,9;62,779;GOOD;GOOD;GOOD;0
2023-01-18T11:53:18+00:00;444;10,7;22,9;16,9;62,78;GOOD;GOOD;GOOD;0
2023-01-18T11:54:21+00:00;449;9,8;26,2;16,9;62,781;GOOD;GOOD;GOOD;0
2023-01-18T11:55:24+00:00;442;9,7;21,2;16,9;62,782;GOOD;GOOD;GOOD;0
2023-01-18T11:56:27+00:00;445;7,2;21,4;17;62,783;GOOD;GOOD;GOOD;0
2023-01-18T11:57:30+00:00;445;7,4;16,4;16,9;62,784;GOOD;GOOD;GOOD;0
2023-01-18T11:58:33+00:00;445;7,5;19,7;17;62,785;GOOD;GOOD;GOOD;0
2023-01-18T11:59:36+00:00;451;6,9;19,6;17;62,786;GOOD;GOOD;GOOD;0
2023-01-18T12:00:39+00:00;445;6,4;15,9;17;62,787;GOOD;GOOD;GOOD;0
2023-01-18T12:01:41+00:00;446;6,3;19,3;17,1;62,788;GOOD;GOOD;GOOD;0
2023-01-18T12:02:44+00:00;445;5,8;17,7;17,1;62,789;GOOD;GOOD;GOOD;0
2023-01-18T12:03:47+00:00;445;5,8;17;17;62,79;GOOD;GOOD;GOOD;0
2023-01-18T12:04:50+00:00;444;4,6;17,1;17,1;62,791;GOOD;GOOD;GOOD;0
2023-01-18T12:05:53+00:00;445;5,2;15,8;17;62,792;GOOD;GOOD;GOOD;0
2023-01-18T12:06:56+00:00;445;4,6;15,8;17;62,793;GOOD;GOOD;GOOD;0
2023-01-18T12:07:58+00:00;444;4,7;13;17;62,794;GOOD;GOOD;GOOD;0
2023-01-18T12:09:01+00:00;444;4,8;20,6;17;62,795;GOOD;GOOD;GOOD;0
2023-01-18T12:10:04+00:00;442;4,7;14,8;17;62,796;GOOD;GOOD;GOOD;0
2023-01-18T12:11:07+00:00;441;4,3;16,4;17;62,797;GOOD;GOOD;GOOD;0
2023-01-18T12:12:10+00:00;439;4,8;20,4;17;62,798;GOOD;GOOD;GOOD;0
2023-01-18T12:13:13+00:00;446;4,2;18,7;17;62,799;GOOD;GOOD;GOOD;0
2023-01-18T12:14:15+00:00;444;3,9;11;17;62,8;GOOD;GOOD;GOOD;0
2023-01-18T12:15:18+00:00;447;4,2;16,4;17,1;62,801;GOOD;GOOD;GOOD;0
2023-01-18T12:16:21+00:00;447;4,3;17,1;17;62,802;GOOD;GOOD;GOOD;0
2023-01-18T12:17:24+00:00;452;3,9;19,3;17;62,803;GOOD;GOOD;GOOD;0
2023-01-18T12:18:26+00:00;432;3,5;19,1;17;62,804;GOOD;GOOD;GOOD;0
2023-01-18T12:19:29+00:00;445;3,8;13,6;17;62,805;GOOD;GOOD;GOOD;0
2023-01-18T12:20:32+00:00;446;4;17,7;17;62,806;GOOD;GOOD;GOOD;0
2023-01-18T12:21:35+00:00;446;3,4;15,1;17;62,807;GOOD;GOOD;GOOD;0
2023-01-18T12:22:38+00:00;442;3,8;16,7;17;62,808;GOOD;GOOD;GOOD;0
2023-01-18T12:23:40+00:00;445;4;18,9;17;62,809;GOOD;GOOD;GOOD;0
2023-01-18T12:24:43+00:00;441;3,1;16,7;17;62,81;GOOD;GOOD;GOOD;0
2023-01-18T12:25:46+00:00;436;4,1;23;17;62,811;GOOD;GOOD;GOOD;0
2023-01-18T12:26:49+00:00;433;3,8;19,8;17;62,812;GOOD;GOOD;GOOD;0
2023-01-18T12:27:51+00:00;441;3;15,1;17;62,813;GOOD;GOOD;GOOD;0
2023-01-18T12:28:54+00:00;445;3,2;19,9;17;62,814;GOOD;GOOD;GOOD;0
2023-01-18T12:29:57+00:00;440;3,9;20,1;17;62,815;GOOD;GOOD;GOOD;0
2023-01-18T12:31:00+00:00;439;3,7;23,3;17;62,816;GOOD;GOOD;GOOD;0
2023-01-18T12:32:03+00:00;436;3,8;24,3;16,9;62,817;GOOD;GOOD;GOOD;0
2023-01-18T12:33:05+00:00;432;3,6;30,5;17;62,818;GOOD;GOOD;GOOD;0
2023-01-18T12:34:08+00:00;436;3,6;24,1;16,9;62,819;GOOD;GOOD;GOOD;0
2023-01-18T12:35:12+00:00;439;3,2;19,2;16,9;62,82;GOOD;GOOD;GOOD;0
2023-01-18T12:36:15+00:00;441;3,6;23,9;17;62,821;GOOD;GOOD;GOOD;0
2023-01-18T12:37:18+00:00;442;3,3;19,4;16,9;62,822;GOOD;GOOD;GOOD;0
2023-01-18T12:38:20+00:00;442;3,6;22,3;16,9;62,823;GOOD;GOOD;GOOD;0
2023-01-18T12:39:23+00:00;444;3,7;25,4;16,9;62,824;GOOD;GOOD;GOOD;0
2023-01-18T12:40:26+00:00;444;3,5;22,6;16,9;62,825;GOOD;GOOD;GOOD;0
2023-01-18T12:41:29+00:00;445;4;27,5;16,9;62,826;GOOD;GOOD;GOOD;0
2023-01-18T12:42:31+00:00;445;3,6;31,4;16,9;62,827;GOOD;GOOD;GOOD;0
2023-01-18T12:43:34+00:00;445;3;27,5;16,9;62,828;GOOD;GOOD;GOOD;0
2023-01-18T12:44:37+00:00;445;3,4;24,1;16,9;62,829;GOOD;GOOD;GOOD;0
2023-01-18T12:45:40+00:00;445;3,6;16,7;16,8;62,83;GOOD;GOOD;GOOD;0
2023-01-18T12:46:43+00:00;446;3,4;22,7;16,8;62,831;GOOD;GOOD;GOOD;0
2023-01-18T12:47:45+00:00;445;3,5;25,3;16,8;62,832;GOOD;GOOD;GOOD;0
2023-01-18T12:48:48+00:00;445;3,5;18,3;16,8;62,833;GOOD;GOOD;GOOD;0
2023-01-18T12:49:51+00:00;445;3,2;20,2;16,8;62,834;GOOD;GOOD;GOOD;0
2023-01-18T12:50:54+00:00;445;3,2;26,6;16,8;62,835;GOOD;GOOD;GOOD;0
2023-01-18T12:51:57+00:00;445;3,6;25,4;16,8;62,836;GOOD;GOOD;GOOD;0
2023-01-18T12:53:00+00:00;451;3,6;24,3;16,8;62,837;GOOD;GOOD;GOOD;0
2023-01-18T12:54:03+00:00;445;3,4;26,4;16,8;62,838;GOOD;GOOD;GOOD;0
2023-01-18T12:55:05+00:00;451;3,7;22,1;16,8;62,839;GOOD;GOOD;GOOD;0
2023-01-18T12:56:08+00:00;450;4,8;33,1;16,8;62,84;GOOD;GOOD;GOOD;0
2023-01-18T12:57:11+00:00;444;4,2;33,3;16,8;62,841;GOOD;GOOD;GOOD;0
2023-01-18T12:58:14+00:00;442;3,7;31,6;16,8;62,842;GOOD;GOOD;GOOD;0
2023-01-18T12:59:16+00:00;442;4,1;33,9;16,8;62,843;GOOD;GOOD;GOOD;0
2023-01-18T13:00:19+00:00;442;4,3;28,6;16,7;62,844;GOOD;GOOD;GOOD;0
2023-01-18T13:01:22+00:00;441;8,1;58,6;16,7;62,845;GOOD;GOOD;GOOD;0
2023-01-18T13:02:25+00:00;441;16;123,8;16,7;62,846;GOOD;GOOD;GOOD;0
2023-01-18T13:03:28+00:00;441;9,6;69,9;16,7;62,847;GOOD;GOOD;GOOD;0
2023-01-18T13:04:30+00:00;440;7,5;53,5;16,7;62,848;GOOD;GOOD;GOOD;0
2023-01-18T13:05:33+00:00;440;6,5;49;16,7;62,849;GOOD;GOOD;GOOD;0
2023-01-18T13:06:39+00:00;441;5,6;36,9;16,7;62,85;GOOD;GOOD;GOOD;0
2023-01-18T13:07:39+00:00;440;6;46,6;16,7;62,851;GOOD;GOOD;GOOD;0
2023-01-18T13:08:41+00:00;440;5,2;37,1;16,7;62,852;GOOD;GOOD;GOOD;0
2023-01-18T13:09:44+00:00;441;4,6;35;16,7;62,853;GOOD;GOOD;GOOD;0
2023-01-18T13:10:47+00:00;440;4,9;36,9;16,7;62,854;GOOD;GOOD;GOOD;0
2023-01-18T13:11:50+00:00;440;4,6;32,2;16,8;62,855;GOOD;GOOD;GOOD;0
2023-01-18T13:12:53+00:00;439;4,4;26,8;16,8;62,856;GOOD;GOOD;GOOD;0
2023-01-18T13:13:55+00:00;441;4,5;29,5;16,8;62,857;GOOD;GOOD;GOOD;0
2023-01-18T13:14:58+00:00;441;4,5;33,7;16,8;62,858;GOOD;GOOD;GOOD;0
2023-01-18T13:16:01+00:00;440;4,6;29,2;16,8;62,859;GOOD;GOOD;GOOD;0
2023-01-18T13:17:04+00:00;440;4,4;36,9;16,8;62,86;GOOD;GOOD;GOOD;0
2023-01-18T13:18:07+00:00;440;4,3;25,7;16,8;62,861;GOOD;GOOD;GOOD;0
2023-01-18T13:19:10+00:00;439;5;35,7;16,9;62,862;GOOD;GOOD;GOOD;0
2023-01-18T13:20:13+00:00;440;4,3;26,8;16,9;62,863;GOOD;GOOD;GOOD;0
2023-01-18T13:21:16+00:00;446;5;30,1;16,9;62,864;GOOD;GOOD;GOOD;0
2023-01-18T13:22:18+00:00;440;4,3;37;17;62,865;GOOD;GOOD;GOOD;0
2023-01-18T13:23:21+00:00;440;4,6;33,8;17;62,866;GOOD;GOOD;GOOD;0
2023-01-18T13:24:24+00:00;439;4,1;33,2;17;62,867;GOOD;GOOD;GOOD;0
2023-01-18T13:25:27+00:00;438;4,5;27,7;17;62,868;GOOD;GOOD;GOOD;0
2023-01-18T13:26:30+00:00;445;4,7;33,8;17,1;62,869;GOOD;GOOD;GOOD;0
2023-01-18T13:27:33+00:00;438;4,6;33,9;17;62,87;GOOD;GOOD;GOOD;0
2023-01-18T13:28:35+00:00;438;4,7;31,7;17,1;62,871;GOOD;GOOD;GOOD;0
2023-01-18T13:29:38+00:00;438;4,6;40,3;17;62,872;GOOD;GOOD;GOOD;0
2023-01-18T13:30:41+00:00;438;4;27,5;17,1;62,873;GOOD;GOOD;GOOD;0
2023-01-18T13:31:44+00:00;437;4,5;31,7;17,1;62,874;GOOD;GOOD;GOOD;0
2023-01-18T13:32:46+00:00;439;3,6;24,5;17,1;62,875;GOOD;GOOD;GOOD;0
2023-01-18T13:33:49+00:00;439;4,5;27,2;17,1;62,876;GOOD;GOOD;GOOD;0
2023-01-18T13:34:52+00:00;438;4,3;24,7;17,1;62,877;GOOD;GOOD;GOOD;0
2023-01-18T13:35:55+00:00;438;4;28,5;17,1;62,878;GOOD;GOOD;GOOD;0
2023-01-18T13:36:57+00:00;438;4,5;30,1;17,2;62,879;GOOD;GOOD;GOOD;0
2023-01-18T13:38:00+00:00;438;3,5;25,4;17,1;62,88;GOOD;GOOD;GOOD;0
2023-01-18T13:39:03+00:00;438;3,7;21,4;17,1;62,881;GOOD;GOOD;GOOD;0
2023-01-18T13:40:06+00:00;439;3,8;25,1;17,1;62,882;GOOD;GOOD;GOOD;0
2023-01-18T13:41:08+00:00;438;3,6;32,4;17,2;62,883;GOOD;GOOD;GOOD;0
2023-01-18T13:42:11+00:00;438;4,1;29,8;17,1;62,884;GOOD;GOOD;GOOD;0
2023-01-18T13:43:14+00:00;438;3,7;23,5;17,1;62,885;GOOD;GOOD;GOOD;0
2023-01-18T13:44:17+00:00;438;3,4;27;17,2;62,886;GOOD;GOOD;GOOD;0
2023-01-18T13:45:19+00:00;437;3,8;28,3;17,1;62,887;GOOD;GOOD;GOOD;0
2023-01-18T13:46:22+00:00;438;3,6;22;17,1;62,888;GOOD;GOOD;GOOD;0
2023-01-18T13:47:25+00:00;437;3,6;26,6;17,1;62,889;GOOD;GOOD;GOOD;0
2023-01-18T13:48:28+00:00;438;3,5;26;17,1;62,89;GOOD;GOOD;GOOD;0
2023-01-18T13:49:32+00:00;437;3,6;28,1;17,1;62,891;GOOD;GOOD;GOOD;0
2023-01-18T13:50:34+00:00;437;3,4;26,4;17,1;62,892;GOOD;GOOD;GOOD;0
2023-01-18T13:51:36+00:00;436;3,4;24,3;17,1;62,893;GOOD;GOOD;GOOD;0
2023-01-18T13:52:39+00:00;435;3,5;30,3;17,1;62,894;GOOD;GOOD;GOOD;0
2023-01-18T13:53:42+00:00;434;3,7;26,6;17,1;62,895;GOOD;GOOD;GOOD;0
2023-01-18T13:54:45+00:00;434;2,8;23,2;17;62,896;GOOD;GOOD;GOOD;0
2023-01-18T13:55:48+00:00;434;3,4;27,3;17;62,897;GOOD;GOOD;GOOD;0
2023-01-18T13:56:50+00:00;430;3,1;24,7;17;62,898;GOOD;GOOD;GOOD;0
2023-01-18T13:57:53+00:00;437;3,6;29,1;17;62,899;GOOD;GOOD;GOOD;0
2023-01-18T13:58:56+00:00;430;2,8;22,3;17;62,9;GOOD;GOOD;GOOD;0
2023-01-18T13:59:59+00:00;432;2,6;18;16,9;62,901;GOOD;GOOD;GOOD;0
2023-01-18T14:01:01+00:00;432;2,7;18,6;17;62,902;GOOD;GOOD;GOOD;0
2023-01-18T14:02:04+00:00;429;548,3;796,3;17;62,903;GOOD;Very Unhealthy;Very Unhealthy;1
2023-01-18T14:03:07+00:00;430;107,5;137;17,3;62,904;GOOD;Unhealthy;GOOD;1
2023-01-18T14:04:10+00:00;430;144,6;177,9;17,4;62,905;GOOD;Unhealthy;Moderate;1
2023-01-18T14:05:13+00:00;430;35,8;63,9;17,4;62,906;GOOD;GOOD;GOOD;0
2023-01-18T14:06:15+00:00;437;24,2;42,3;17,3;62,907;GOOD;GOOD;GOOD;0
2023-01-18T14:07:18+00:00;429;6,3;24,9;17,3;62,908;GOOD;GOOD;GOOD;0
2023-01-18T14:08:21+00:00;426;9,7;26;17,3;62,909;GOOD;GOOD;GOOD;0
2023-01-18T14:09:24+00:00;437;6,2;21,9;17,2;62,91;GOOD;GOOD;GOOD;0
2023-01-18T14:10:26+00:00;438;7;21,9;17,1;62,911;GOOD;GOOD;GOOD;0
2023-01-18T14:11:29+00:00;438;6,2;21,5;17,1;62,912;GOOD;GOOD;GOOD;0
2023-01-18T14:12:32+00:00;437;6,1;23,5;17;62,913;GOOD;GOOD;GOOD;0
2023-01-18T14:13:35+00:00;435;6;25,8;17;62,914;GOOD;GOOD;GOOD;0
2023-01-18T14:15:45+00:00;425;6,3;22,3;17;62,915;GOOD;GOOD;GOOD;0
2023-01-18T14:16:48+00:00;433;6,3;20,9;16,9;62,916;GOOD;GOOD;GOOD;0
2023-01-18T14:17:51+00:00;429;5,3;23,8;17;62,917;GOOD;GOOD;GOOD;0
2023-01-18T14:18:54+00:00;435;4,7;21,1;17;62,918;GOOD;GOOD;GOOD;0
2023-01-18T14:19:56+00:00;426;4,5;19,1;17;62,919;GOOD;GOOD;GOOD;0
2023-01-18T14:22:08+00:00;433;4,1;16,3;17;62,92;GOOD;GOOD;GOOD;0
2023-01-18T14:24:18+00:00;433;4,9;19,1;17;62,921;GOOD;GOOD;GOOD;0
2023-01-18T14:25:21+00:00;427;3,9;15,3;17;62,922;GOOD;GOOD;GOOD;0
2023-01-18T14:26:24+00:00;432;4,1;18,2;17;62,923;GOOD;GOOD;GOOD;0
2023-01-18T14:27:26+00:00;439;4,1;18,6;17;62,924;GOOD;GOOD;GOOD;0
2023-01-18T14:28:29+00:00;434;4,2;20,8;17,1;62,925;GOOD;GOOD;GOOD;0
2023-01-18T14:29:32+00:00;434;4,1;22,1;17;62,926;GOOD;GOOD;GOOD;0
2023-01-18T14:30:35+00:00;434;3,5;14,9;17;62,927;GOOD;GOOD;GOOD;0
2023-01-18T14:31:37+00:00;433;3,8;19,8;17;62,928;GOOD;GOOD;GOOD;0
2023-01-18T14:32:40+00:00;440;3,4;17,9;17,1;62,929;GOOD;GOOD;GOOD;0
2023-01-18T14:33:43+00:00;428;3,5;19;17,1;62,93;GOOD;GOOD;GOOD;0
2023-01-18T14:34:46+00:00;432;3,3;17,7;17,1;62,931;GOOD;GOOD;GOOD;0
2023-01-18T14:35:49+00:00;430;3,3;13,6;17,1;62,932;GOOD;GOOD;GOOD;0
2023-01-18T14:36:52+00:00;435;3,5;15,3;17,1;62,933;GOOD;GOOD;GOOD;0
2023-01-18T14:37:54+00:00;434;3,6;16,4;17,2;62,934;GOOD;GOOD;GOOD;0
2023-01-18T14:38:57+00:00;437;2,9;13,3;17,2;62,935;GOOD;GOOD;GOOD;0
2023-01-18T14:40:00+00:00;422;3,5;18,1;17,2;62,936;GOOD;GOOD;GOOD;0
2023-01-18T14:41:02+00:00;433;3,2;12,9;17,2;62,937;GOOD;GOOD;GOOD;0
2023-01-18T14:42:05+00:00;434;2,8;13,2;17,2;62,938;GOOD;GOOD;GOOD;0
2023-01-18T14:43:08+00:00;430;2,5;12,1;17,3;62,939;GOOD;GOOD;GOOD;0
2023-01-18T14:44:11+00:00;428;2,8;13;17,3;62,94;GOOD;GOOD;GOOD;0
2023-01-18T14:45:14+00:00;441;2,3;9;17,3;62,941;GOOD;GOOD;GOOD;0
2023-01-18T14:46:16+00:00;432;2,6;13;17,3;62,942;GOOD;GOOD;GOOD;0
2023-01-18T14:47:19+00:00;430;3;20,2;17,3;62,943;GOOD;GOOD;GOOD;0
2023-01-18T14:48:22+00:00;432;2,2;11,3;17,4;62,944;GOOD;GOOD;GOOD;0
2023-01-18T14:49:25+00:00;422;2,3;12,2;17,4;62,945;GOOD;GOOD;GOOD;0
2023-01-18T14:50:28+00:00;413;2;9,9;17,4;62,946;GOOD;GOOD;GOOD;0
2023-01-18T14:51:31+00:00;433;1,9;9,6;17,4;62,947;GOOD;GOOD;GOOD;0
2023-01-18T14:52:33+00:00;432;2,1;11,4;17,4;62,948;GOOD;GOOD;GOOD;0
2023-01-18T14:53:36+00:00;418;2,6;12,8;17,4;62,949;GOOD;GOOD;GOOD;0
2023-01-18T14:54:39+00:00;433;2,2;10,1;17,4;62,95;GOOD;GOOD;GOOD;0
2023-01-18T14:55:42+00:00;432;2,1;12,3;17,4;62,951;GOOD;GOOD;GOOD;0
2023-01-18T14:56:45+00:00;432;2,1;11,3;17,4;62,952;GOOD;GOOD;GOOD;0
2023-01-18T14:57:48+00:00;421;1,9;9,2;17,4;62,953;GOOD;GOOD;GOOD;0
2023-01-18T14:58:51+00:00;425;1,8;8,6;17,4;62,954;GOOD;GOOD;GOOD;0
2023-01-18T14:59:53+00:00;422;1,9;10;17,3;62,955;GOOD;GOOD;GOOD;0
2023-01-18T15:00:56+00:00;421;1,6;6,3;17,4;62,956;GOOD;GOOD;GOOD;0
2023-01-18T15:01:59+00:00;417;2;9,2;17,4;62,957;GOOD;GOOD;GOOD;0
2023-01-18T15:03:02+00:00;421;1,7;9,9;17,3;62,958;GOOD;GOOD;GOOD;0
2023-01-18T15:04:05+00:00;416;1,5;6,7;17,4;62,959;GOOD;GOOD;GOOD;0
2023-01-18T15:05:08+00:00;428;1,5;9,7;17,3;62,96;GOOD;GOOD;GOOD;0
2023-01-18T15:06:10+00:00;428;1,6;8,2;17,3;62,961;GOOD;GOOD;GOOD;0
2023-01-18T15:07:13+00:00;427;1,7;7,4;17,3;62,962;GOOD;GOOD;GOOD;0
2023-01-18T15:08:16+00:00;425;1,7;8,1;17,4;62,963;GOOD;GOOD;GOOD;0
2023-01-18T15:09:19+00:00;421;1,5;8,7;17,4;62,964;GOOD;GOOD;GOOD;0
2023-01-18T15:10:22+00:00;421;1,4;7;17,4;62,965;GOOD;GOOD;GOOD;0
2023-01-18T15:11:25+00:00;417;1,5;7,8;17,4;62,966;GOOD;GOOD;GOOD;0
2023-01-18T15:12:28+00:00;424;1,3;5,6;17,4;62,967;GOOD;GOOD;GOOD;0
2023-01-18T15:13:30+00:00;422;1,5;7;17,4;62,968;GOOD;GOOD;GOOD;0
2023-01-18T15:14:33+00:00;422;1,3;5;17,4;62,969;GOOD;GOOD;GOOD;0
2023-01-18T15:15:36+00:00;421;1,2;4,8;17,5;62,97;GOOD;GOOD;GOOD;0
2023-01-18T15:16:39+00:00;420;1,2;4,7;17,4;62,971;GOOD;GOOD;GOOD;0
2023-01-18T15:17:41+00:00;420;1,1;5,8;17,5;62,972;GOOD;GOOD;GOOD;0
2023-01-18T15:18:44+00:00;423;1,4;7,9;17,5;62,973;GOOD;GOOD;GOOD;0
2023-01-18T15:19:47+00:00;424;1,5;6,2;17,4;62,974;GOOD;GOOD;GOOD;0
2023-01-18T15:20:49+00:00;421;1,2;5;17,5;62,975;GOOD;GOOD;GOOD;0
2023-01-18T15:21:52+00:00;421;1,4;7,1;17,5;62,976;GOOD;GOOD;GOOD;0
2023-01-18T15:22:55+00:00;418;1,2;7,5;17,5;62,977;GOOD;GOOD;GOOD;0
2023-01-18T15:23:57+00:00;420;1,2;6,5;17,5;62,978;GOOD;GOOD;GOOD;0
2023-01-18T15:25:00+00:00;415;1,4;5,4;17,5;62,979;GOOD;GOOD;GOOD;0
2023-01-18T15:26:03+00:00;417;1;5,9;17,5;62,98;GOOD;GOOD;GOOD;0
2023-01-18T15:27:06+00:00;418;1,2;5,7;17,5;62,981;GOOD;GOOD;GOOD;0
2023-01-18T15:29:16+00:00;420;1,2;6,3;17,4;62,982;GOOD;GOOD;GOOD;0
2023-01-18T15:31:26+00:00;418;1,2;5,1;17,4;62,983;GOOD;GOOD;GOOD;0
2023-01-18T15:33:37+00:00;426;1,5;5,3;17,3;62,984;GOOD;GOOD;GOOD;0
2023-01-18T15:34:40+00:00;426;1;4,7;17,2;62,985;GOOD;GOOD;GOOD;0
2023-01-18T15:35:43+00:00;421;0,9;3,5;17,2;62,986;GOOD;GOOD;GOOD;0
2023-01-18T15:36:45+00:00;421;1;4,3;17,2;62,987;GOOD;GOOD;GOOD;0
2023-01-18T15:37:48+00:00;420;1,2;5,8;17,2;62,988;GOOD;GOOD;GOOD;0
2023-01-18T15:38:52+00:00;418;1,3;6,7;17,2;62,989;GOOD;GOOD;GOOD;0
2023-01-18T15:42:10+00:00;416;1,3;6,7;17,2;62,99;GOOD;GOOD;GOOD;0
2023-01-18T15:43:13+00:00;416;1,4;5,2;17,3;62,991;GOOD;GOOD;GOOD;0
2023-01-18T15:44:16+00:00;416;1;4;17,3;62,992;GOOD;GOOD;GOOD;0
2023-01-18T15:45:19+00:00;416;1,2;4,4;17,3;62,993;GOOD;GOOD;GOOD;0
2023-01-18T15:46:21+00:00;414;1,1;5,7;17,4;62,994;GOOD;GOOD;GOOD;0
2023-01-18T15:47:24+00:00;415;1,1;6,8;17,4;62,995;GOOD;GOOD;GOOD;0
2023-01-18T15:48:27+00:00;411;1,2;4;17,4;62,996;GOOD;GOOD;GOOD;0
2023-01-18T15:50:38+00:00;416;1;4,8;17,4;62,997;GOOD;GOOD;GOOD;0
2023-01-18T15:51:40+00:00;413;1;4,4;17,4;62,998;GOOD;GOOD;GOOD;0
2023-01-18T15:52:43+00:00;415;0,8;3;17,4;62,999;GOOD;GOOD;GOOD;0
2023-01-18T15:53:46+00:00;409;1,2;5,5;17,4;62,1;GOOD;GOOD;GOOD;0
2023-01-18T15:54:49+00:00;412;1;3,9;17,4;62,1001;GOOD;GOOD;GOOD;0
2023-01-18T15:55:52+00:00;408;1,2;6,6;17,4;62,1002;GOOD;GOOD;GOOD;0
2023-01-18T15:56:54+00:00;405;1;6,3;17,5;62,1003;GOOD;GOOD;GOOD;0
2023-01-18T15:57:57+00:00;408;0,9;4,8;17,5;62,1004;GOOD;GOOD;GOOD;0
2023-01-18T15:59:00+00:00;416;1,2;3,5;17,5;62,1005;GOOD;GOOD;GOOD;0
2023-01-18T16:00:03+00:00;422;1,1;4,7;17,5;62,1006;GOOD;GOOD;GOOD;0
2023-01-18T16:01:06+00:00;429;0,9;5,5;17,5;62,1007;GOOD;GOOD;GOOD;0
2023-01-18T16:02:09+00:00;411;1,2;5,9;17,5;62,1008;GOOD;GOOD;GOOD;0
2023-01-18T16:04:19+00:00;417;1;4,7;17,5;62,1009;GOOD;GOOD;GOOD;0
2023-01-18T16:05:22+00:00;417;1,5;9,5;17,5;62,101;GOOD;GOOD;GOOD;0
2023-01-18T16:06:25+00:00;420;1,4;6,5;17,4;62,1011;GOOD;GOOD;GOOD;0
2023-01-18T16:08:35+00:00;413;1,3;6,2;17,4;62,1012;GOOD;GOOD;GOOD;0
2023-01-18T16:09:38+00:00;414;1,1;5,9;17,4;62,1013;GOOD;GOOD;GOOD;0
2023-01-18T16:10:41+00:00;413;1,1;5,4;17,4;62,1014;GOOD;GOOD;GOOD;0
2023-01-18T16:11:44+00:00;410;0,9;4,2;17,4;62,1015;GOOD;GOOD;GOOD;0
2023-01-18T16:12:46+00:00;414;1;5,1;17,4;62,1016;GOOD;GOOD;GOOD;0
2023-01-18T16:13:49+00:00;415;1,3;6,4;17,5;62,1017;GOOD;GOOD;GOOD;0
2023-01-18T16:16:00+00:00;416;1,6;13,6;17,5;62,1018;GOOD;GOOD;GOOD;0
2023-01-18T16:17:02+00:00;414;1;6,1;17,5;62,1019;GOOD;GOOD;GOOD;0
2023-01-18T16:18:05+00:00;417;1,3;7,3;17,5;62,102;GOOD;GOOD;GOOD;0
2023-01-18T16:19:08+00:00;410;1;6;17,6;62,1021;GOOD;GOOD;GOOD;0
2023-01-18T16:20:11+00:00;415;1,6;12,5;17,5;62,1022;GOOD;GOOD;GOOD;0
2023-01-18T16:21:14+00:00;414;1,3;10,4;17,4;62,1023;GOOD;GOOD;GOOD;0
2023-01-18T16:22:16+00:00;412;1,1;5,5;17,3;62,1024;GOOD;GOOD;GOOD;0
2023-01-18T16:23:19+00:00;403;1,2;5;17,3;62,1025;GOOD;GOOD;GOOD;0
2023-01-18T16:24:22+00:00;413;1,2;5,3;17,2;62,1026;GOOD;GOOD;GOOD;0
2023-01-18T16:25:24+00:00;414;1,1;5,1;17,2;62,1027;GOOD;GOOD;GOOD;0
2023-01-18T16:26:27+00:00;413;1,1;4,8;17,2;62,1028;GOOD;GOOD;GOOD;0
2023-01-18T16:27:30+00:00;412;1;5,8;17,2;62,1029;GOOD;GOOD;GOOD;0
2023-01-18T16:28:33+00:00;413;1,2;5,2;17,2;62,103;GOOD;GOOD;GOOD;0
2023-01-18T16:29:35+00:00;414;1;4,6;17,2;62,1031;GOOD;GOOD;GOOD;0
2023-01-18T16:30:38+00:00;416;1;3,9;17,2;62,1032;GOOD;GOOD;GOOD;0
2023-01-18T16:31:41+00:00;415;1,1;3;17,2;62,1033;GOOD;GOOD;GOOD;0
2023-01-18T16:32:44+00:00;415;1,4;4,8;17,2;62,1034;GOOD;GOOD;GOOD;0
2023-01-18T16:33:47+00:00;415;1,3;5;17,2;62,1035;GOOD;GOOD;GOOD;0
2023-01-18T16:34:50+00:00;416;1,3;5,7;17,2;62,1036;GOOD;GOOD;GOOD;0
2023-01-18T16:35:52+00:00;420;1,1;5,1;17,2;62,1037;GOOD;GOOD;GOOD;0
2023-01-18T16:36:55+00:00;416;1;3,6;17,3;62,1038;GOOD;GOOD;GOOD;0
2023-01-18T16:37:58+00:00;417;1,6;7;17,3;62,1039;GOOD;GOOD;GOOD;0
2023-01-18T16:39:01+00:00;417;1,5;4,5;17,3;62,104;GOOD;GOOD;GOOD;0
2023-01-18T16:40:03+00:00;418;1,4;10,9;17,3;62,1041;GOOD;GOOD;GOOD;0
2023-01-18T16:41:06+00:00;417;1,3;5;17,3;62,1042;GOOD;GOOD;GOOD;0
2023-01-18T16:42:09+00:00;418;1,5;5,7;17,3;62,1043;GOOD;GOOD;GOOD;0
2023-01-18T16:43:12+00:00;418;1,3;4,5;17,3;62,1044;GOOD;GOOD;GOOD;0
2023-01-18T16:44:15+00:00;418;1,4;6,9;17,3;62,1045;GOOD;GOOD;GOOD;0
2023-01-18T16:45:17+00:00;418;1,5;7,2;17,4;62,1046;GOOD;GOOD;GOOD;0
2023-01-18T16:46:20+00:00;420;1,4;5,1;17,3;62,1047;GOOD;GOOD;GOOD;0
2023-01-18T16:47:23+00:00;418;1,4;5,2;17,3;62,1048;GOOD;GOOD;GOOD;0
2023-01-18T16:48:26+00:00;420;1,2;3,8;17,3;62,1049;GOOD;GOOD;GOOD;0
2023-01-18T16:49:29+00:00;418;1;4,2;17,3;62,105;GOOD;GOOD;GOOD;0
2023-01-18T16:50:31+00:00;418;1,5;9,1;17,3;62,1051;GOOD;GOOD;GOOD;0
2023-01-18T16:51:35+00:00;418;1,3;3,9;17,3;62,1052;GOOD;GOOD;GOOD;0
2023-01-18T16:52:37+00:00;418;1,3;6,6;17,3;62,1053;GOOD;GOOD;GOOD;0
2023-01-18T16:53:40+00:00;418;1,2;2,5;17,3;62,1054;GOOD;GOOD;GOOD;0
2023-01-18T16:54:43+00:00;418;1,2;5,5;17,3;62,1055;GOOD;GOOD;GOOD;0
2023-01-18T16:55:46+00:00;418;1,5;5,7;17,2;62,1056;GOOD;GOOD;GOOD;0
2023-01-18T16:56:49+00:00;420;1,4;5;17,2;62,1057;GOOD;GOOD;GOOD;0
2023-01-18T16:57:51+00:00;417;1,8;5,5;17,2;62,1058;GOOD;GOOD;GOOD;0
2023-01-18T16:58:54+00:00;417;1,8;5,6;17,2;62,1059;GOOD;GOOD;GOOD;0
2023-01-18T16:59:57+00:00;425;1,7;4,7;17,2;62,106;GOOD;GOOD;GOOD;0
2023-01-18T17:00:59+00:00;417;1,9;8,1;17,2;62,1061;GOOD;GOOD;GOOD;0
2023-01-18T17:02:02+00:00;417;1,7;3,6;17,2;62,1062;GOOD;GOOD;GOOD;0
2023-01-18T17:03:07+00:00;416;1,7;6,1;17,2;62,1063;GOOD;GOOD;GOOD;0
2023-01-18T17:04:08+00:00;417;2,3;6,5;17,2;62,1064;GOOD;GOOD;GOOD;0
2023-01-18T17:05:10+00:00;416;2;6,1;17,2;62,1065;GOOD;GOOD;GOOD;0
2023-01-18T17:06:13+00:00;416;1,9;6,4;17,2;62,1066;GOOD;GOOD;GOOD;0
2023-01-18T17:07:16+00:00;416;2;6,2;17,2;62,1067;GOOD;GOOD;GOOD;0
2023-01-18T17:09:27+00:00;416;2;5,2;17,2;62,1068;GOOD;GOOD;GOOD;0
2023-01-18T17:10:30+00:00;416;2,2;8,9;17,1;62,1069;GOOD;GOOD;GOOD;0
2023-01-18T17:11:32+00:00;414;2,3;5,6;17,1;62,107;GOOD;GOOD;GOOD;0
2023-01-18T17:12:35+00:00;414;2,4;7,5;17,1;62,1071;GOOD;GOOD;GOOD;0
2023-01-18T17:13:38+00:00;412;2,4;8,2;17,1;62,1072;GOOD;GOOD;GOOD;0
2023-01-18T17:14:41+00:00;412;51,5;61,8;17,2;62,1073;GOOD;GOOD;GOOD;0
2023-01-18T17:15:43+00:00;412;15;21;17,3;62,1074;GOOD;GOOD;GOOD;0
2023-01-18T17:16:46+00:00;416;5,1;11,7;17,4;62,1075;GOOD;GOOD;GOOD;0
2023-01-18T17:17:49+00:00;416;8;15,8;17,6;62,1076;GOOD;GOOD;GOOD;0
2023-01-18T17:18:52+00:00;416;3,2;14,1;17,6;62,1077;GOOD;GOOD;GOOD;0
2023-01-18T17:19:55+00:00;416;3,2;9,4;17,7;62,1078;GOOD;GOOD;GOOD;0
2023-01-18T17:20:58+00:00;416;3;8,4;17,8;62,1079;GOOD;GOOD;GOOD;0
2023-01-18T17:22:01+00:00;416;3;10,1;17,8;62,108;GOOD;GOOD;GOOD;0
2023-01-18T17:23:04+00:00;416;3,2;11,8;17,9;62,1081;GOOD;GOOD;GOOD;0
2023-01-18T17:24:07+00:00;414;3,2;9,8;17,9;62,1082;GOOD;GOOD;GOOD;0
2023-01-18T17:25:11+00:00;414;95,1;190,5;17,9;62,1083;GOOD;Moderate;Moderate;1
2023-01-18T17:26:13+00:00;415;4,1;16,2;18;62,1084;GOOD;GOOD;GOOD;0
2023-01-18T17:27:16+00:00;415;3,3;13;17,9;62,1085;GOOD;GOOD;GOOD;0
2023-01-18T17:28:19+00:00;415;3,4;13,1;18;62,1086;GOOD;GOOD;GOOD;0
2023-01-18T17:29:21+00:00;421;3,6;15,7;17,9;62,1087;GOOD;GOOD;GOOD;0
2023-01-18T17:30:24+00:00;421;3,1;10,3;18;62,1088;GOOD;GOOD;GOOD;0
2023-01-18T17:31:27+00:00;414;3,5;15;18;62,1089;GOOD;GOOD;GOOD;0
2023-01-18T17:32:30+00:00;414;21,5;45,4;17,9;62,109;GOOD;GOOD;GOOD;0
2023-01-18T17:33:33+00:00;413;10,9;27,4;17,9;62,1091;GOOD;GOOD;GOOD;0
2023-01-18T17:35:43+00:00;414;5,7;19,9;18;62,1092;GOOD;GOOD;GOOD;0
2023-01-18T17:36:46+00:00;413;5,5;21,2;18;62,1093;GOOD;GOOD;GOOD;0
2023-01-18T17:37:49+00:00;413;4,3;17,7;17,9;62,1094;GOOD;GOOD;GOOD;0
2023-01-18T17:38:52+00:00;412;5;24,1;18;62,1095;GOOD;GOOD;GOOD;0
2023-01-18T17:39:54+00:00;413;11,2;45,5;17,9;62,1096;GOOD;GOOD;GOOD;0
2023-01-18T17:40:57+00:00;412;11;39,7;17,9;62,1097;GOOD;GOOD;GOOD;0
2023-01-18T17:42:00+00:00;412;6,8;29,9;17,9;62,1098;GOOD;GOOD;GOOD;0
2023-01-18T17:43:03+00:00;412;5,9;25,2;18;62,1099;GOOD;GOOD;GOOD;0
2023-01-18T17:44:05+00:00;412;5,1;20,6;17,9;62,11;GOOD;GOOD;GOOD;0
2023-01-18T17:45:08+00:00;411;5;25,2;17,9;62,1101;GOOD;GOOD;GOOD;0
2023-01-18T17:46:11+00:00;412;5,1;25,6;18;62,1102;GOOD;GOOD;GOOD;0
2023-01-18T17:47:14+00:00;411;4,9;24,5;17,9;62,1103;GOOD;GOOD;GOOD;0
2023-01-18T17:48:16+00:00;411;6,1;40,6;18;62,1104;GOOD;GOOD;GOOD;0
2023-01-18T17:49:20+00:00;411;6,7;37,8;18,1;62,1105;GOOD;GOOD;GOOD;0
2023-01-18T17:50:22+00:00;411;7,9;49,4;18,1;62,1106;GOOD;GOOD;GOOD;0
2023-01-18T17:51:25+00:00;411;6,5;31,2;18,1;62,1107;GOOD;GOOD;GOOD;0
2023-01-18T17:52:28+00:00;410;6,5;35,3;18,1;62,1108;GOOD;GOOD;GOOD;0
2023-01-18T17:53:30+00:00;412;4,9;20,6;18,1;62,1109;GOOD;GOOD;GOOD;0
2023-01-18T17:54:33+00:00;411;5,6;29,1;18,1;62,111;GOOD;GOOD;GOOD;0
2023-01-18T17:55:37+00:00;411;5,2;28,3;18,1;62,1111;GOOD;GOOD;GOOD;0
2023-01-18T17:56:40+00:00;410;5,3;24,3;18,1;62,1112;GOOD;GOOD;GOOD;0
2023-01-18T17:57:43+00:00;411;5;27;18,1;62,1113;GOOD;GOOD;GOOD;0
2023-01-18T17:58:46+00:00;411;3,9;20,8;18;62,1114;GOOD;GOOD;GOOD;0
2023-01-18T17:59:49+00:00;410;4,6;25,4;18,1;62,1115;GOOD;GOOD;GOOD;0
2023-01-18T18:00:52+00:00;410;4;20;18,1;62,1116;GOOD;GOOD;GOOD;0
2023-01-18T18:01:55+00:00;411;3,8;18,1;18,1;62,1117;GOOD;GOOD;GOOD;0
2023-01-18T18:02:57+00:00;411;4,3;20,2;18,1;62,1118;GOOD;GOOD;GOOD;0
2023-01-18T18:05:08+00:00;410;5,2;25,6;18,1;62,1119;GOOD;GOOD;GOOD;0
2023-01-18T18:06:11+00:00;411;4,6;24,2;18,1;62,112;GOOD;GOOD;GOOD;0
2023-01-18T18:07:13+00:00;410;4,3;15,4;18;62,1121;GOOD;GOOD;GOOD;0
2023-01-18T18:08:16+00:00;410;4;17,7;18,1;62,1122;GOOD;GOOD;GOOD;0
2023-01-18T18:09:19+00:00;410;10;57,9;18;62,1123;GOOD;GOOD;GOOD;0
2023-01-18T18:10:22+00:00;410;10,5;66,9;17,9;62,1124;GOOD;GOOD;GOOD;0
2023-01-18T18:11:25+00:00;411;10,2;57,4;17,9;62,1125;GOOD;GOOD;GOOD;0
2023-01-18T18:12:27+00:00;409;4,9;27,6;18;62,1126;GOOD;GOOD;GOOD;0
2023-01-18T18:13:30+00:00;410;4,8;27,2;17,9;62,1127;GOOD;GOOD;GOOD;0
2023-01-18T18:14:33+00:00;410;4,6;20,8;18;62,1128;GOOD;GOOD;GOOD;0
2023-01-18T18:15:36+00:00;410;4,4;19,2;17,9;62,1129;GOOD;GOOD;GOOD;0
2023-01-18T18:16:39+00:00;410;4,6;21,4;17,9;62,113;GOOD;GOOD;GOOD;0
2023-01-18T18:17:41+00:00;410;4,5;18,6;17,9;62,1131;GOOD;GOOD;GOOD;0
2023-01-18T18:18:44+00:00;410;4,6;19,1;18;62,1132;GOOD;GOOD;GOOD;0
2023-01-18T18:19:47+00:00;410;4,6;15,9;18;62,1133;GOOD;GOOD;GOOD;0
2023-01-18T18:20:52+00:00;410;4,4;18,5;17,9;62,1134;GOOD;GOOD;GOOD;0
2023-01-18T18:21:52+00:00;410;4,3;17,5;18;62,1135;GOOD;GOOD;GOOD;0
2023-01-18T18:22:55+00:00;410;4,7;25,3;18;62,1136;GOOD;GOOD;GOOD;0
2023-01-18T18:23:58+00:00;410;4,2;17,3;18;62,1137;GOOD;GOOD;GOOD;0
2023-01-18T18:25:01+00:00;410;4;18,5;18;62,1138;GOOD;GOOD;GOOD;0
2023-01-18T18:26:03+00:00;410;4;15,8;17,9;62,1139;GOOD;GOOD;GOOD;0
2023-01-18T18:27:06+00:00;410;4,2;17,2;17,9;62,114;GOOD;GOOD;GOOD;0
2023-01-18T18:28:09+00:00;409;3,8;15,3;17,9;62,1141;GOOD;GOOD;GOOD;0
2023-01-18T18:29:12+00:00;408;4,2;18,6;17,9;62,1142;GOOD;GOOD;GOOD;0
2023-01-18T18:30:14+00:00;406;3,6;13,5;17,9;62,1143;GOOD;GOOD;GOOD;0
2023-01-18T18:31:20+00:00;406;4,1;15,5;17,9;62,1144;GOOD;GOOD;GOOD;0
2023-01-18T18:32:20+00:00;405;4;13,2;17,9;62,1145;GOOD;GOOD;GOOD;0
2023-01-18T18:33:23+00:00;399;3,8;17,5;17,9;62,1146;GOOD;GOOD;GOOD;0
2023-01-18T18:34:25+00:00;394;4;16,8;17,9;62,1147;GOOD;GOOD;GOOD;0
2023-01-18T18:35:28+00:00;412;3,8;12,2;17,9;62,1148;GOOD;GOOD;GOOD;0
2023-01-18T18:36:31+00:00;408;3,2;11,3;17,9;62,1149;GOOD;GOOD;GOOD;0
2023-01-18T18:37:34+00:00;408;3;11,9;17,9;62,115;GOOD;GOOD;GOOD;0
2023-01-18T18:38:37+00:00;416;2,9;11,8;17,9;62,1151;GOOD;GOOD;GOOD;0
2023-01-18T18:39:39+00:00;417;3,4;17,1;17,9;62,1152;GOOD;GOOD;GOOD;0
2023-01-18T18:40:42+00:00;415;3,2;13,9;17,9;62,1153;GOOD;GOOD;GOOD;0
2023-01-18T18:41:45+00:00;414;3,3;12,2;17,9;62,1154;GOOD;GOOD;GOOD;0
2023-01-18T18:42:48+00:00;412;3,3;12,3;17,9;62,1155;GOOD;GOOD;GOOD;0
2023-01-18T18:43:50+00:00;414;3,2;13,1;17,9;62,1156;GOOD;GOOD;GOOD;0
2023-01-18T18:44:53+00:00;406;3,1;8,4;17,9;62,1157;GOOD;GOOD;GOOD;0
2023-01-18T18:45:56+00:00;412;3,1;12,8;17,9;62,1158;GOOD;GOOD;GOOD;0
2023-01-18T18:46:58+00:00;412;3;10,9;17,9;62,1159;GOOD;GOOD;GOOD;0
2023-01-18T18:48:01+00:00;411;3,3;15,5;17,9;62,116;GOOD;GOOD;GOOD;0
2023-01-18T18:49:04+00:00;410;3,5;12,9;17,9;62,1161;GOOD;GOOD;GOOD;0
2023-01-18T18:50:07+00:00;410;3,4;12,6;17,9;62,1162;GOOD;GOOD;GOOD;0
2023-01-18T18:52:18+00:00;410;2,8;10,2;17,9;62,1163;GOOD;GOOD;GOOD;0
2023-01-18T18:53:21+00:00;412;2,9;10,1;17,9;62,1164;GOOD;GOOD;GOOD;0
2023-01-18T18:54:24+00:00;411;18,9;29,8;17,9;62,1165;GOOD;GOOD;GOOD;0
2023-01-18T18:55:29+00:00;412;8,3;17,2;18,1;62,1166;GOOD;GOOD;GOOD;0
2023-01-18T18:56:31+00:00;412;4,9;10,8;18,1;62,1167;GOOD;GOOD;GOOD;0
2023-01-18T18:57:33+00:00;409;3,9;10;18,1;62,1168;GOOD;GOOD;GOOD;0
2023-01-18T18:58:36+00:00;411;3,1;8,9;18,1;62,1169;GOOD;GOOD;GOOD;0
2023-01-18T19:00:47+00:00;413;3,1;7,7;18,1;62,117;GOOD;GOOD;GOOD;0
2023-01-18T19:01:50+00:00;412;2,7;8,3;18,1;62,1171;GOOD;GOOD;GOOD;0
2023-01-18T19:02:52+00:00;411;2,9;9;18,1;62,1172;GOOD;GOOD;GOOD;0
2023-01-18T19:03:55+00:00;416;2,7;7;18,1;62,1173;GOOD;GOOD;GOOD;0
2023-01-18T19:04:58+00:00;392;2,6;6,3;18,1;62,1174;GOOD;GOOD;GOOD;0
2023-01-18T19:06:00+00:00;400;2,9;8,3;18;62,1175;GOOD;GOOD;GOOD;0
2023-01-18T19:07:03+00:00;402;2,8;8,6;18;62,1176;GOOD;GOOD;GOOD;0
2023-01-18T19:08:06+00:00;416;2,5;8,9;18;62,1177;GOOD;GOOD;GOOD;0
2023-01-18T19:09:09+00:00;405;2,6;8,9;18,1;62,1178;GOOD;GOOD;GOOD;0
2023-01-18T19:10:12+00:00;403;2,6;8,8;18,1;62,1179;GOOD;GOOD;GOOD;0
2023-01-18T19:11:15+00:00;391;3,2;13,4;18,1;62,118;GOOD;GOOD;GOOD;0
2023-01-18T19:12:17+00:00;403;2,7;6,9;18,1;62,1181;GOOD;GOOD;GOOD;0
2023-01-18T19:13:20+00:00;416;3,1;14,7;18,1;62,1182;GOOD;GOOD;GOOD;0
2023-01-18T19:14:23+00:00;408;3,1;15,7;18,1;62,1183;GOOD;GOOD;GOOD;0
2023-01-18T19:15:26+00:00;403;3,4;13,2;18,1;62,1184;GOOD;GOOD;GOOD;0
2023-01-18T19:16:29+00:00;396;2,8;10,7;18,1;62,1185;GOOD;GOOD;GOOD;0
2023-01-18T19:17:32+00:00;393;3,1;10,8;18,2;62,1186;GOOD;GOOD;GOOD;0
2023-01-18T19:18:35+00:00;404;3,2;12,5;18,2;62,1187;GOOD;GOOD;GOOD;0
2023-01-18T19:19:38+00:00;413;47,4;55,3;18,2;62,1188;GOOD;GOOD;GOOD;0
2023-01-18T19:20:41+00:00;406;149,6;422,7;18,2;62,1189;GOOD;Unhealthy;Very Unhealthy;1
2023-01-18T19:21:43+00:00;411;4,4;10,8;18,3;62,119;GOOD;GOOD;GOOD;0
2023-01-18T19:22:46+00:00;412;2,8;14,2;18,3;62,1191;GOOD;GOOD;GOOD;0
2023-01-18T19:23:49+00:00;411;2,5;9;18,3;62,1192;GOOD;GOOD;GOOD;0
2023-01-18T19:24:52+00:00;411;2,5;8;18,3;62,1193;GOOD;GOOD;GOOD;0
2023-01-18T19:25:55+00:00;411;3,1;14,8;18,3;62,1194;GOOD;GOOD;GOOD;0
2023-01-18T19:26:57+00:00;413;3,1;16,5;18,2;62,1195;GOOD;GOOD;GOOD;0
2023-01-18T19:28:00+00:00;412;77;180;18,3;62,1196;GOOD;Moderate;Moderate;1
2023-01-18T19:29:03+00:00;413;88;180;18,2;62,1197;GOOD;Moderate;Moderate;1
2023-01-18T19:30:06+00:00;413;88;180;18,2;62,1198;GOOD;Moderate;Moderate;1
2023-01-18T19:31:09+00:00;412;88;180;18,2;62,1199;GOOD;Moderate;Moderate;1
2023-01-18T19:32:12+00:00;413;88;180;18,2;62,12;GOOD;Moderate;Moderate;1
2023-01-18T19:33:15+00:00;413;88;180;18,1;62,1201;GOOD;Moderate;Moderate;1
2023-01-18T19:34:18+00:00;409;88;180;18,1;62,1202;GOOD;Moderate;Moderate;1
2023-01-18T19:35:21+00:00;404;88;180;18,1;62,1203;GOOD;Moderate;Moderate;1
2023-01-18T19:36:24+00:00;408;88;180;18,1;62,1204;GOOD;Moderate;Moderate;1
2023-01-18T19:37:26+00:00;402;88;180;18,1;62,1205;GOOD;Moderate;Moderate;1
2023-01-18T19:38:29+00:00;408;88;180;18;62,1206;GOOD;Moderate;Moderate;1
2023-01-18T19:39:32+00:00;406;88;180;18;62,1207;GOOD;Moderate;Moderate;1
2023-01-18T19:40:35+00:00;417;3,1;180;18;62,1208;GOOD;GOOD;Moderate;1
2023-01-18T19:41:38+00:00;416;3;9,8;17,9;62,1209;GOOD;GOOD;GOOD;0
2023-01-18T19:42:41+00:00;417;3,3;9,7;17,9;62,121;GOOD;GOOD;GOOD;0
2023-01-18T19:43:43+00:00;416;7,6;13,5;17,9;62,1211;GOOD;GOOD;GOOD;0
2023-01-18T19:44:46+00:00;409;22,1;31,8;17,9;62,1212;GOOD;GOOD;GOOD;0
2023-01-18T19:45:49+00:00;408;26,3;38,7;17,9;62,1213;GOOD;GOOD;GOOD;0
2023-01-18T19:46:52+00:00;391;20,9;34,2;17,9;62,1214;GOOD;GOOD;GOOD;0
2023-01-18T19:47:54+00:00;401;11;15,6;18;62,1215;GOOD;GOOD;GOOD;0
2023-01-18T19:48:57+00:00;399;9,5;17;18;62,1216;GOOD;GOOD;GOOD;0
2023-01-18T19:50:00+00:00;398;7,1;11;18;62,1217;GOOD;GOOD;GOOD;0
2023-01-18T19:51:06+00:00;396;6;11,7;18;62,1218;GOOD;GOOD;GOOD;0
2023-01-18T19:52:09+00:00;393;5,5;9,3;18;62,1219;GOOD;GOOD;GOOD;0
2023-01-18T19:53:20+00:00;391;4,8;10,6;18;62,122;GOOD;GOOD;GOOD;0
2023-01-18T19:54:18+00:00;390;4,5;11,1;18;62,1221;GOOD;GOOD;GOOD;0
2023-01-18T19:55:20+00:00;399;5,3;9,7;18;62,1222;GOOD;GOOD;GOOD;0
2023-01-18T19:56:23+00:00;397;4,5;9;18;62,1223;GOOD;GOOD;GOOD;0
2023-01-18T19:58:36+00:00;401;4,2;6,2;18,1;62,1224;GOOD;GOOD;GOOD;0
2023-01-18T19:59:38+00:00;400;4;8,5;18;62,1225;GOOD;GOOD;GOOD;0
2023-01-18T20:00:45+00:00;406;4,4;8,2;18,1;62,1226;GOOD;GOOD;GOOD;0
2023-01-18T20:01:49+00:00;411;4,2;7,8;18,1;62,1227;GOOD;GOOD;GOOD;0
2023-01-18T20:02:52+00:00;408;4,6;9,3;18,2;62,1228;GOOD;GOOD;GOOD;0
2023-01-18T20:03:55+00:00;411;4;8,7;18,3;62,1229;GOOD;GOOD;GOOD;0
2023-01-18T20:04:58+00:00;414;4,5;8,8;18,3;62,123;GOOD;GOOD;GOOD;0
2023-01-18T20:06:03+00:00;414;4,6;9,3;18,4;62,1231;GOOD;GOOD;GOOD;0
2023-01-18T20:07:06+00:00;409;4,5;8;18,4;62,1232;GOOD;GOOD;GOOD;0
2023-01-18T20:08:08+00:00;414;4,2;8,1;18,4;62,1233;GOOD;GOOD;GOOD;0
2023-01-18T20:09:11+00:00;415;3,7;8;18,5;62,1234;GOOD;GOOD;GOOD;0
2023-01-18T20:10:14+00:00;435;3,9;7,5;18,5;62,1235;GOOD;GOOD;GOOD;0
2023-01-18T20:11:17+00:00;430;3,7;8,3;18,5;62,1236;GOOD;GOOD;GOOD;0
2023-01-18T20:12:20+00:00;430;3,3;7,5;18,5;62,1237;GOOD;GOOD;GOOD;0
2023-01-18T20:13:23+00:00;430;3,5;6,5;18,5;62,1238;GOOD;GOOD;GOOD;0
2023-01-18T20:14:26+00:00;437;3,3;7,3;18,5;62,1239;GOOD;GOOD;GOOD;0
2023-01-18T20:15:28+00:00;438;3,1;7,4;18,5;62,124;GOOD;GOOD;GOOD;0
2023-01-18T20:16:31+00:00;432;2,7;5,1;18,4;62,1241;GOOD;GOOD;GOOD;0
2023-01-18T20:17:34+00:00;432;2,9;6;18,4;62,1242;GOOD;GOOD;GOOD;0
2023-01-18T20:18:37+00:00;430;3,6;7,6;18,2;62,1243;GOOD;GOOD;GOOD;0
2023-01-18T20:19:40+00:00;432;10,7;14,9;18,1;62,1244;GOOD;GOOD;GOOD;0
2023-01-18T20:20:43+00:00;430;15,9;22,8;18,1;62,1245;GOOD;GOOD;GOOD;0
2023-01-18T20:21:46+00:00;430;15,2;20,8;18,1;62,1246;GOOD;GOOD;GOOD;0
2023-01-18T20:22:52+00:00;430;15,3;21,8;18;62,1247;GOOD;GOOD;GOOD;0
2023-01-18T20:23:52+00:00;430;10,2;26,8;18;62,1248;GOOD;GOOD;GOOD;0
2023-01-18T20:24:55+00:00;429;9,8;40,3;18;62,1249;GOOD;GOOD;GOOD;0
2023-01-18T20:25:58+00:00;430;7,8;22,8;18;62,125;GOOD;GOOD;GOOD;0
2023-01-18T20:27:01+00:00;429;7,3;21;18;62,1251;GOOD;GOOD;GOOD;0
2023-01-18T20:28:07+00:00;430;6,1;20,7;18;62,1252;GOOD;GOOD;GOOD;0
2023-01-18T20:29:12+00:00;429;5,7;19,9;18;62,1253;GOOD;GOOD;GOOD;0
2023-01-18T20:30:14+00:00;430;5,2;16,7;17,9;62,1254;GOOD;GOOD;GOOD;0
2023-01-18T20:31:17+00:00;435;4,5;12,2;17,9;62,1255;GOOD;GOOD;GOOD;0
2023-01-18T20:32:22+00:00;428;4,1;11,4;17,8;62,1256;GOOD;GOOD;GOOD;0
2023-01-18T20:34:31+00:00;429;4,1;15,1;17,8;62,1257;GOOD;GOOD;GOOD;0
2023-01-18T20:36:42+00:00;429;4;11,3;17,8;62,1258;GOOD;GOOD;GOOD;0
2023-01-18T20:37:48+00:00;429;3,8;13,2;17,7;62,1259;GOOD;GOOD;GOOD;0
2023-01-18T20:38:48+00:00;428;3,7;10,3;17,7;62,126;GOOD;GOOD;GOOD;0
2023-01-18T20:39:51+00:00;428;4;9,3;17,7;62,1261;GOOD;GOOD;GOOD;0
2023-01-18T20:40:54+00:00;428;3,8;10,1;17,6;62,1262;GOOD;GOOD;GOOD;0
2023-01-18T20:41:57+00:00;428;3,5;7,3;17,6;62,1263;GOOD;GOOD;GOOD;0
2023-01-18T20:43:00+00:00;428;3,6;7,8;17,6;62,1264;GOOD;GOOD;GOOD;0
2023-01-18T20:44:05+00:00;428;3,9;9,4;17,6;62,1265;GOOD;GOOD;GOOD;0
2023-01-18T20:45:08+00:00;427;4,2;10;17,6;62,1266;GOOD;GOOD;GOOD;0
2023-01-18T20:46:11+00:00;427;4,1;11,3;17,6;62,1267;GOOD;GOOD;GOOD;0
2023-01-18T20:47:14+00:00;425;3,5;7;17,6;62,1268;GOOD;GOOD;GOOD;0
2023-01-18T20:48:17+00:00;423;3,1;8,3;17,6;62,1269;GOOD;GOOD;GOOD;0
2023-01-18T20:49:20+00:00;423;3,2;7,9;17,6;62,127;GOOD;GOOD;GOOD;0
2023-01-18T20:50:23+00:00;421;3,2;8,8;17,5;62,1271;GOOD;GOOD;GOOD;0
2023-01-18T20:51:26+00:00;415;3,2;8;17,5;62,1272;GOOD;GOOD;GOOD;0
2023-01-18T20:52:29+00:00;416;3,2;12,3;17,5;62,1273;GOOD;GOOD;GOOD;0
2023-01-18T20:53:33+00:00;416;3,1;6,8;17,6;62,1274;GOOD;GOOD;GOOD;0
2023-01-18T20:54:35+00:00;416;3,6;11,2;17,5;62,1275;GOOD;GOOD;GOOD;0
2023-01-18T20:55:38+00:00;416;3,1;6,7;17,5;62,1276;GOOD;GOOD;GOOD;0
2023-01-18T20:56:41+00:00;410;3;9,3;17,5;62,1277;GOOD;GOOD;GOOD;0
2023-01-18T20:57:44+00:00;413;3;8,8;17,5;62,1278;GOOD;GOOD;GOOD;0
2023-01-18T20:58:47+00:00;415;3,3;8,3;17,5;62,1279;GOOD;GOOD;GOOD;0
2023-01-18T20:59:49+00:00;416;2,9;5,9;17,5;62,128;GOOD;GOOD;GOOD;0
2023-01-18T21:00:52+00:00;415;3;7;17,5;62,1281;GOOD;GOOD;GOOD;0
2023-01-18T21:01:55+00:00;415;2,5;5,1;17,5;62,1282;GOOD;GOOD;GOOD;0
2023-01-18T21:04:06+00:00;406;2,6;6,1;17,5;62,1283;GOOD;GOOD;GOOD;0
2023-01-18T21:05:09+00:00;408;2,8;8,7;17,5;62,1284;GOOD;GOOD;GOOD;0
2023-01-18T21:06:11+00:00;399;2,7;6,7;17,4;62,1285;GOOD;GOOD;GOOD;0
2023-01-18T21:07:14+00:00;411;2,4;5;17,4;62,1286;GOOD;GOOD;GOOD;0
2023-01-18T21:08:17+00:00;414;2,4;5,6;17,4;62,1287;GOOD;GOOD;GOOD;0
2023-01-18T21:09:20+00:00;410;2,2;5,9;17,3;62,1288;GOOD;GOOD;GOOD;0
2023-01-18T21:10:23+00:00;403;2,1;4,1;17,2;62,1289;GOOD;GOOD;GOOD;0
2023-01-18T21:11:26+00:00;413;2,1;5,1;17,2;62,129;GOOD;GOOD;GOOD;0
2023-01-18T21:12:28+00:00;415;2,1;5,9;17,2;62,1291;GOOD;GOOD;GOOD;0
2023-01-18T21:13:31+00:00;421;2;6,6;17,3;62,1292;GOOD;GOOD;GOOD;0
2023-01-18T21:15:42+00:00;414;2,3;5,2;17,2;62,1293;GOOD;GOOD;GOOD;0
2023-01-18T21:16:45+00:00;413;2,1;5;17,3;62,1294;GOOD;GOOD;GOOD;0
2023-01-18T21:17:47+00:00;414;2,1;6,1;17,3;62,1295;GOOD;GOOD;GOOD;0
2023-01-18T21:18:50+00:00;414;1,8;2,8;17,2;62,1296;GOOD;GOOD;GOOD;0
2023-01-18T21:19:53+00:00;412;1,9;4,5;17,2;62,1297;GOOD;GOOD;GOOD;0
2023-01-18T21:20:56+00:00;412;2,2;5;17,2;62,1298;GOOD;GOOD;GOOD;0
2023-01-18T21:21:59+00:00;412;2;5,2;17,2;62,1299;GOOD;GOOD;GOOD;0
2023-01-18T21:23:02+00:00;412;2;5;17,2;62,13;GOOD;GOOD;GOOD;0
2023-01-18T21:24:05+00:00;412;1,8;5,8;17,2;62,1301;GOOD;GOOD;GOOD;0
2023-01-18T21:25:07+00:00;414;1,9;4,8;17,2;62,1302;GOOD;GOOD;GOOD;0
2023-01-18T21:26:10+00:00;412;2;6,1;17,2;62,1303;GOOD;GOOD;GOOD;0
2023-01-18T21:27:13+00:00;412;1,9;4,2;17,2;62,1304;GOOD;GOOD;GOOD;0
2023-01-18T21:28:16+00:00;413;1,7;3,8;17,2;62,1305;GOOD;GOOD;GOOD;0
2023-01-18T21:29:19+00:00;412;1,9;6;17,2;62,1306;GOOD;GOOD;GOOD;0
2023-01-18T21:30:22+00:00;412;1,8;3,7;17,2;62,1307;GOOD;GOOD;GOOD;0
2023-01-18T21:31:24+00:00;412;2,3;8,2;17,1;62,1308;GOOD;GOOD;GOOD;0
2023-01-18T21:32:27+00:00;412;1,6;4;17,1;62,1309;GOOD;GOOD;GOOD;0
2023-01-18T21:33:30+00:00;412;1,8;4,8;17,1;62,131;GOOD;GOOD;GOOD;0
2023-01-18T21:34:33+00:00;412;1,7;3,8;17,1;62,1311;GOOD;GOOD;GOOD;0
2023-01-18T21:35:36+00:00;413;1,5;3,8;17;62,1312;GOOD;GOOD;GOOD;0
2023-01-18T21:36:39+00:00;412;1,9;4,9;17;62,1313;GOOD;GOOD;GOOD;0
2023-01-18T21:37:41+00:00;413;1,4;4,3;17;62,1314;GOOD;GOOD;GOOD;0
2023-01-18T21:38:44+00:00;414;1,5;3,1;17;62,1315;GOOD;GOOD;GOOD;0
2023-01-18T21:39:47+00:00;413;1,8;6,9;16,9;62,1316;GOOD;GOOD;GOOD;0
2023-01-18T21:40:50+00:00;413;1,7;6,2;16,9;62,1317;GOOD;GOOD;GOOD;0
2023-01-18T21:41:53+00:00;413;1,8;6,4;16,9;62,1318;GOOD;GOOD;GOOD;0
2023-01-18T21:42:55+00:00;413;1,4;4,2;16,9;62,1319;GOOD;GOOD;GOOD;0
2023-01-18T21:43:58+00:00;413;1,4;3,3;16,9;62,132;GOOD;GOOD;GOOD;0
2023-01-18T21:45:01+00:00;412;1,4;3,4;17;62,1321;GOOD;GOOD;GOOD;0
2023-01-18T21:46:04+00:00;412;14,8;26,6;17;62,1322;GOOD;GOOD;GOOD;0
2023-01-18T21:47:07+00:00;413;34,9;48,6;17;62,1323;GOOD;GOOD;GOOD;0
2023-01-18T21:48:09+00:00;413;37;48,5;17;62,1324;GOOD;GOOD;GOOD;0
2023-01-18T21:49:12+00:00;412;24,4;33,9;17;62,1325;GOOD;GOOD;GOOD;0
2023-01-18T21:50:15+00:00;413;16,5;23,6;16,9;62,1326;GOOD;GOOD;GOOD;0
2023-01-18T21:51:18+00:00;412;12,1;18,9;16,9;62,1327;GOOD;GOOD;GOOD;0
2023-01-18T21:52:20+00:00;413;10,1;14,5;16,8;62,1328;GOOD;GOOD;GOOD;0
2023-01-18T21:53:23+00:00;412;8,8;16,3;16,8;62,1329;GOOD;GOOD;GOOD;0
2023-01-18T21:54:26+00:00;413;8,2;12,9;16,8;62,133;GOOD;GOOD;GOOD;0
2023-01-18T21:55:29+00:00;412;8;11,3;16,7;62,1331;GOOD;GOOD;GOOD;0
2023-01-18T21:56:32+00:00;413;8,8;13,3;16,6;62,1332;GOOD;GOOD;GOOD;0
2023-01-18T21:57:35+00:00;415;8,7;12,6;16,6;62,1333;GOOD;GOOD;GOOD;0
2023-01-18T21:58:37+00:00;414;7,5;10,7;16,6;62,1334;GOOD;GOOD;GOOD;0
2023-01-18T21:59:40+00:00;415;8;11,1;16,6;62,1335;GOOD;GOOD;GOOD;0
2023-01-18T22:00:43+00:00;415;7,1;9,2;16,5;62,1336;GOOD;GOOD;GOOD;0
2023-01-18T22:01:46+00:00;416;6,8;9;16,5;62,1337;GOOD;GOOD;GOOD;0
2023-01-18T22:02:48+00:00;418;6;9,3;16,5;62,1338;GOOD;GOOD;GOOD;0
2023-01-18T22:03:51+00:00;427;5,9;9,4;16,4;62,1339;GOOD;GOOD;GOOD;0
2023-01-18T22:04:54+00:00;432;6,2;9,6;16,4;62,134;GOOD;GOOD;GOOD;0
2023-01-18T22:05:57+00:00;416;6;10,2;16,4;62,1341;GOOD;GOOD;GOOD;0
2023-01-18T22:07:00+00:00;416;6;9,5;16,4;62,1342;GOOD;GOOD;GOOD;0
2023-01-18T22:08:02+00:00;416;5,8;9;16,4;62,1343;GOOD;GOOD;GOOD;0
2023-01-18T22:09:05+00:00;415;5,8;12,1;16,4;62,1344;GOOD;GOOD;GOOD;0
2023-01-18T22:10:08+00:00;415;5,5;10,1;16,5;62,1345;GOOD;GOOD;GOOD;0
2023-01-18T22:12:19+00:00;416;5,7;8,1;16,5;62,1346;GOOD;GOOD;GOOD;0
2023-01-18T22:13:21+00:00;416;5,3;8,7;16,5;62,1347;GOOD;GOOD;GOOD;0
2023-01-18T22:14:24+00:00;416;4,7;7,4;16,6;62,1348;GOOD;GOOD;GOOD;0
2023-01-18T22:15:27+00:00;417;4,4;7,2;16,5;62,1349;GOOD;GOOD;GOOD;0
2023-01-18T22:16:30+00:00;416;4,1;7,2;16,5;62,135;GOOD;GOOD;GOOD;0
2023-01-18T22:17:32+00:00;416;4,3;6,2;16,6;62,1351;GOOD;GOOD;GOOD;0
2023-01-18T22:18:35+00:00;416;3,8;6,7;16,6;62,1352;GOOD;GOOD;GOOD;0
2023-01-18T22:19:38+00:00;417;4;5,9;16,6;62,1353;GOOD;GOOD;GOOD;0
2023-01-18T22:20:41+00:00;416;3,5;6,4;16,6;62,1354;GOOD;GOOD;GOOD;0
2023-01-18T22:21:44+00:00;417;3,1;5,4;16,5;62,1355;GOOD;GOOD;GOOD;0
2023-01-18T22:22:47+00:00;416;3,5;6,4;16,5;62,1356;GOOD;GOOD;GOOD;0
2023-01-18T22:23:50+00:00;416;3;7,5;16,5;62,1357;GOOD;GOOD;GOOD;0
2023-01-18T22:24:52+00:00;415;3,4;8,6;16,5;62,1358;GOOD;GOOD;GOOD;0
2023-01-18T22:25:55+00:00;412;3,3;7,2;16,5;62,1359;GOOD;GOOD;GOOD;0
2023-01-18T22:26:58+00:00;413;2,8;4,9;16,5;62,136;GOOD;GOOD;GOOD;0
2023-01-18T22:28:01+00:00;413;3,2;6,4;16,4;62,1361;GOOD;GOOD;GOOD;0
2023-01-18T22:29:04+00:00;412;2,8;6,3;16,4;62,1362;GOOD;GOOD;GOOD;0
2023-01-18T22:30:06+00:00;413;2,5;5;16,4;62,1363;GOOD;GOOD;GOOD;0
2023-01-18T22:31:09+00:00;412;3,2;5,9;16,5;62,1364;GOOD;GOOD;GOOD;0
2023-01-18T22:32:12+00:00;412;2,4;5,2;16,4;62,1365;GOOD;GOOD;GOOD;0
2023-01-18T22:33:15+00:00;413;2,6;4,3;16,5;62,1366;GOOD;GOOD;GOOD;0
2023-01-18T22:34:17+00:00;412;2,6;6,5;16,5;62,1367;GOOD;GOOD;GOOD;0
2023-01-18T22:35:20+00:00;412;2,2;5,3;16,5;62,1368;GOOD;GOOD;GOOD;0
2023-01-18T22:36:25+00:00;412;2;4,2;16,4;62,1369;GOOD;GOOD;GOOD;0
2023-01-18T22:37:25+00:00;413;2,5;4,9;16,4;62,137;GOOD;GOOD;GOOD;0
2023-01-18T22:38:28+00:00;412;2,1;3,7;16,4;62,1371;GOOD;GOOD;GOOD;0
2023-01-18T22:39:31+00:00;411;2,3;4,8;16,4;62,1372;GOOD;GOOD;GOOD;0
2023-01-18T22:40:34+00:00;411;2,4;3,9;16,4;62,1373;GOOD;GOOD;GOOD;0
2023-01-18T22:41:37+00:00;411;2;4,5;16,4;62,1374;GOOD;GOOD;GOOD;0
2023-01-18T22:42:40+00:00;411;2;3,7;16,3;62,1375;GOOD;GOOD;GOOD;0
2023-01-18T22:43:43+00:00;411;2,2;4,9;16,4;62,1376;GOOD;GOOD;GOOD;0
2023-01-18T22:44:46+00:00;410;2,2;3,9;16,4;62,1377;GOOD;GOOD;GOOD;0
2023-01-18T22:45:49+00:00;411;1,9;3,8;16,4;62,1378;GOOD;GOOD;GOOD;0
2023-01-18T22:46:52+00:00;410;1,8;5;16,5;62,1379;GOOD;GOOD;GOOD;0
2023-01-18T22:47:54+00:00;410;1,8;3,3;16,5;62,138;GOOD;GOOD;GOOD;0
2023-01-18T22:48:57+00:00;411;2;3,5;16,5;62,1381;GOOD;GOOD;GOOD;0
2023-01-18T22:50:00+00:00;409;1,9;3,7;16,5;62,1382;GOOD;GOOD;GOOD;0
2023-01-18T22:51:03+00:00;409;1,6;4,2;16,5;62,1383;GOOD;GOOD;GOOD;0
2023-01-18T22:52:06+00:00;409;1,7;3,9;16,5;62,1384;GOOD;GOOD;GOOD;0
2023-01-18T22:53:08+00:00;408;1,5;3,4;16,5;62,1385;GOOD;GOOD;GOOD;0
2023-01-18T22:54:11+00:00;409;1,6;3,1;16,5;62,1386;GOOD;GOOD;GOOD;0
2023-01-18T22:56:22+00:00;409;1,6;2,4;16,4;62,1387;GOOD;GOOD;GOOD;0
2023-01-18T22:57:24+00:00;406;1,4;3,1;16,4;62,1388;GOOD;GOOD;GOOD;0
2023-01-18T22:58:27+00:00;404;1,5;3,2;16,4;62,1389;GOOD;GOOD;GOOD;0
2023-01-18T22:59:30+00:00;402;1,7;3,4;16,4;62,139;GOOD;GOOD;GOOD;0
2023-01-18T23:00:33+00:00;402;1,3;3,5;16,4;62,1391;GOOD;GOOD;GOOD;0
2023-01-18T23:02:43+00:00;401;1,6;3,7;16,5;62,1392;GOOD;GOOD;GOOD;0
2023-01-18T23:03:46+00:00;401;1,5;4,2;16,5;62,1393;GOOD;GOOD;GOOD;0
2023-01-18T23:04:48+00:00;400;1,3;4,3;16,5;62,1394;GOOD;GOOD;GOOD;0
2023-01-18T23:05:51+00:00;402;1,5;3,1;16,5;62,1395;GOOD;GOOD;GOOD;0
2023-01-18T23:06:54+00:00;401;1,2;3;16,5;62,1396;GOOD;GOOD;GOOD;0
2023-01-18T23:09:05+00:00;401;1,2;2,7;16,5;62,1397;GOOD;GOOD;GOOD;0
2023-01-18T23:10:08+00:00;402;1,4;2,8;16,5;62,1398;GOOD;GOOD;GOOD;0
2023-01-18T23:11:11+00:00;404;1,6;3,3;16,5;62,1399;GOOD;GOOD;GOOD;0
2023-01-18T23:12:13+00:00;403;1,4;3,5;16,5;62,14;GOOD;GOOD;GOOD;0
2023-01-18T23:13:16+00:00;402;1,4;4;16,5;62,1401;GOOD;GOOD;GOOD;0
2023-01-18T23:14:19+00:00;400;1,2;1,9;16,5;62,1402;GOOD;GOOD;GOOD;0
2023-01-18T23:15:22+00:00;401;1,5;2,7;16,5;62,1403;GOOD;GOOD;GOOD;0
2023-01-18T23:16:24+00:00;400;1,4;3,3;16,5;62,1404;GOOD;GOOD;GOOD;0
2023-01-18T23:17:27+00:00;405;1,6;4,7;16,5;62,1405;GOOD;GOOD;GOOD;0
2023-01-18T23:18:30+00:00;402;1,6;3,4;16,5;62,1406;GOOD;GOOD;GOOD;0
2023-01-18T23:19:33+00:00;401;1,5;6,2;16,5;62,1407;GOOD;GOOD;GOOD;0
2023-01-18T23:20:35+00:00;400;1,5;6,2;16,5;62,1408;GOOD;GOOD;GOOD;0
2023-01-18T23:21:38+00:00;402;1,8;7,4;16,5;62,1409;GOOD;GOOD;GOOD;0
2023-01-18T23:22:41+00:00;401;1,7;7,8;16,5;62,141;GOOD;GOOD;GOOD;0
2023-01-18T23:25:59+00:00;403;1,6;6,3;16,5;62,1411;GOOD;GOOD;GOOD;0
2023-01-18T23:27:02+00:00;402;1,7;8,4;16,5;62,1412;GOOD;GOOD;GOOD;0
2023-01-18T23:28:05+00:00;402;1,6;3,2;16,5;62,1413;GOOD;GOOD;GOOD;0
2023-01-18T23:29:07+00:00;403;1,6;6,7;16,5;62,1414;GOOD;GOOD;GOOD;0
2023-01-18T23:30:10+00:00;402;1,9;8,6;16,5;62,1415;GOOD;GOOD;GOOD;0
2023-01-18T23:31:13+00:00;402;1,6;7,3;16,5;62,1416;GOOD;GOOD;GOOD;0
2023-01-18T23:32:15+00:00;402;1,7;6,6;16,5;62,1417;GOOD;GOOD;GOOD;0
2023-01-18T23:33:18+00:00;403;1,5;3,6;16,5;62,1418;GOOD;GOOD;GOOD;0
2023-01-18T23:34:21+00:00;401;1,2;3,7;16,5;62,1419;GOOD;GOOD;GOOD;0
2023-01-18T23:35:24+00:00;400;1,3;2,9;16,4;62,142;GOOD;GOOD;GOOD;0
2023-01-18T23:36:27+00:00;403;1,5;6;16,4;62,1421;GOOD;GOOD;GOOD;0
2023-01-18T23:37:29+00:00;406;1,4;5,4;16,5;62,1422;GOOD;GOOD;GOOD;0
2023-01-18T23:38:32+00:00;402;1,5;7,5;16,5;62,1423;GOOD;GOOD;GOOD;0
2023-01-18T23:39:35+00:00;401;1,5;7,2;16,4;62,1424;GOOD;GOOD;GOOD;0
2023-01-18T23:40:38+00:00;401;1,5;3,5;16,5;62,1425;GOOD;GOOD;GOOD;0
2023-01-18T23:41:40+00:00;409;1,4;5,5;16,5;62,1426;GOOD;GOOD;GOOD;0
2023-01-18T23:42:43+00:00;403;1,4;3,7;16,5;62,1427;GOOD;GOOD;GOOD;0
2023-01-18T23:43:46+00:00;403;1,4;6,3;16,5;62,1428;GOOD;GOOD;GOOD;0
2023-01-18T23:44:49+00:00;405;1,2;3;16,5;62,1429;GOOD;GOOD;GOOD;0
2023-01-18T23:45:52+00:00;403;1,3;3,9;16,5;62,143;GOOD;GOOD;GOOD;0
2023-01-18T23:46:54+00:00;404;1,3;3,9;16,4;62,1431;GOOD;GOOD;GOOD;0
2023-01-18T23:47:57+00:00;405;1,4;5,5;16,4;62,1432;GOOD;GOOD;GOOD;0
2023-01-18T23:49:00+00:00;406;1,3;4,1;16,4;62,1433;GOOD;GOOD;GOOD;0
2023-01-18T23:50:03+00:00;405;1,4;3,1;16,4;62,1434;GOOD;GOOD;GOOD;0
2023-01-18T23:51:06+00:00;405;1,4;4,7;16,4;62,1435;GOOD;GOOD;GOOD;0
2023-01-18T23:52:09+00:00;404;1,5;3,7;16,4;62,1436;GOOD;GOOD;GOOD;0
2023-01-18T23:53:11+00:00;402;1,5;5;16,4;62,1437;GOOD;GOOD;GOOD;0
2023-01-18T23:54:14+00:00;403;1,2;4;16,4;62,1438;GOOD;GOOD;GOOD;0
2023-01-18T23:55:17+00:00;401;1,5;4,6;16,4;62,1439;GOOD;GOOD;GOOD;0
2023-01-18T23:56:20+00:00;404;1,2;2,9;16,4;62,144;GOOD;GOOD;GOOD;0
2023-01-18T23:57:22+00:00;401;1,1;1,7;16,4;62,1441;GOOD;GOOD;GOOD;0
2023-01-18T23:59:33+00:00;405;1;2,8;16,4;62,1442;GOOD;GOOD;GOOD;0
2023-01-19T00:00:36+00:00;402;1,3;2,7;16,4;62,1443;GOOD;GOOD;GOOD;0
2023-01-19T00:01:39+00:00;403;1,2;3,1;16,4;62,1444;GOOD;GOOD;GOOD;0
2023-01-19T00:02:42+00:00;402;1,3;2,7;16,4;62,1445;GOOD;GOOD;GOOD;0
2023-01-19T00:03:44+00:00;402;1;2,3;16,4;62,1446;GOOD;GOOD;GOOD;0
2023-01-19T00:04:47+00:00;401;1,3;3,4;16,4;62,1447;GOOD;GOOD;GOOD;0
2023-01-19T00:05:50+00:00;401;1,2;3,1;16,4;62,1448;GOOD;GOOD;GOOD;0
2023-01-19T00:06:53+00:00;401;1,1;4,8;16,4;62,1449;GOOD;GOOD;GOOD;0
2023-01-19T00:07:55+00:00;403;1,2;3;16,4;62,145;GOOD;GOOD;GOOD;0
2023-01-19T00:08:58+00:00;398;1,2;2,6;16,4;62,1451;GOOD;GOOD;GOOD;0
2023-01-19T00:10:01+00:00;401;1,1;4;16,4;62,1452;GOOD;GOOD;GOOD;0
2023-01-19T00:11:04+00:00;400;1,4;4,5;16,4;62,1453;GOOD;GOOD;GOOD;0
2023-01-19T00:12:06+00:00;399;1;2,3;16,4;62,1454;GOOD;GOOD;GOOD;0
2023-01-19T00:13:09+00:00;399;1;3,4;16,4;62,1455;GOOD;GOOD;GOOD;0
2023-01-19T00:14:12+00:00;397;1,4;4,6;16,4;62,1456;GOOD;GOOD;GOOD;0
2023-01-19T00:15:15+00:00;400;1,1;3,2;16,4;62,1457;GOOD;GOOD;GOOD;0
2023-01-19T00:16:18+00:00;399;1,2;2,7;16,4;62,1458;GOOD;GOOD;GOOD;0
2023-01-19T00:17:20+00:00;409;1,1;2,5;16,4;62,1459;GOOD;GOOD;GOOD;0
2023-01-19T00:18:23+00:00;402;1,3;3,5;16,4;62,146;GOOD;GOOD;GOOD;0
2023-01-19T00:19:26+00:00;404;1,2;4,2;16,4;62,1461;GOOD;GOOD;GOOD;0
2023-01-19T00:20:29+00:00;404;1,3;3,5;16,4;62,1462;GOOD;GOOD;GOOD;0
2023-01-19T00:21:31+00:00;403;1,1;3,5;16,4;62,1463;GOOD;GOOD;GOOD;0
2023-01-19T00:23:42+00:00;401;1;3,2;16,4;62,1464;GOOD;GOOD;GOOD;0
2023-01-19T00:24:45+00:00;400;1,1;3,9;16,4;62,1465;GOOD;GOOD;GOOD;0
2023-01-19T00:25:47+00:00;403;1,1;4;16,4;62,1466;GOOD;GOOD;GOOD;0
2023-01-19T00:26:50+00:00;403;1,2;3,4;16,4;62,1467;GOOD;GOOD;GOOD;0
2023-01-19T00:27:53+00:00;401;1;3;16,4;62,1468;GOOD;GOOD;GOOD;0
2023-01-19T00:28:56+00:00;401;1;4,1;16,4;62,1469;GOOD;GOOD;GOOD;0
2023-01-19T00:29:59+00:00;400;1;2,9;16,4;62,147;GOOD;GOOD;GOOD;0
2023-01-19T00:31:02+00:00;399;1,1;3,3;16,4;62,1471;GOOD;GOOD;GOOD;0
2023-01-19T00:32:05+00:00;393;1;3,2;16,4;62,1472;GOOD;GOOD;GOOD;0
2023-01-19T00:33:07+00:00;392;0,9;2,2;16,4;62,1473;GOOD;GOOD;GOOD;0
2023-01-19T00:34:10+00:00;409;0,8;2,2;16,4;62,1474;GOOD;GOOD;GOOD;0
2023-01-19T00:35:13+00:00;403;0,9;2,4;16,5;62,1475;GOOD;GOOD;GOOD;0
2023-01-19T00:36:16+00:00;411;1,1;6,3;16,5;62,1476;GOOD;GOOD;GOOD;0
2023-01-19T00:37:18+00:00;408;1;3,3;16,5;62,1477;GOOD;GOOD;GOOD;0
2023-01-19T00:38:21+00:00;415;0,9;2,1;16,5;62,1478;GOOD;GOOD;GOOD;0
2023-01-19T00:39:24+00:00;422;0,9;2,5;16,5;62,1479;GOOD;GOOD;GOOD;0
2023-01-19T00:40:27+00:00;415;1,2;3,3;16,5;62,148;GOOD;GOOD;GOOD;0
2023-01-19T00:41:30+00:00;415;0,9;3,4;16,4;62,1481;GOOD;GOOD;GOOD;0
2023-01-19T00:42:32+00:00;415;1;2,1;16,4;62,1482;GOOD;GOOD;GOOD;0
2023-01-19T00:43:35+00:00;414;0,8;2,5;16,4;62,1483;GOOD;GOOD;GOOD;0
2023-01-19T00:44:38+00:00;415;0,9;3,4;16,4;62,1484;GOOD;GOOD;GOOD;0
2023-01-19T00:45:40+00:00;416;0,8;2,3;16,4;62,1485;GOOD;GOOD;GOOD;0
2023-01-19T00:46:43+00:00;416;0,8;2,5;16,4;62,1486;GOOD;GOOD;GOOD;0
2023-01-19T00:47:46+00:00;416;0,8;3,2;16,4;62,1487;GOOD;GOOD;GOOD;0
2023-01-19T00:48:49+00:00;416;1;2,9;16,4;62,1488;GOOD;GOOD;GOOD;0
2023-01-19T00:49:52+00:00;424;0,8;2,5;16,3;62,1489;GOOD;GOOD;GOOD;0
2023-01-19T00:50:55+00:00;416;1;2,3;16,4;62,149;GOOD;GOOD;GOOD;0
2023-01-19T00:51:58+00:00;415;0,9;2,9;16,3;62,1491;GOOD;GOOD;GOOD;0
2023-01-19T00:53:01+00:00;422;0,9;3,2;16,3;62,1492;GOOD;GOOD;GOOD;0
2023-01-19T00:54:03+00:00;416;1;2,6;16,3;62,1493;GOOD;GOOD;GOOD;0
2023-01-19T00:55:08+00:00;416;0,9;2,7;16,4;62,1494;GOOD;GOOD;GOOD;0
2023-01-19T00:56:09+00:00;415;0,7;1,8;16,3;62,1495;GOOD;GOOD;GOOD;0
2023-01-19T00:57:12+00:00;415;0,9;1,7;16,4;62,1496;GOOD;GOOD;GOOD;0
2023-01-19T00:58:14+00:00;421;1;3,6;16,4;62,1497;GOOD;GOOD;GOOD;0
2023-01-19T00:59:17+00:00;414;1;3,7;16,4;62,1498;GOOD;GOOD;GOOD;0
2023-01-19T01:00:20+00:00;420;0,8;2,5;16,4;62,1499;GOOD;GOOD;GOOD;0
2023-01-19T01:01:22+00:00;409;0,8;3;16,4;62,15;GOOD;GOOD;GOOD;0
2023-01-19T01:03:33+00:00;406;1,1;4,2;16,4;62,1501;GOOD;GOOD;GOOD;0
2023-01-19T01:04:36+00:00;406;0,9;2,7;16,4;62,1502;GOOD;GOOD;GOOD;0
2023-01-19T01:05:39+00:00;414;0,8;2,4;16,4;62,1503;GOOD;GOOD;GOOD;0
2023-01-19T01:06:41+00:00;403;0,9;3,9;16,4;62,1504;GOOD;GOOD;GOOD;0
2023-01-19T01:07:44+00:00;405;0,8;3,4;16,5;62,1505;GOOD;GOOD;GOOD;0
2023-01-19T01:08:47+00:00;406;1,1;4,5;16,4;62,1506;GOOD;GOOD;GOOD;0
2023-01-19T01:09:50+00:00;409;0,8;2,4;16,4;62,1507;GOOD;GOOD;GOOD;0
2023-01-19T01:10:52+00:00;405;0,7;2;16,4;62,1508;GOOD;GOOD;GOOD;0
2023-01-19T01:11:55+00:00;406;0,6;2,8;16,4;62,1509;GOOD;GOOD;GOOD;0
2023-01-19T01:12:58+00:00;403;0,9;4;16,4;62,151;GOOD;GOOD;GOOD;0
2023-01-19T01:14:01+00:00;406;1,2;2,4;16,4;62,1511;GOOD;GOOD;GOOD;0
2023-01-19T01:15:03+00:00;405;0,7;2,4;16,4;62,1512;GOOD;GOOD;GOOD;0
2023-01-19T01:16:06+00:00;404;0,9;2,3;16,4;62,1513;GOOD;GOOD;GOOD;0
2023-01-19T01:17:09+00:00;405;0,8;3,7;16,4;62,1514;GOOD;GOOD;GOOD;0
2023-01-19T01:18:12+00:00;405;1,2;6,4;16,4;62,1515;GOOD;GOOD;GOOD;0
2023-01-19T01:19:15+00:00;421;0,9;4,6;16,4;62,1516;GOOD;GOOD;GOOD;0
2023-01-19T01:20:18+00:00;413;0,9;4,8;16,4;62,1517;GOOD;GOOD;GOOD;0
2023-01-19T01:21:21+00:00;413;1,1;4,9;16,4;62,1518;GOOD;GOOD;GOOD;0
2023-01-19T01:22:24+00:00;410;1;4;16,4;62,1519;GOOD;GOOD;GOOD;0
2023-01-19T01:23:26+00:00;408;0,9;3;16,4;62,152;GOOD;GOOD;GOOD;0
2023-01-19T01:24:29+00:00;405;0,9;5,2;16,4;62,1521;GOOD;GOOD;GOOD;0
2023-01-19T01:25:32+00:00;410;0,7;2,5;16,4;62,1522;GOOD;GOOD;GOOD;0
2023-01-19T01:26:35+00:00;412;1,1;4,4;16,4;62,1523;GOOD;GOOD;GOOD;0
2023-01-19T01:27:38+00:00;412;0,8;4,2;16,4;62,1524;GOOD;GOOD;GOOD;0
2023-01-19T01:28:41+00:00;412;0,8;2,5;16,4;62,1525;GOOD;GOOD;GOOD;0
2023-01-19T01:29:44+00:00;414;0,9;3,4;16,4;62,1526;GOOD;GOOD;GOOD;0
2023-01-19T01:30:46+00:00;413;0,8;4,5;16,5;62,1527;GOOD;GOOD;GOOD;0
2023-01-19T01:31:49+00:00;414;1;4,5;16,5;62,1528;GOOD;GOOD;GOOD;0
2023-01-19T01:32:52+00:00;421;1;7,3;16,5;62,1529;GOOD;GOOD;GOOD;0
2023-01-19T01:33:55+00:00;415;0,8;3,6;16,5;62,153;GOOD;GOOD;GOOD;0
2023-01-19T01:34:58+00:00;422;0,8;4,1;16,5;62,1531;GOOD;GOOD;GOOD;0
2023-01-19T01:36:01+00:00;401;1;2,8;16,4;62,1532;GOOD;GOOD;GOOD;0
2023-01-19T01:37:04+00:00;408;0,7;4,6;16,4;62,1533;GOOD;GOOD;GOOD;0
2023-01-19T01:38:07+00:00;402;0,8;2,6;16,4;62,1534;GOOD;GOOD;GOOD;0
2023-01-19T01:39:09+00:00;403;0,8;2,5;16,4;62,1535;GOOD;GOOD;GOOD;0
2023-01-19T01:40:13+00:00;406;0,8;3,7;16,4;62,1536;GOOD;GOOD;GOOD;0
2023-01-19T01:41:15+00:00;414;0,7;1,9;16,4;62,1537;GOOD;GOOD;GOOD;0
2023-01-19T01:42:18+00:00;411;0,7;3,5;16,4;62,1538;GOOD;GOOD;GOOD;0
2023-01-19T01:43:21+00:00;411;0,7;2,3;16,4;62,1539;GOOD;GOOD;GOOD;0
2023-01-19T01:44:24+00:00;412;0,7;3,6;16,4;62,154;GOOD;GOOD;GOOD;0
2023-01-19T01:45:27+00:00;406;0,7;1,8;16,4;62,1541;GOOD;GOOD;GOOD;0
2023-01-19T01:46:29+00:00;412;0,9;2,2;16,4;62,1542;GOOD;GOOD;GOOD;0
2023-01-19T01:47:32+00:00;410;0,7;1,3;16,4;62,1543;GOOD;GOOD;GOOD;0
2023-01-19T01:48:35+00:00;411;0,6;2,9;16,4;62,1544;GOOD;GOOD;GOOD;0
2023-01-19T01:49:38+00:00;415;0,7;3,7;16,4;62,1545;GOOD;GOOD;GOOD;0
2023-01-19T01:50:41+00:00;413;0,6;2;16,4;62,1546;GOOD;GOOD;GOOD;0
2023-01-19T01:51:44+00:00;420;0,6;1,3;16,4;62,1547;GOOD;GOOD;GOOD;0
2023-01-19T01:52:46+00:00;417;0,6;1,3;16,4;62,1548;GOOD;GOOD;GOOD;0
2023-01-19T01:53:49+00:00;428;0,5;1,5;16,4;62,1549;GOOD;GOOD;GOOD;0
2023-01-19T01:54:52+00:00;439;0,5;1,4;16,4;62,155;GOOD;GOOD;GOOD;0
2023-01-19T01:55:55+00:00;448;0,4;1,3;16,4;62,1551;GOOD;GOOD;GOOD;0
2023-01-19T01:56:58+00:00;442;0,5;2,3;16,4;62,1552;GOOD;GOOD;GOOD;0
2023-01-19T01:58:01+00:00;442;0,5;1,5;16,4;62,1553;GOOD;GOOD;GOOD;0
2023-01-19T01:59:04+00:00;444;0,5;1;16,4;62,1554;GOOD;GOOD;GOOD;0
2023-01-19T02:00:07+00:00;449;0,6;1,7;16,4;62,1555;GOOD;GOOD;GOOD;0
2023-01-19T02:01:09+00:00;450;0,5;2,6;16,4;62,1556;GOOD;GOOD;GOOD;0
2023-01-19T02:02:12+00:00;444;0,6;1,3;16,4;62,1557;GOOD;GOOD;GOOD;0
2023-01-19T02:03:15+00:00;444;0,6;2,5;16,4;62,1558;GOOD;GOOD;GOOD;0
2023-01-19T02:04:18+00:00;445;0,3;0,8;16,4;62,1559;GOOD;GOOD;GOOD;0
2023-01-19T02:05:21+00:00;444;0,5;3,4;16,3;62,156;GOOD;GOOD;GOOD;0
2023-01-19T02:06:23+00:00;445;0,4;1,4;16,4;62,1561;GOOD;GOOD;GOOD;0
2023-01-19T02:07:26+00:00;445;0,6;2;16,4;62,1562;GOOD;GOOD;GOOD;0
2023-01-19T02:08:29+00:00;444;0,4;0,7;16,4;62,1563;GOOD;GOOD;GOOD;0
2023-01-19T02:09:32+00:00;444;0,4;1,7;16,3;62,1564;GOOD;GOOD;GOOD;0
2023-01-19T02:10:34+00:00;444;0,4;1,8;16,4;62,1565;GOOD;GOOD;GOOD;0
2023-01-19T02:11:38+00:00;445;0,4;1,9;16,4;62,1566;GOOD;GOOD;GOOD;0
2023-01-19T02:12:41+00:00;445;0,5;1,4;16,4;62,1567;GOOD;GOOD;GOOD;0
2023-01-19T02:13:43+00:00;445;0,4;1,9;16,3;62,1568;GOOD;GOOD;GOOD;0
2023-01-19T02:14:46+00:00;444;0,4;1,6;16,4;62,1569;GOOD;GOOD;GOOD;0
2023-01-19T02:15:49+00:00;444;0,4;1,2;16,4;62,157;GOOD;GOOD;GOOD;0
2023-01-19T02:16:52+00:00;445;0,3;0,5;16,3;62,1571;GOOD;GOOD;GOOD;0
2023-01-19T02:17:55+00:00;444;0,4;0,5;16,3;62,1572;GOOD;GOOD;GOOD;0
2023-01-19T02:18:58+00:00;445;0,3;0,7;16,4;62,1573;GOOD;GOOD;GOOD;0
2023-01-19T02:20:01+00:00;444;0,4;1,1;16,3;62,1574;GOOD;GOOD;GOOD;0
2023-01-19T02:21:03+00:00;446;0,4;0,5;16,3;62,1575;GOOD;GOOD;GOOD;0
2023-01-19T02:22:06+00:00;445;0,3;1;16,3;62,1576;GOOD;GOOD;GOOD;0
2023-01-19T02:23:10+00:00;451;0,4;1,3;16,3;62,1577;GOOD;GOOD;GOOD;0
2023-01-19T02:25:20+00:00;450;0,3;0,6;16,3;62,1578;GOOD;GOOD;GOOD;0
2023-01-19T02:26:23+00:00;444;0,4;1;16,4;62,1579;GOOD;GOOD;GOOD;0
2023-01-19T02:27:26+00:00;444;0,3;1,6;16,4;62,158;GOOD;GOOD;GOOD;0
2023-01-19T02:28:29+00:00;445;0,5;1,9;16,4;62,1581;GOOD;GOOD;GOOD;0
2023-01-19T02:29:32+00:00;444;0,6;1,9;16,4;62,1582;GOOD;GOOD;GOOD;0
2023-01-19T02:30:35+00:00;450;0,5;2,1;16,4;62,1583;GOOD;GOOD;GOOD;0
2023-01-19T02:31:38+00:00;444;0,4;1,9;16,4;62,1584;GOOD;GOOD;GOOD;0
2023-01-19T02:32:40+00:00;444;0,4;1,3;16,4;62,1585;GOOD;GOOD;GOOD;0
2023-01-19T02:33:43+00:00;445;0,7;3,7;16,4;62,1586;GOOD;GOOD;GOOD;0
2023-01-19T02:34:46+00:00;445;0,5;2,9;16,4;62,1587;GOOD;GOOD;GOOD;0
2023-01-19T02:35:49+00:00;451;0,5;2;16,4;62,1588;GOOD;GOOD;GOOD;0
2023-01-19T02:36:52+00:00;451;0,4;1,7;16,4;62,1589;GOOD;GOOD;GOOD;0
2023-01-19T02:37:55+00:00;445;0,4;1,5;16,4;62,159;GOOD;GOOD;GOOD;0
2023-01-19T02:38:57+00:00;444;0,4;1,3;16,4;62,1591;GOOD;GOOD;GOOD;0
2023-01-19T02:40:00+00:00;445;0,3;0,6;16,4;62,1592;GOOD;GOOD;GOOD;0
2023-01-19T02:41:03+00:00;444;0,3;1,7;16,3;62,1593;GOOD;GOOD;GOOD;0
2023-01-19T02:42:06+00:00;444;0,3;0,9;16,3;62,1594;GOOD;GOOD;GOOD;0
2023-01-19T02:43:09+00:00;444;0,4;0,9;16,3;62,1595;GOOD;GOOD;GOOD;0
2023-01-19T02:44:11+00:00;444;0,4;1,3;16,3;62,1596;GOOD;GOOD;GOOD;0
2023-01-19T02:45:14+00:00;445;0,3;0,9;16,3;62,1597;GOOD;GOOD;GOOD;0
2023-01-19T02:46:17+00:00;444;0,4;1,2;16,3;62,1598;GOOD;GOOD;GOOD;0
2023-01-19T02:47:20+00:00;445;0,4;1,1;16,3;62,1599;GOOD;GOOD;GOOD;0
2023-01-19T02:48:23+00:00;450;0,4;2,9;16,2;62,16;GOOD;GOOD;GOOD;0
2023-01-19T02:49:25+00:00;450;0,3;1,3;16,2;62,1601;GOOD;GOOD;GOOD;0
2023-01-19T02:50:28+00:00;444;0,5;1;16,2;62,1602;GOOD;GOOD;GOOD;0
2023-01-19T02:51:31+00:00;444;0,4;1;16,2;62,1603;GOOD;GOOD;GOOD;0
2023-01-19T02:52:34+00:00;444;0,5;1;16,2;62,1604;GOOD;GOOD;GOOD;0
2023-01-19T02:53:36+00:00;444;0,4;1,3;16,2;62,1605;GOOD;GOOD;GOOD;0
2023-01-19T02:54:39+00:00;444;0,3;1,1;16,2;62,1606;GOOD;GOOD;GOOD;0
2023-01-19T02:55:42+00:00;449;0,4;2,3;16,1;62,1607;GOOD;GOOD;GOOD;0
2023-01-19T02:56:45+00:00;444;0,5;2;16,1;62,1608;GOOD;GOOD;GOOD;0
2023-01-19T02:57:48+00:00;449;0,4;1,8;16,1;62,1609;GOOD;GOOD;GOOD;0
2023-01-19T02:58:51+00:00;444;0,5;3,3;16,1;62,161;GOOD;GOOD;GOOD;0
2023-01-19T02:59:54+00:00;442;0,4;1,5;16,2;62,1611;GOOD;GOOD;GOOD;0
2023-01-19T03:00:56+00:00;442;0,5;2,3;16,2;62,1612;GOOD;GOOD;GOOD;0
2023-01-19T03:01:59+00:00;444;0,5;3,6;16,2;62,1613;GOOD;GOOD;GOOD;0
2023-01-19T03:03:03+00:00;442;0,4;2,5;16,2;62,1614;GOOD;GOOD;GOOD;0
2023-01-19T03:05:13+00:00;442;0,5;1,6;16,2;62,1615;GOOD;GOOD;GOOD;0
2023-01-19T03:06:16+00:00;450;0,4;2,7;16,2;62,1616;GOOD;GOOD;GOOD;0
2023-01-19T03:07:19+00:00;444;0,3;1,8;16,2;62,1617;GOOD;GOOD;GOOD;0
2023-01-19T03:08:22+00:00;444;0,4;1;16,2;62,1618;GOOD;GOOD;GOOD;0
2023-01-19T03:09:25+00:00;442;0,4;2,2;16,2;62,1619;GOOD;GOOD;GOOD;0
2023-01-19T03:10:27+00:00;450;0,3;0,9;16,2;62,162;GOOD;GOOD;GOOD;0
2023-01-19T03:11:30+00:00;442;0,4;0,9;16,2;62,1621;GOOD;GOOD;GOOD;0
2023-01-19T03:12:33+00:00;449;0,4;2,3;16,3;62,1622;GOOD;GOOD;GOOD;0
2023-01-19T03:13:36+00:00;444;0,3;1,1;16,2;62,1623;GOOD;GOOD;GOOD;0
2023-01-19T03:14:39+00:00;450;0,3;0,3;16,2;62,1624;GOOD;GOOD;GOOD;0
2023-01-19T03:15:42+00:00;453;0,3;0,8;16,2;62,1625;GOOD;GOOD;GOOD;0
2023-01-19T03:16:45+00:00;444;0,3;1,1;16,2;62,1626;GOOD;GOOD;GOOD;0
2023-01-19T03:17:47+00:00;450;0,4;1,6;16,2;62,1627;GOOD;GOOD;GOOD;0
2023-01-19T03:18:50+00:00;444;0,5;0,7;16,2;62,1628;GOOD;GOOD;GOOD;0
2023-01-19T03:19:53+00:00;444;0,5;1,1;16,2;62,1629;GOOD;GOOD;GOOD;0
2023-01-19T03:20:56+00:00;449;0,3;0,8;16,2;62,163;GOOD;GOOD;GOOD;0
2023-01-19T03:21:59+00:00;442;0,4;1,7;16,2;62,1631;GOOD;GOOD;GOOD;0
2023-01-19T03:23:02+00:00;449;0,4;1,1;16,2;62,1632;GOOD;GOOD;GOOD;0
2023-01-19T03:24:04+00:00;442;0,2;0,3;16,2;62,1633;GOOD;GOOD;GOOD;0
2023-01-19T03:25:07+00:00;442;0,3;0,7;16,2;62,1634;GOOD;GOOD;GOOD;0
2023-01-19T03:26:10+00:00;441;0,4;0,4;16,2;62,1635;GOOD;GOOD;GOOD;0
2023-01-19T03:27:13+00:00;442;0,3;0,4;16,2;62,1636;GOOD;GOOD;GOOD;0
2023-01-19T03:28:15+00:00;442;0,4;0,8;16,3;62,1637;GOOD;GOOD;GOOD;0
2023-01-19T03:29:18+00:00;448;0,3;0,4;16,2;62,1638;GOOD;GOOD;GOOD;0
2023-01-19T03:30:21+00:00;441;0,3;1,2;16,2;62,1639;GOOD;GOOD;GOOD;0
2023-01-19T03:31:24+00:00;441;0,5;2;16,2;62,164;GOOD;GOOD;GOOD;0
2023-01-19T03:33:34+00:00;441;0,7;3,2;16,3;62,1641;GOOD;GOOD;GOOD;0
2023-01-19T03:34:37+00:00;441;0,5;3,7;16,2;62,1642;GOOD;GOOD;GOOD;0
2023-01-19T03:35:40+00:00;441;0,5;3,1;16,2;62,1643;GOOD;GOOD;GOOD;0
2023-01-19T03:36:43+00:00;441;0,3;2,5;16,3;62,1644;GOOD;GOOD;GOOD;0
2023-01-19T03:37:46+00:00;441;0,5;4,2;16,2;62,1645;GOOD;GOOD;GOOD;0
2023-01-19T03:38:49+00:00;441;0,4;1,8;16,3;62,1646;GOOD;GOOD;GOOD;0
2023-01-19T03:39:52+00:00;448;0,3;1,5;16,2;62,1647;GOOD;GOOD;GOOD;0
2023-01-19T03:40:55+00:00;441;0,3;1,6;16,2;62,1648;GOOD;GOOD;GOOD;0
2023-01-19T03:41:58+00:00;441;0,3;0,6;16,3;62,1649;GOOD;GOOD;GOOD;0
2023-01-19T03:43:00+00:00;441;0,5;2;16,2;62,165;GOOD;GOOD;GOOD;0
2023-01-19T03:44:03+00:00;441;0,4;2;16,2;62,1651;GOOD;GOOD;GOOD;0
2023-01-19T03:45:06+00:00;441;0,3;1,7;16,2;62,1652;GOOD;GOOD;GOOD;0
2023-01-19T03:46:09+00:00;441;0,3;1,5;16,2;62,1653;GOOD;GOOD;GOOD;0
2023-01-19T03:47:11+00:00;441;0,5;2;16,2;62,1654;GOOD;GOOD;GOOD;0
2023-01-19T03:48:14+00:00;441;0,5;2,3;16,2;62,1655;GOOD;GOOD;GOOD;0
2023-01-19T03:49:17+00:00;441;0,3;1,2;16,2;62,1656;GOOD;GOOD;GOOD;0
2023-01-19T03:50:20+00:00;441;0,4;0,7;16,2;62,1657;GOOD;GOOD;GOOD;0
2023-01-19T03:51:23+00:00;447;0,7;2,1;16,2;62,1658;GOOD;GOOD;GOOD;0
2023-01-19T03:52:26+00:00;441;0,3;0,5;16,2;62,1659;GOOD;GOOD;GOOD;0
2023-01-19T03:54:36+00:00;447;0,4;2,3;16,2;62,166;GOOD;GOOD;GOOD;0
2023-01-19T03:55:39+00:00;441;0,4;2,7;16,2;62,1661;GOOD;GOOD;GOOD;0
2023-01-19T03:56:42+00:00;441;0,4;1,5;16,2;62,1662;GOOD;GOOD;GOOD;0
2023-01-19T03:57:45+00:00;440;0,4;0,9;16,2;62,1663;GOOD;GOOD;GOOD;0
2023-01-19T03:58:47+00:00;447;0,3;0,7;16,1;62,1664;GOOD;GOOD;GOOD;0
2023-01-19T03:59:50+00:00;440;0,4;0,8;16,1;62,1665;GOOD;GOOD;GOOD;0
2023-01-19T04:02:01+00:00;441;0,5;1,5;16,1;62,1666;GOOD;GOOD;GOOD;0
2023-01-19T04:03:04+00:00;447;0,5;2,7;16,1;62,1667;GOOD;GOOD;GOOD;0
2023-01-19T04:04:06+00:00;440;0,4;3;16;62,1668;GOOD;GOOD;GOOD;0
2023-01-19T04:05:09+00:00;440;0,4;1,1;16;62,1669;GOOD;GOOD;GOOD;0
2023-01-19T04:06:12+00:00;440;0,7;1,6;16,1;62,167;GOOD;GOOD;GOOD;0
2023-01-19T04:07:15+00:00;439;0,5;2;16;62,1671;GOOD;GOOD;GOOD;0
2023-01-19T04:08:17+00:00;440;0,4;1,2;16,1;62,1672;GOOD;GOOD;GOOD;0
2023-01-19T04:09:20+00:00;446;0,4;1,5;16,1;62,1673;GOOD;GOOD;GOOD;0
2023-01-19T04:10:23+00:00;439;0,5;3;16,1;62,1674;GOOD;GOOD;GOOD;0
2023-01-19T04:11:26+00:00;439;0,7;3;16,1;62,1675;GOOD;GOOD;GOOD;0
2023-01-19T04:12:29+00:00;439;0,4;1,8;16,1;62,1676;GOOD;GOOD;GOOD;0
2023-01-19T04:13:31+00:00;446;0,4;1,2;16,1;62,1677;GOOD;GOOD;GOOD;0
2023-01-19T04:14:34+00:00;439;0,5;1,9;16,1;62,1678;GOOD;GOOD;GOOD;0
2023-01-19T04:15:37+00:00;446;0,4;1,5;16,1;62,1679;GOOD;GOOD;GOOD;0
2023-01-19T04:16:40+00:00;446;0,3;0,9;16,1;62,168;GOOD;GOOD;GOOD;0
2023-01-19T04:17:42+00:00;439;0,3;1;16,1;62,1681;GOOD;GOOD;GOOD;0
2023-01-19T04:18:45+00:00;439;0,4;1,1;16,1;62,1682;GOOD;GOOD;GOOD;0
2023-01-19T04:19:48+00:00;439;0,4;1,3;16,1;62,1683;GOOD;GOOD;GOOD;0
2023-01-19T04:20:51+00:00;439;0,3;1,6;16,1;62,1684;GOOD;GOOD;GOOD;0
2023-01-19T04:21:54+00:00;445;0,5;1,7;16,1;62,1685;GOOD;GOOD;GOOD;0
2023-01-19T04:24:05+00:00;445;0,9;9;16,1;62,1686;GOOD;GOOD;GOOD;0
2023-01-19T04:25:07+00:00;439;0,5;4,1;16,2;62,1687;GOOD;GOOD;GOOD;0
2023-01-19T04:26:10+00:00;438;0,8;12,4;16,2;62,1688;GOOD;GOOD;GOOD;0
2023-01-19T04:27:13+00:00;438;0,6;4,6;16,2;62,1689;GOOD;GOOD;GOOD;0
2023-01-19T04:28:16+00:00;438;0,7;6,2;16,2;62,169;GOOD;GOOD;GOOD;0
2023-01-19T04:29:19+00:00;438;0,7;6;16,2;62,1691;GOOD;GOOD;GOOD;0
2023-01-19T04:30:22+00:00;438;0,5;3,9;16,2;62,1692;GOOD;GOOD;GOOD;0
2023-01-19T04:31:24+00:00;438;10,3;14,9;16,2;62,1693;GOOD;GOOD;GOOD;0
2023-01-19T04:32:27+00:00;438;26,3;38;16,2;62,1694;GOOD;GOOD;GOOD;0
2023-01-19T04:33:30+00:00;438;19,4;31,7;16,3;62,1695;GOOD;GOOD;GOOD;0
2023-01-19T04:34:33+00:00;445;18,6;28,9;16,3;62,1696;GOOD;GOOD;GOOD;0
2023-01-19T04:35:36+00:00;440;9,1;17;16,3;62,1697;GOOD;GOOD;GOOD;0
2023-01-19T04:36:39+00:00;439;8,7;14,4;16,3;62,1698;GOOD;GOOD;GOOD;0
2023-01-19T04:37:41+00:00;440;16;25,9;16,3;62,1699;GOOD;GOOD;GOOD;0
2023-01-19T04:38:44+00:00;441;33,4;43,2;16,2;62,17;GOOD;GOOD;GOOD;0
2023-01-19T04:39:47+00:00;442;30,4;36;16;62,1701;GOOD;GOOD;GOOD;0
2023-01-19T04:40:50+00:00;441;27,7;34,5;15,9;62,1702;GOOD;GOOD;GOOD;0
2023-01-19T04:41:53+00:00;440;27,9;34,9;15,8;62,1703;GOOD;GOOD;GOOD;0
2023-01-19T04:42:56+00:00;441;25,4;36,2;15,9;62,1704;GOOD;GOOD;GOOD;0
2023-01-19T04:43:59+00:00;445;24,4;33,5;16;62,1705;GOOD;GOOD;GOOD;0
2023-01-19T04:45:01+00:00;438;23,4;29;16;62,1706;GOOD;GOOD;GOOD;0
2023-01-19T04:47:12+00:00;444;24,7;30;16,1;62,1707;GOOD;GOOD;GOOD;0
2023-01-19T04:48:15+00:00;442;21,8;24,6;16,1;62,1708;GOOD;GOOD;GOOD;0
2023-01-19T04:49:17+00:00;436;18,6;21,8;16,1;62,1709;GOOD;GOOD;GOOD;0
2023-01-19T04:50:20+00:00;436;14,1;18,9;16,1;62,171;GOOD;GOOD;GOOD;0
2023-01-19T04:51:23+00:00;442;14,2;18,3;16,1;62,1711;GOOD;GOOD;GOOD;0
2023-01-19T04:52:26+00:00;436;14,8;18,2;16,1;62,1712;GOOD;GOOD;GOOD;0
2023-01-19T04:53:29+00:00;448;16,4;27;16;62,1713;GOOD;GOOD;GOOD;0
2023-01-19T04:54:31+00:00;436;16,4;24,3;16,1;62,1714;GOOD;GOOD;GOOD;0
2023-01-19T04:55:34+00:00;435;16,4;24,3;16;62,1715;GOOD;GOOD;GOOD;0
2023-01-19T04:56:37+00:00;442;15,9;23;16,1;62,1716;GOOD;GOOD;GOOD;0
2023-01-19T04:57:40+00:00;437;17,1;27;16,1;62,1717;GOOD;GOOD;GOOD;0
2023-01-19T04:58:43+00:00;439;14,9;19;16,1;62,1718;GOOD;GOOD;GOOD;0
2023-01-19T05:00:53+00:00;442;15,1;19,3;16,1;62,1719;GOOD;GOOD;GOOD;0
2023-01-19T05:01:56+00:00;447;15,8;20,8;16,2;62,172;GOOD;GOOD;GOOD;0
2023-01-19T05:02:59+00:00;449;15,4;19,9;16,2;62,1721;GOOD;GOOD;GOOD;0
2023-01-19T05:04:02+00:00;440;14,1;15,8;16,2;62,1722;GOOD;GOOD;GOOD;0
2023-01-19T05:05:05+00:00;441;15,7;20,4;16,2;62,1723;GOOD;GOOD;GOOD;0
2023-01-19T05:06:07+00:00;440;13,8;19,5;16,2;62,1724;GOOD;GOOD;GOOD;0
2023-01-19T05:07:10+00:00;437;14,5;19,7;16,2;62,1725;GOOD;GOOD;GOOD;0
2023-01-19T05:08:14+00:00;438;14,6;18,3;16,2;62,1726;GOOD;GOOD;GOOD;0
2023-01-19T05:09:16+00:00;439;13,8;16,8;16,2;62,1727;GOOD;GOOD;GOOD;0
2023-01-19T05:10:19+00:00;439;12,6;16,5;16,2;62,1728;GOOD;GOOD;GOOD;0
2023-01-19T05:11:22+00:00;439;12,5;15;16,2;62,1729;GOOD;GOOD;GOOD;0
2023-01-19T05:12:25+00:00;439;13;17,8;16,2;62,173;GOOD;GOOD;GOOD;0
2023-01-19T05:13:27+00:00;441;13,3;17,4;16,2;62,1731;GOOD;GOOD;GOOD;0
2023-01-19T05:14:30+00:00;436;13,7;17,1;16,2;62,1732;GOOD;GOOD;GOOD;0
2023-01-19T05:15:33+00:00;437;12,6;15,2;16,2;62,1733;GOOD;GOOD;GOOD;0
2023-01-19T05:16:36+00:00;440;12,3;14,7;16,2;62,1734;GOOD;GOOD;GOOD;0
2023-01-19T05:17:38+00:00;440;11;13,9;16,2;62,1735;GOOD;GOOD;GOOD;0
2023-01-19T05:18:41+00:00;436;11,7;15,8;16,2;62,1736;GOOD;GOOD;GOOD;0
2023-01-19T05:19:44+00:00;437;11,2;16,1;16,2;62,1737;GOOD;GOOD;GOOD;0
2023-01-19T05:20:47+00:00;440;11,3;16,5;16,2;62,1738;GOOD;GOOD;GOOD;0
2023-01-19T05:21:50+00:00;439;10,9;14,9;16,2;62,1739;GOOD;GOOD;GOOD;0
2023-01-19T05:22:53+00:00;435;10,8;14,2;16,2;62,174;GOOD;GOOD;GOOD;0
2023-01-19T05:23:56+00:00;440;10,6;13,1;16,2;62,1741;GOOD;GOOD;GOOD;0
2023-01-19T05:24:58+00:00;436;10,2;13,1;16,2;62,1742;GOOD;GOOD;GOOD;0
2023-01-19T05:26:01+00:00;439;9,7;12,1;16,2;62,1743;GOOD;GOOD;GOOD;0
2023-01-19T05:27:04+00:00;441;9,9;13,6;16,2;62,1744;GOOD;GOOD;GOOD;0
2023-01-19T05:28:07+00:00;435;9,3;14,7;16,2;62,1745;GOOD;GOOD;GOOD;0
2023-01-19T05:29:10+00:00;434;9,5;14,4;16,1;62,1746;GOOD;GOOD;GOOD;0
2023-01-19T05:30:13+00:00;433;9,2;12,1;16,1;62,1747;GOOD;GOOD;GOOD;0
2023-01-19T05:31:16+00:00;433;9,1;10,6;16,1;62,1748;GOOD;GOOD;GOOD;0
2023-01-19T05:32:19+00:00;435;8,7;12,8;16,1;62,1749;GOOD;GOOD;GOOD;0
2023-01-19T05:33:22+00:00;430;8,7;12,2;16,1;62,175;GOOD;GOOD;GOOD;0
2023-01-19T05:34:24+00:00;436;8,8;12,2;16,1;62,1751;GOOD;GOOD;GOOD;0
2023-01-19T05:35:27+00:00;436;8,4;13,4;16,1;62,1752;GOOD;GOOD;GOOD;0
2023-01-19T05:36:30+00:00;444;8,5;10,4;16,1;62,1753;GOOD;GOOD;GOOD;0
2023-01-19T05:37:33+00:00;435;8,1;13,3;16,1;62,1754;GOOD;GOOD;GOOD;0
2023-01-19T05:38:36+00:00;433;6,9;9,8;16,1;62,1755;GOOD;GOOD;GOOD;0
2023-01-19T05:39:38+00:00;434;8;11,2;16,1;62,1756;GOOD;GOOD;GOOD;0
2023-01-19T05:41:49+00:00;433;7,1;10,9;16,1;62,1757;GOOD;GOOD;GOOD;0
2023-01-19T05:42:52+00:00;436;6,4;8,4;16,1;62,1758;GOOD;GOOD;GOOD;0
2023-01-19T05:43:55+00:00;434;6,2;8,2;16,1;62,1759;GOOD;GOOD;GOOD;0
2023-01-19T05:44:58+00:00;435;7,9;11,6;16,1;62,176;GOOD;GOOD;GOOD;0
2023-01-19T05:46:01+00:00;433;6,4;8;16,1;62,1761;GOOD;GOOD;GOOD;0
2023-01-19T05:47:03+00:00;433;6,3;8,7;16,1;62,1762;GOOD;GOOD;GOOD;0
2023-01-19T05:48:06+00:00;438;6,7;9,5;16,1;62,1763;GOOD;GOOD;GOOD;0
2023-01-19T05:49:09+00:00;439;6,2;9,2;16,1;62,1764;GOOD;GOOD;GOOD;0
2023-01-19T05:50:12+00:00;434;5,4;7,1;16,1;62,1765;GOOD;GOOD;GOOD;0
2023-01-19T05:51:14+00:00;434;5,8;7,9;16,1;62,1766;GOOD;GOOD;GOOD;0
2023-01-19T05:52:17+00:00;436;5,7;8,6;16,1;62,1767;GOOD;GOOD;GOOD;0
2023-01-19T05:53:20+00:00;439;5,2;7,5;16,1;62,1768;GOOD;GOOD;GOOD;0
2023-01-19T05:55:31+00:00;441;5,7;8,7;16,1;62,1769;GOOD;GOOD;GOOD;0
2023-01-19T05:56:33+00:00;435;5,9;9;16,1;62,177;GOOD;GOOD;GOOD;0
2023-01-19T05:57:36+00:00;444;5,7;9,9;16,1;62,1771;GOOD;GOOD;GOOD;0
2023-01-19T05:58:39+00:00;449;5,6;7,9;16,1;62,1772;GOOD;GOOD;GOOD;0
2023-01-19T05:59:42+00:00;435;5,6;8,4;16,1;62,1773;GOOD;GOOD;GOOD;0
2023-01-19T06:00:45+00:00;446;5,6;8,8;16,1;62,1774;GOOD;GOOD;GOOD;0
2023-01-19T06:01:47+00:00;441;5,4;6,3;16,1;62,1775;GOOD;GOOD;GOOD;0
2023-01-19T06:02:50+00:00;434;5;7,6;16,1;62,1776;GOOD;GOOD;GOOD;0
2023-01-19T06:03:53+00:00;435;5,3;7,4;16,1;62,1777;GOOD;GOOD;GOOD;0
2023-01-19T06:04:56+00:00;434;5,1;6;16,1;62,1778;GOOD;GOOD;GOOD;0
2023-01-19T06:05:59+00:00;433;5,6;8,7;16,1;62,1779;GOOD;GOOD;GOOD;0
2023-01-19T06:07:01+00:00;433;5,7;6,6;16,1;62,178;GOOD;GOOD;GOOD;0
2023-01-19T06:08:04+00:00;433;5,3;8,7;16;62,1781;GOOD;GOOD;GOOD;0
2023-01-19T06:09:07+00:00;434;5;8;16;62,1782;GOOD;GOOD;GOOD;0
2023-01-19T06:10:10+00:00;441;4,7;8,3;16;62,1783;GOOD;GOOD;GOOD;0
2023-01-19T06:11:13+00:00;436;4,3;6,7;15,9;62,1784;GOOD;GOOD;GOOD;0
2023-01-19T06:12:16+00:00;436;4,5;6,4;16;62,1785;GOOD;GOOD;GOOD;0
2023-01-19T06:13:18+00:00;435;4,3;6;15,9;62,1786;GOOD;GOOD;GOOD;0
2023-01-19T06:14:21+00:00;440;3,9;7;15,9;62,1787;GOOD;GOOD;GOOD;0
2023-01-19T06:15:24+00:00;438;3,7;6,1;15,9;62,1788;GOOD;GOOD;GOOD;0
2023-01-19T06:17:35+00:00;442;3,5;6,2;15,9;62,1789;GOOD;GOOD;GOOD;0
2023-01-19T06:18:38+00:00;432;4,2;9,2;16;62,179;GOOD;GOOD;GOOD;0
2023-01-19T06:19:41+00:00;433;3,8;7,6;15,9;62,1791;GOOD;GOOD;GOOD;0
2023-01-19T06:20:44+00:00;432;3,9;5,6;15,9;62,1792;GOOD;GOOD;GOOD;0
2023-01-19T06:21:47+00:00;430;3,6;5,2;16;62,1793;GOOD;GOOD;GOOD;0
2023-01-19T06:22:49+00:00;430;3,6;4,9;16;62,1794;GOOD;GOOD;GOOD;0
2023-01-19T06:23:52+00:00;430;4;6,6;15,9;62,1795;GOOD;GOOD;GOOD;0
2023-01-19T06:24:55+00:00;429;3,3;7,2;15,9;62,1796;GOOD;GOOD;GOOD;0
2023-01-19T06:25:58+00:00;428;3,5;7,8;15,9;62,1797;GOOD;GOOD;GOOD;0
2023-01-19T06:27:01+00:00;436;3,7;8,6;15,9;62,1798;GOOD;GOOD;GOOD;0
2023-01-19T06:28:04+00:00;430;3,7;7,4;15,9;62,1799;GOOD;GOOD;GOOD;0
2023-01-19T06:29:07+00:00;438;3,8;7,6;16;62,18;GOOD;GOOD;GOOD;0
2023-01-19T06:30:09+00:00;432;4,4;9,2;16;62,1801;GOOD;GOOD;GOOD;0
2023-01-19T06:31:12+00:00;433;14,1;16,7;16;62,1802;GOOD;GOOD;GOOD;0
2023-01-19T06:32:15+00:00;435;25;37;16;62,1803;GOOD;GOOD;GOOD;0
2023-01-19T06:33:18+00:00;432;26,2;39,2;15,9;62,1804;GOOD;GOOD;GOOD;0
2023-01-19T06:34:21+00:00;432;32,3;47,3;15,9;62,1805;GOOD;GOOD;GOOD;0
2023-01-19T06:35:24+00:00;432;28,8;36;15,9;62,1806;GOOD;GOOD;GOOD;0
2023-01-19T06:36:27+00:00;440;34,7;45,4;16;62,1807;GOOD;GOOD;GOOD;0
2023-01-19T06:37:29+00:00;432;29;38,6;16;62,1808;GOOD;GOOD;GOOD;0
2023-01-19T06:38:32+00:00;436;25;29,4;16;62,1809;GOOD;GOOD;GOOD;0
2023-01-19T06:39:35+00:00;427;20,2;25,8;16,1;62,181;GOOD;GOOD;GOOD;0
2023-01-19T06:40:38+00:00;428;14,6;21,2;16,1;62,1811;GOOD;GOOD;GOOD;0
2023-01-19T06:41:41+00:00;435;10,3;19,5;16,1;62,1812;GOOD;GOOD;GOOD;0
2023-01-19T06:42:44+00:00;428;11,7;20,2;16,1;62,1813;GOOD;GOOD;GOOD;0
2023-01-19T06:46:02+00:00;428;10;17,2;16,1;62,1814;GOOD;GOOD;GOOD;0
2023-01-19T06:47:05+00:00;434;8,9;22,9;16;62,1815;GOOD;GOOD;GOOD;0
2023-01-19T06:48:08+00:00;426;8,8;20,6;16;62,1816;GOOD;GOOD;GOOD;0
2023-01-19T06:49:10+00:00;426;7,9;17,2;16;62,1817;GOOD;GOOD;GOOD;0
2023-01-19T06:50:13+00:00;424;7,9;17,9;16;62,1818;GOOD;GOOD;GOOD;0
2023-01-19T06:51:16+00:00;423;11,7;23,3;16;62,1819;GOOD;GOOD;GOOD;0
2023-01-19T06:52:19+00:00;422;20,1;36,1;16;62,182;GOOD;GOOD;GOOD;0
2023-01-19T06:53:22+00:00;421;22,6;36,2;15,9;62,1821;GOOD;GOOD;GOOD;0
2023-01-19T06:54:24+00:00;422;22,2;33,8;15,9;62,1822;GOOD;GOOD;GOOD;0
2023-01-19T06:55:27+00:00;421;19,2;31,4;16;62,1823;GOOD;GOOD;GOOD;0
2023-01-19T06:56:30+00:00;421;13,6;26,5;16;62,1824;GOOD;GOOD;GOOD;0
2023-01-19T06:57:33+00:00;421;13,9;24,8;16;62,1825;GOOD;GOOD;GOOD;0
2023-01-19T06:59:43+00:00;421;13,8;22,3;16,1;62,1826;GOOD;GOOD;GOOD;0
2023-01-19T07:00:46+00:00;430;13,6;19,8;16,1;62,1827;GOOD;GOOD;GOOD;0
2023-01-19T07:01:49+00:00;422;14;20,4;16,2;62,1828;GOOD;GOOD;GOOD;0
2023-01-19T07:02:52+00:00;432;700;100;16,2;62,1829;GOOD;Very Unhealthy;GOOD;1
2023-01-19T07:03:55+00:00;422;700;150;16,2;62,183;GOOD;Very Unhealthy;Moderate;1
2023-01-19T07:04:57+00:00;423;700;200;16,3;62,1831;GOOD;Very Unhealthy;Moderate;1
2023-01-19T07:06:00+00:00;433;700;220;16,3;62,1832;GOOD;Very Unhealthy;Moderate;1
2023-01-19T07:07:03+00:00;427;700;330;16,3;62,1833;GOOD;Very Unhealthy;Very Unhealthy;1
2023-01-19T07:08:06+00:00;429;700;500;16,3;62,1834;GOOD;Very Unhealthy;Very Unhealthy;1
2023-01-19T07:09:09+00:00;429;700;550;16,2;62,1835;GOOD;Very Unhealthy;Very Unhealthy;1
2023-01-19T07:10:12+00:00;432;700;553;16,2;62,1836;GOOD;Very Unhealthy;Very Unhealthy;1
2023-01-19T07:11:15+00:00;433;700;200;16,2;62,1837;GOOD;Very Unhealthy;Moderate;1
2023-01-19T07:12:17+00:00;432;700;260;16,2;62,1838;GOOD;Very Unhealthy;Unhealthy;1
2023-01-19T07:13:20+00:00;432;7,8;300;16,2;62,1839;GOOD;GOOD;Very Unhealthy;1
2023-01-19T07:14:23+00:00;433;9,8;300;16,2;62,184;GOOD;GOOD;Very Unhealthy;1
2023-01-19T07:15:26+00:00;432;7,6;300;16,3;62,1841;GOOD;GOOD;Very Unhealthy;1
2023-01-19T07:16:29+00:00;433;7,1;300;16,2;62,1842;GOOD;GOOD;Very Unhealthy;1
2023-01-19T07:17:32+00:00;438;6,7;300;16,3;62,1843;GOOD;GOOD;Very Unhealthy;1
2023-01-19T07:18:35+00:00;437;7,1;300;16,2;62,1844;GOOD;GOOD;Very Unhealthy;1
2023-01-19T07:19:37+00:00;430;5,9;300;16,2;62,1845;GOOD;GOOD;Very Unhealthy;1
2023-01-19T07:20:40+00:00;430;5,8;300;16,2;62,1846;GOOD;GOOD;Very Unhealthy;1
2023-01-19T07:21:43+00:00;429;5,2;300;16,2;62,1847;GOOD;GOOD;Very Unhealthy;1
2023-01-19T07:22:46+00:00;429;6,3;300;16,2;62,1848;GOOD;GOOD;Very Unhealthy;1
2023-01-19T07:23:49+00:00;429;5,6;300;16,3;62,1849;GOOD;GOOD;Very Unhealthy;1
2023-01-19T07:24:52+00:00;429;6,1;300;16,3;62,185;GOOD;GOOD;Very Unhealthy;1
2023-01-19T07:25:54+00:00;436;5;300;16,2;62,1851;GOOD;GOOD;Very Unhealthy;1
2023-01-19T07:26:57+00:00;429;6;300;16,2;62,1852;GOOD;GOOD;Very Unhealthy;1
2023-01-19T07:28:00+00:00;429;5,4;300;16,2;62,1853;GOOD;GOOD;Very Unhealthy;1
2023-01-19T07:29:03+00:00;429;5,9;300;16,3;62,1854;GOOD;GOOD;Very Unhealthy;1
2023-01-19T07:30:05+00:00;432;5;300;16,3;62,1855;GOOD;GOOD;Very Unhealthy;1
2023-01-19T07:31:08+00:00;432;5,9;300;16,3;62,1856;GOOD;GOOD;Very Unhealthy;1
2023-01-19T07:32:11+00:00;432;5,7;300;16,2;62,1857;GOOD;GOOD;Very Unhealthy;1
2023-01-19T07:33:14+00:00;438;5,5;300;16,2;62,1858;GOOD;GOOD;Very Unhealthy;1
2023-01-19T07:34:17+00:00;437;4;300;16,2;62,1859;GOOD;GOOD;Very Unhealthy;1
2023-01-19T07:35:19+00:00;433;4,6;300;16,2;62,186;GOOD;GOOD;Very Unhealthy;1
2023-01-19T07:36:22+00:00;430;3,8;300;16,3;62,1861;GOOD;GOOD;Very Unhealthy;1
2023-01-19T07:37:25+00:00;432;3,5;300;16,3;62,1862;GOOD;GOOD;Very Unhealthy;1
2023-01-19T07:38:28+00:00;425;3,5;300;16,3;62,1863;GOOD;GOOD;Very Unhealthy;1
2023-01-19T07:39:31+00:00;426;3;300;16,3;62,1864;GOOD;GOOD;Very Unhealthy;1
2023-01-19T07:40:36+00:00;426;3,2;300;16,3;62,1865;GOOD;GOOD;Very Unhealthy;1
2023-01-19T07:41:36+00:00;426;3,5;300;16,3;62,1866;GOOD;GOOD;Very Unhealthy;1
2023-01-19T07:42:39+00:00;425;3;300;16,3;62,1867;GOOD;GOOD;Very Unhealthy;1
2023-01-19T07:43:42+00:00;424;4,2;300;16,3;62,1868;GOOD;GOOD;Very Unhealthy;1
2023-01-19T07:44:45+00:00;423;5,1;300;16,2;62,1869;GOOD;GOOD;Very Unhealthy;1
2023-01-19T07:45:47+00:00;423;4,1;300;16,1;62,187;GOOD;GOOD;Very Unhealthy;1
2023-01-19T07:46:50+00:00;424;4,1;300;16,1;62,1871;GOOD;GOOD;Very Unhealthy;1
2023-01-19T07:47:53+00:00;422;4,3;300;16,1;62,1872;GOOD;GOOD;Very Unhealthy;1
2023-01-19T07:48:56+00:00;423;3,8;300;16,1;62,1873;GOOD;GOOD;Very Unhealthy;1
2023-01-19T07:49:58+00:00;432;3,9;300;16,1;62,1874;GOOD;GOOD;Very Unhealthy;1
2023-01-19T07:51:01+00:00;423;3;300;16,1;62,1875;GOOD;GOOD;Very Unhealthy;1
2023-01-19T07:52:04+00:00;422;3,1;300;16,2;62,1876;GOOD;GOOD;Very Unhealthy;1
2023-01-19T07:53:07+00:00;422;2,8;300;16,2;62,1877;GOOD;GOOD;Very Unhealthy;1
2023-01-19T07:54:10+00:00;421;2,9;300;16,2;62,1878;GOOD;GOOD;Very Unhealthy;1
2023-01-19T07:55:12+00:00;422;2,9;300;16,2;62,1879;GOOD;GOOD;Very Unhealthy;1
2023-01-19T07:56:15+00:00;422;3,3;300;16,2;62,188;GOOD;GOOD;Very Unhealthy;1
2023-01-19T07:57:18+00:00;424;2,9;300;16,2;62,1881;GOOD;GOOD;Very Unhealthy;1
2023-01-19T07:58:21+00:00;425;3,3;300;16,3;62,1882;GOOD;GOOD;Very Unhealthy;1
2023-01-19T08:01:39+00:00;424;3,2;9,4;16,2;62,1883;GOOD;GOOD;GOOD;0
2023-01-19T08:02:42+00:00;433;2,5;5;16,2;62,1884;GOOD;GOOD;GOOD;0
2023-01-19T08:06:00+00:00;422;3,1;9,4;16,2;62,1885;GOOD;GOOD;GOOD;0
2023-01-19T08:07:03+00:00;424;2,8;8,1;16,2;62,1886;GOOD;GOOD;GOOD;0
2023-01-19T08:08:06+00:00;426;2,8;6;16,2;62,1887;GOOD;GOOD;GOOD;0
2023-01-19T08:09:09+00:00;422;2,7;7,3;16,2;62,1888;GOOD;GOOD;GOOD;0
2023-01-19T08:11:20+00:00;430;2,8;7,3;16,2;62,1889;GOOD;GOOD;GOOD;0
2023-01-19T08:12:23+00:00;421;2,6;5,6;16,2;62,189;GOOD;GOOD;GOOD;0
2023-01-19T08:13:26+00:00;429;2,2;7,2;16,2;62,1891;GOOD;GOOD;GOOD;0
2023-01-19T08:14:28+00:00;421;2,7;6,1;16,2;62,1892;GOOD;GOOD;GOOD;0
2023-01-19T08:15:31+00:00;421;2,9;6,6;16,2;62,1893;GOOD;GOOD;GOOD;0
2023-01-19T08:16:34+00:00;430;2,5;8,8;16,2;62,1894;GOOD;GOOD;GOOD;0
2023-01-19T08:17:37+00:00;421;2,5;7,5;16,2;62,1895;GOOD;GOOD;GOOD;0
2023-01-19T08:18:40+00:00;421;2,4;6,1;16,2;62,1896;GOOD;GOOD;GOOD;0
2023-01-19T08:19:43+00:00;420;2,6;7;16,2;62,1897;GOOD;GOOD;GOOD;0
2023-01-19T08:21:53+00:00;421;2,2;6,2;16,1;62,1898;GOOD;GOOD;GOOD;0
2023-01-19T08:22:56+00:00;420;2,3;6,5;16,1;62,1899;GOOD;GOOD;GOOD;0
2023-01-19T08:23:59+00:00;428;2,3;8,5;16,1;62,19;GOOD;GOOD;GOOD;0
2023-01-19T08:25:02+00:00;420;2,4;9;16,1;62,1901;GOOD;GOOD;GOOD;0
2023-01-19T08:26:04+00:00;420;2;4,4;16,1;62,1902;GOOD;GOOD;GOOD;0
2023-01-19T08:27:07+00:00;420;2;5,6;16,2;62,1903;GOOD;GOOD;GOOD;0
2023-01-19T08:28:10+00:00;421;2;6,5;16,2;62,1904;GOOD;GOOD;GOOD;0
2023-01-19T08:29:13+00:00;420;2;8,3;16,2;62,1905;GOOD;GOOD;GOOD;0
2023-01-19T08:30:16+00:00;418;1,8;7;16,2;62,1906;GOOD;GOOD;GOOD;0
2023-01-19T08:31:18+00:00;429;2,3;6,3;16,1;62,1907;GOOD;GOOD;GOOD;0
2023-01-19T08:32:21+00:00;421;2,1;7,1;16,1;62,1908;GOOD;GOOD;GOOD;0
2023-01-19T08:33:24+00:00;420;2;8,6;16,1;62,1909;GOOD;GOOD;GOOD;0
2023-01-19T08:34:27+00:00;420;2;5,9;16,1;62,191;GOOD;GOOD;GOOD;0
2023-01-19T08:36:37+00:00;418;1,8;4,9;16,1;62,1911;GOOD;GOOD;GOOD;0
2023-01-19T08:37:40+00:00;428;1,6;2,6;16,1;62,1912;GOOD;GOOD;GOOD;0
2023-01-19T08:38:43+00:00;428;1,8;6,2;16,2;62,1913;GOOD;GOOD;GOOD;0
2023-01-19T08:39:46+00:00;420;2;6,3;16,2;62,1914;GOOD;GOOD;GOOD;0
2023-01-19T08:40:49+00:00;428;1,9;5,4;16,2;62,1915;GOOD;GOOD;GOOD;0
2023-01-19T08:41:51+00:00;420;1,6;6,5;16,2;62,1916;GOOD;GOOD;GOOD;0
2023-01-19T08:42:54+00:00;420;1,8;5,5;16,2;62,1917;GOOD;GOOD;GOOD;0
2023-01-19T08:43:57+00:00;420;1,8;5,1;16,2;62,1918;GOOD;GOOD;GOOD;0
2023-01-19T08:45:00+00:00;420;1,6;4,9;16,2;62,1919;GOOD;GOOD;GOOD;0
2023-01-19T08:46:02+00:00;420;1,9;5,8;16,2;62,192;GOOD;GOOD;GOOD;0
2023-01-19T08:48:13+00:00;420;2;5,8;16,2;62,1921;GOOD;GOOD;GOOD;0
2023-01-19T08:49:16+00:00;418;1,8;5,4;16,2;62,1922;GOOD;GOOD;GOOD;0
2023-01-19T08:50:18+00:00;420;1,7;4,7;16,3;62,1923;GOOD;GOOD;GOOD;0
2023-01-19T08:51:21+00:00;420;1,6;4,5;16,3;62,1924;GOOD;GOOD;GOOD;0
2023-01-19T08:52:24+00:00;420;1,6;5,5;16,3;62,1925;GOOD;GOOD;GOOD;0
2023-01-19T08:53:27+00:00;428;1,6;4,9;16,3;62,1926;GOOD;GOOD;GOOD;0
2023-01-19T08:54:29+00:00;420;1,2;4,8;16,3;62,1927;GOOD;GOOD;GOOD;0
2023-01-19T08:55:32+00:00;418;1,6;5,3;16,3;62,1928;GOOD;GOOD;GOOD;0
2023-01-19T08:56:35+00:00;420;1,3;2,8;16,3;62,1929;GOOD;GOOD;GOOD;0
2023-01-19T08:57:38+00:00;420;1,5;6,2;16,3;62,193;GOOD;GOOD;GOOD;0
2023-01-19T08:58:41+00:00;420;1,3;3,8;16,4;62,1931;GOOD;GOOD;GOOD;0
2023-01-19T08:59:43+00:00;418;1,7;4,4;16,4;62,1932;GOOD;GOOD;GOOD;0
2023-01-19T09:00:46+00:00;426;1,5;5,3;16,4;62,1933;GOOD;GOOD;GOOD;0
2023-01-19T09:01:49+00:00;418;1,5;4,1;16,4;62,1934;GOOD;GOOD;GOOD;0
2023-01-19T09:02:52+00:00;417;1,3;4,6;16,4;62,1935;GOOD;GOOD;GOOD;0
2023-01-19T09:03:55+00:00;417;1,5;6,1;16,4;62,1936;GOOD;GOOD;GOOD;0
2023-01-19T09:04:57+00:00;417;1,3;3,3;16,4;62,1937;GOOD;GOOD;GOOD;0
2023-01-19T09:06:00+00:00;417;1,4;3,6;16,4;62,1938;GOOD;GOOD;GOOD;0
2023-01-19T09:07:03+00:00;418;1,3;4,6;16,4;62,1939;GOOD;GOOD;GOOD;0
2023-01-19T09:08:06+00:00;417;1,3;4,9;16,4;62,194;GOOD;GOOD;GOOD;0
2023-01-19T09:09:09+00:00;417;1,4;4;16,4;62,1941;GOOD;GOOD;GOOD;0
2023-01-19T09:10:11+00:00;417;1,2;3,4;16,4;62,1942;GOOD;GOOD;GOOD;0
2023-01-19T09:11:14+00:00;416;1,5;7,1;16,4;62,1943;GOOD;GOOD;GOOD;0
2023-01-19T09:12:17+00:00;417;1,1;3,8;16,4;62,1944;GOOD;GOOD;GOOD;0
2023-01-19T09:13:20+00:00;417;1,3;4,5;16,4;62,1945;GOOD;GOOD;GOOD;0
2023-01-19T09:14:23+00:00;417;1,3;5,9;16,4;62,1946;GOOD;GOOD;GOOD;0
2023-01-19T09:15:26+00:00;417;1,1;4,3;16,3;62,1947;GOOD;GOOD;GOOD;0
2023-01-19T09:16:29+00:00;417;1,2;4,8;16,3;62,1948;GOOD;GOOD;GOOD;0
2023-01-19T09:17:31+00:00;417;1,3;5,4;16,3;62,1949;GOOD;GOOD;GOOD;0
2023-01-19T09:19:42+00:00;417;1,2;5,8;16,3;62,195;GOOD;GOOD;GOOD;0
2023-01-19T09:20:45+00:00;425;1,1;5,6;16,3;62,1951;GOOD;GOOD;GOOD;0
2023-01-19T09:21:48+00:00;417;1,4;5,9;16,3;62,1952;GOOD;GOOD;GOOD;0
2023-01-19T09:25:06+00:00;417;1,3;5,7;16,2;62,1953;GOOD;GOOD;GOOD;0
2023-01-19T09:26:09+00:00;424;1,2;2,6;16,2;62,1954;GOOD;GOOD;GOOD;0
2023-01-19T09:28:19+00:00;417;1,2;4;16,2;62,1955;GOOD;GOOD;GOOD;0
2023-01-19T09:29:22+00:00;417;1,2;5,1;16,2;62,1956;GOOD;GOOD;GOOD;0
2023-01-19T09:30:25+00:00;417;1,2;4;16,3;62,1957;GOOD;GOOD;GOOD;0
2023-01-19T09:31:28+00:00;417;1,1;3,3;16,2;62,1958;GOOD;GOOD;GOOD;0
2023-01-19T09:32:30+00:00;416;1,1;3,3;16,2;62,1959;GOOD;GOOD;GOOD;0
2023-01-19T09:33:33+00:00;416;1,3;3,9;16,3;62,196;GOOD;GOOD;GOOD;0
2023-01-19T09:34:36+00:00;416;1;4,1;16,3;62,1961;GOOD;GOOD;GOOD;0
2023-01-19T09:35:39+00:00;417;1,2;5,1;16,3;62,1962;GOOD;GOOD;GOOD;0
2023-01-19T09:36:42+00:00;425;1,1;4,7;16,2;62,1963;GOOD;GOOD;GOOD;0
2023-01-19T09:37:45+00:00;424;1,1;4,2;16,3;62,1964;GOOD;GOOD;GOOD;0
2023-01-19T09:38:48+00:00;417;1,2;2,6;16,2;62,1965;GOOD;GOOD;GOOD;0
2023-01-19T09:39:51+00:00;425;1,4;6,9;16,2;62,1966;GOOD;GOOD;GOOD;0
2023-01-19T09:40:54+00:00;425;1,1;4,9;16,2;62,1967;GOOD;GOOD;GOOD;0
2023-01-19T09:41:56+00:00;417;1;4;16,1;62,1968;GOOD;GOOD;GOOD;0
2023-01-19T09:42:59+00:00;417;1,2;3,9;16,1;62,1969;GOOD;GOOD;GOOD;0
2023-01-19T09:44:02+00:00;417;1,1;3,4;16,1;62,197;GOOD;GOOD;GOOD;0
2023-01-19T09:45:05+00:00;417;1,6;7;16,1;62,1971;GOOD;GOOD;GOOD;0
2023-01-19T09:46:08+00:00;425;1,1;4,8;16,1;62,1972;GOOD;GOOD;GOOD;0
2023-01-19T09:47:11+00:00;416;1,3;4;16,1;62,1973;GOOD;GOOD;GOOD;0
2023-01-19T09:48:14+00:00;417;1,9;9,4;16,2;62,1974;GOOD;GOOD;GOOD;0
2023-01-19T09:49:17+00:00;425;2,3;8,7;16,2;62,1975;GOOD;GOOD;GOOD;0
2023-01-19T09:50:19+00:00;416;2,2;7,9;16,2;62,1976;GOOD;GOOD;GOOD;0
2023-01-19T09:51:23+00:00;417;2,6;14,3;16,2;62,1977;GOOD;GOOD;GOOD;0
2023-01-19T09:53:33+00:00;416;2,1;7;16,2;62,1978;GOOD;GOOD;GOOD;0
2023-01-19T09:54:36+00:00;417;2;9,7;16,2;62,1979;GOOD;GOOD;GOOD;0
2023-01-19T09:55:39+00:00;416;1,6;6;16,1;62,198;GOOD;GOOD;GOOD;0
2023-01-19T09:56:42+00:00;416;2,2;9;16,2;62,1981;GOOD;GOOD;GOOD;0
2023-01-19T09:57:45+00:00;424;1,9;10;16,2;62,1982;GOOD;GOOD;GOOD;0
2023-01-19T09:58:47+00:00;425;2,2;10,4;16,1;62,1983;GOOD;GOOD;GOOD;0
2023-01-19T09:59:50+00:00;417;1,8;6,8;16,2;62,1984;GOOD;GOOD;GOOD;0
2023-01-19T10:00:53+00:00;425;1,8;8,9;16,2;62,1985;GOOD;GOOD;GOOD;0
2023-01-19T10:01:56+00:00;416;1,9;8,8;16,2;62,1986;GOOD;GOOD;GOOD;0
2023-01-19T10:02:58+00:00;425;1,9;7,4;16,2;62,1987;GOOD;GOOD;GOOD;0
2023-01-19T10:04:01+00:00;417;1,7;8,6;16,2;62,1988;GOOD;GOOD;GOOD;0
2023-01-19T10:05:04+00:00;423;2;10,8;16,2;62,1989;GOOD;GOOD;GOOD;0
2023-01-19T10:06:07+00:00;416;1,5;7,9;16,2;62,199;GOOD;GOOD;GOOD;0
2023-01-19T10:07:09+00:00;424;1,6;7,9;16,2;62,1991;GOOD;GOOD;GOOD;0
2023-01-19T10:08:12+00:00;426;1,7;6,8;16,2;62,1992;GOOD;GOOD;GOOD;0
2023-01-19T10:10:23+00:00;417;1,7;7,8;16,2;62,1993;GOOD;GOOD;GOOD;0
2023-01-19T10:11:26+00:00;417;1,5;6,9;16,1;62,1994;GOOD;GOOD;GOOD;0
2023-01-19T10:12:28+00:00;416;1,6;8,2;16,1;62,1995;GOOD;GOOD;GOOD;0
2023-01-19T10:13:31+00:00;416;1,5;6,2;16,1;62,1996;GOOD;GOOD;GOOD;0
2023-01-19T10:14:34+00:00;416;1,7;9,8;16,1;62,1997;GOOD;GOOD;GOOD;0
2023-01-19T10:15:37+00:00;416;1,3;3,4;16,1;62,1998;GOOD;GOOD;GOOD;0
2023-01-19T10:16:40+00:00;416;1,4;5,7;16,1;62,1999;GOOD;GOOD;GOOD;0
2023-01-19T10:17:43+00:00;424;1,4;6,2;16,1;62,2;GOOD;GOOD;GOOD;0
2023-01-19T10:18:46+00:00;416;1,3;4,9;16,1;62,2001;GOOD;GOOD;GOOD;0
2023-01-19T10:19:49+00:00;416;1,3;6,9;16,1;62,2002;GOOD;GOOD;GOOD;0
2023-01-19T10:20:51+00:00;416;1,4;8,3;16,1;62,2003;GOOD;GOOD;GOOD;0
2023-01-19T10:21:54+00:00;423;1,3;8,2;16,1;62,2004;GOOD;GOOD;GOOD;0
2023-01-19T10:22:57+00:00;415;1,4;4,5;16,1;62,2005;GOOD;GOOD;GOOD;0
2023-01-19T10:24:00+00:00;423;1,6;8,8;16,1;62,2006;GOOD;GOOD;GOOD;0
2023-01-19T10:25:02+00:00;416;1,4;7,9;16,1;62,2007;GOOD;GOOD;GOOD;0
2023-01-19T10:26:05+00:00;422;1,3;7,4;16;62,2008;GOOD;GOOD;GOOD;0
2023-01-19T10:27:08+00:00;415;1,3;6,1;16;62,2009;GOOD;GOOD;GOOD;0
2023-01-19T10:28:11+00:00;423;1,3;6,6;16;62,201;GOOD;GOOD;GOOD;0
2023-01-19T10:29:13+00:00;423;1,5;6,3;16;62,2011;GOOD;GOOD;GOOD;0
2023-01-19T10:30:16+00:00;416;1,4;5,4;16;62,2012;GOOD;GOOD;GOOD;0
2023-01-19T10:31:19+00:00;423;1,4;4,8;16;62,2013;GOOD;GOOD;GOOD;0
2023-01-19T10:32:22+00:00;416;1,4;5,2;16;62,2014;GOOD;GOOD;GOOD;0
2023-01-19T10:34:33+00:00;416;1,1;3,8;16;62,2015;GOOD;GOOD;GOOD;0
2023-01-19T10:35:36+00:00;415;1,1;5;16;62,2016;GOOD;GOOD;GOOD;0
2023-01-19T10:36:39+00:00;416;1,4;7,4;16;62,2017;GOOD;GOOD;GOOD;0
2023-01-19T10:37:42+00:00;415;1;5,3;16;62,2018;GOOD;GOOD;GOOD;0
2023-01-19T10:38:44+00:00;416;1,3;4,1;16;62,2019;GOOD;GOOD;GOOD;0
2023-01-19T10:39:47+00:00;415;1,4;6;16;62,202;GOOD;GOOD;GOOD;0
2023-01-19T10:40:50+00:00;415;1,4;4;16;62,2021;GOOD;GOOD;GOOD;0
2023-01-19T10:41:53+00:00;416;1,2;5,3;16;62,2022;GOOD;GOOD;GOOD;0
2023-01-19T10:42:56+00:00;415;1,2;6,3;16;62,2023;GOOD;GOOD;GOOD;0
2023-01-19T10:43:59+00:00;415;1,1;6,3;16;62,2024;GOOD;GOOD;GOOD;0
2023-01-19T10:45:02+00:00;415;1,2;5;16,1;62,2025;GOOD;GOOD;GOOD;0
2023-01-19T10:46:04+00:00;415;1,1;4,9;16,1;62,2026;GOOD;GOOD;GOOD;0
2023-01-19T10:47:07+00:00;416;1;5,7;16,1;62,2027;GOOD;GOOD;GOOD;0
2023-01-19T10:48:10+00:00;416;1,1;3,8;16,2;62,2028;GOOD;GOOD;GOOD;0
2023-01-19T10:49:13+00:00;416;1,5;3,3;16,2;62,2029;GOOD;GOOD;GOOD;0
2023-01-19T10:50:16+00:00;416;1,4;4,5;16,1;62,203;GOOD;GOOD;GOOD;0
2023-01-19T10:51:19+00:00;416;1,1;4,2;16,1;62,2031;GOOD;GOOD;GOOD;0
2023-01-19T10:53:29+00:00;416;0,9;3,4;16,1;62,2032;GOOD;GOOD;GOOD;0
2023-01-19T10:54:32+00:00;416;1,2;4,2;16,1;62,2033;GOOD;GOOD;GOOD;0
2023-01-19T10:55:35+00:00;416;1,1;4,5;16;62,2034;GOOD;GOOD;GOOD;0
2023-01-19T10:56:38+00:00;422;1,2;4,3;16;62,2035;GOOD;GOOD;GOOD;0
2023-01-19T10:57:40+00:00;416;1,2;3,2;16;62,2036;GOOD;GOOD;GOOD;0
2023-01-19T10:58:43+00:00;414;1;2,3;16;62,2037;GOOD;GOOD;GOOD;0
2023-01-19T10:59:54+00:00;416;1,2;4,1;15,9;62,2038;GOOD;GOOD;GOOD;0
2023-01-19T11:00:49+00:00;415;1,4;4,9;15,9;62,2039;GOOD;GOOD;GOOD;0
2023-01-19T11:01:52+00:00;415;1,4;5,9;15,9;62,204;GOOD;GOOD;GOOD;0
2023-01-19T11:02:56+00:00;415;1,6;7,1;15,9;62,2041;GOOD;GOOD;GOOD;0
2023-01-19T11:03:59+00:00;415;1,3;5,5;15,9;62,2042;GOOD;GOOD;GOOD;0
2023-01-19T11:05:01+00:00;415;1,1;7,1;15,8;62,2043;GOOD;GOOD;GOOD;0
2023-01-19T11:06:04+00:00;415;1,5;11,3;15,8;62,2044;GOOD;GOOD;GOOD;0
2023-01-19T11:07:07+00:00;415;2,3;16,9;15,8;62,2045;GOOD;GOOD;GOOD;0
2023-01-19T11:09:18+00:00;415;2;19,9;15,8;62,2046;GOOD;GOOD;GOOD;0
2023-01-19T11:10:21+00:00;422;2,1;12,8;15,9;62,2047;GOOD;GOOD;GOOD;0
2023-01-19T11:11:24+00:00;415;2;11,5;15,9;62,2048;GOOD;GOOD;GOOD;0
2023-01-19T11:12:27+00:00;414;2,9;23,5;15,9;62,2049;GOOD;GOOD;GOOD;0
2023-01-19T11:13:30+00:00;414;2,4;13,8;15,9;62,205;GOOD;GOOD;GOOD;0
2023-01-19T11:14:33+00:00;414;2,6;17,3;15,9;62,2051;GOOD;GOOD;GOOD;0
2023-01-19T11:15:35+00:00;421;2,2;13,8;15,9;62,2052;GOOD;GOOD;GOOD;0
2023-01-19T11:16:38+00:00;414;2,4;18,8;15,9;62,2053;GOOD;GOOD;GOOD;0
2023-01-19T11:17:41+00:00;414;2,4;12,4;15,9;62,2054;GOOD;GOOD;GOOD;0
2023-01-19T11:18:44+00:00;414;2,8;22,1;15,9;62,2055;GOOD;GOOD;GOOD;0
2023-01-19T11:19:47+00:00;414;2,6;22,2;15,9;62,2056;GOOD;GOOD;GOOD;0
2023-01-19T11:20:50+00:00;414;2,6;18;16;62,2057;GOOD;GOOD;GOOD;0
2023-01-19T11:24:08+00:00;414;2,2;14,5;16;62,2058;GOOD;GOOD;GOOD;0
2023-01-19T11:25:11+00:00;414;2,1;12,6;16;62,2059;GOOD;GOOD;GOOD;0
2023-01-19T11:26:14+00:00;414;2;10,8;16;62,206;GOOD;GOOD;GOOD;0
2023-01-19T11:27:16+00:00;414;2,2;11,5;16;62,2061;GOOD;GOOD;GOOD;0
2023-01-19T11:29:27+00:00;413;2,3;12,6;16;62,2062;GOOD;GOOD;GOOD;0
2023-01-19T11:30:30+00:00;414;1,9;10,4;16;62,2063;GOOD;GOOD;GOOD;0
2023-01-19T11:31:32+00:00;413;1,8;7,4;16;62,2064;GOOD;GOOD;GOOD;0
2023-01-19T11:32:35+00:00;413;1,9;8,1;16;62,2065;GOOD;GOOD;GOOD;0
2023-01-19T11:33:38+00:00;413;1,8;9,6;16;62,2066;GOOD;GOOD;GOOD;0
2023-01-19T11:34:42+00:00;412;1,5;7,7;16;62,2067;GOOD;GOOD;GOOD;0
2023-01-19T11:35:45+00:00;412;2,1;8,4;16;62,2068;GOOD;GOOD;GOOD;0
2023-01-19T11:36:49+00:00;411;1,7;6,5;16;62,2069;GOOD;GOOD;GOOD;0
2023-01-19T11:37:52+00:00;411;1,6;9;16;62,207;GOOD;GOOD;GOOD;0
2023-01-19T11:38:55+00:00;411;1,7;6,8;16,1;62,2071;GOOD;GOOD;GOOD;0
2023-01-19T11:39:57+00:00;411;1,6;8,2;16,1;62,2072;GOOD;GOOD;GOOD;0
2023-01-19T11:41:00+00:00;411;1,5;6,2;16,1;62,2073;GOOD;GOOD;GOOD;0
2023-01-19T11:42:03+00:00;411;1,7;5,3;16,1;62,2074;GOOD;GOOD;GOOD;0
2023-01-19T11:43:06+00:00;410;1,3;4,5;16,1;62,2075;GOOD;GOOD;GOOD;0
2023-01-19T11:44:08+00:00;410;1,7;6,5;16,1;62,2076;GOOD;GOOD;GOOD;0
2023-01-19T11:45:11+00:00;411;1,6;6,5;16,1;62,2077;GOOD;GOOD;GOOD;0
2023-01-19T11:46:14+00:00;410;1,6;3,8;16,1;62,2078;GOOD;GOOD;GOOD;0
2023-01-19T11:47:17+00:00;409;1,6;6,2;16,1;62,2079;GOOD;GOOD;GOOD;0
2023-01-19T11:48:20+00:00;410;1,8;5,5;16,1;62,208;GOOD;GOOD;GOOD;0
2023-01-19T11:49:22+00:00;409;2;8,8;16,1;62,2081;GOOD;GOOD;GOOD;0
2023-01-19T11:50:25+00:00;408;1,9;7,2;16,2;62,2082;GOOD;GOOD;GOOD;0
2023-01-19T11:51:28+00:00;408;1,5;7,2;16,2;62,2083;GOOD;GOOD;GOOD;0
2023-01-19T11:52:31+00:00;408;2,2;7,8;16,2;62,2084;GOOD;GOOD;GOOD;0
2023-01-19T11:53:33+00:00;408;2,1;9,2;16,2;62,2085;GOOD;GOOD;GOOD;0
2023-01-19T11:54:36+00:00;408;1,6;3,7;16,2;62,2086;GOOD;GOOD;GOOD;0
2023-01-19T11:55:39+00:00;406;3,1;10,7;16,2;62,2087;GOOD;GOOD;GOOD;0
2023-01-19T11:56:42+00:00;408;3,9;10,6;16,2;62,2088;GOOD;GOOD;GOOD;0
2023-01-19T11:57:44+00:00;406;3,6;9,5;16,2;62,2089;GOOD;GOOD;GOOD;0
2023-01-19T11:58:47+00:00;406;3,4;7,6;16,2;62,209;GOOD;GOOD;GOOD;0
2023-01-19T11:59:50+00:00;406;4,7;12,4;16,1;62,2091;GOOD;GOOD;GOOD;0
2023-01-19T12:00:53+00:00;405;7;10,5;16,2;62,2092;GOOD;GOOD;GOOD;0
2023-01-19T12:01:55+00:00;405;8,1;16,7;16,1;62,2093;GOOD;GOOD;GOOD;0
2023-01-19T12:02:58+00:00;405;6,7;11,9;16,1;62,2094;GOOD;GOOD;GOOD;0
2023-01-19T12:04:01+00:00;405;11,1;14;16,1;62,2095;GOOD;GOOD;GOOD;0
2023-01-19T12:05:04+00:00;404;10,1;13;16;62,2096;GOOD;GOOD;GOOD;0
2023-01-19T12:06:09+00:00;405;8,1;10;15,9;62,2097;GOOD;GOOD;GOOD;0
2023-01-19T12:07:12+00:00;411;8,1;10,3;15,7;62,2098;GOOD;GOOD;GOOD;0
2023-01-19T12:08:15+00:00;403;6,8;9,4;15,7;62,2099;GOOD;GOOD;GOOD;0
2023-01-19T12:09:17+00:00;404;5;8,1;15,5;62,21;GOOD;GOOD;GOOD;0
2023-01-19T12:11:28+00:00;404;5,1;7,8;15,5;62,2101;GOOD;GOOD;GOOD;0
2023-01-19T12:12:31+00:00;404;5;7,7;15,4;62,2102;GOOD;GOOD;GOOD;0
2023-01-19T12:13:33+00:00;404;5,3;13;15,4;62,2103;GOOD;GOOD;GOOD;0
2023-01-19T12:14:36+00:00;403;5,1;12,2;15,4;62,2104;GOOD;GOOD;GOOD;0
2023-01-19T12:15:39+00:00;404;5,1;10,6;15,5;62,2105;GOOD;GOOD;GOOD;0
2023-01-19T12:16:42+00:00;404;5,9;25,2;15,4;62,2106;GOOD;GOOD;GOOD;0
2023-01-19T12:17:44+00:00;404;5,5;23,6;15,4;62,2107;GOOD;GOOD;GOOD;0
2023-01-19T12:18:47+00:00;404;4,8;16,3;15,5;62,2108;GOOD;GOOD;GOOD;0
2023-01-19T12:19:50+00:00;405;5,2;12,7;15,5;62,2109;GOOD;GOOD;GOOD;0
2023-01-19T12:20:53+00:00;404;4,8;14,9;15,6;62,211;GOOD;GOOD;GOOD;0
2023-01-19T12:21:55+00:00;405;5,6;15,4;15,6;62,2111;GOOD;GOOD;GOOD;0
2023-01-19T12:22:58+00:00;404;4,2;8;15,7;62,2112;GOOD;GOOD;GOOD;0
2023-01-19T12:24:01+00:00;405;4,6;12,8;15,7;62,2113;GOOD;GOOD;GOOD;0
2023-01-19T12:25:04+00:00;405;4,8;12,1;15,7;62,2114;GOOD;GOOD;GOOD;0
2023-01-19T12:26:07+00:00;406;4,8;17,4;15,7;62,2115;GOOD;GOOD;GOOD;0
2023-01-19T12:27:10+00:00;405;4,6;12,3;15,7;62,2116;GOOD;GOOD;GOOD;0
2023-01-19T12:28:12+00:00;412;5,4;12,9;15,7;62,2117;GOOD;GOOD;GOOD;0
2023-01-19T12:29:15+00:00;406;4,5;14,4;15,7;62,2118;GOOD;GOOD;GOOD;0
2023-01-19T12:30:18+00:00;405;4,7;8,2;15,7;62,2119;GOOD;GOOD;GOOD;0
2023-01-19T12:32:29+00:00;406;3,9;6,5;15,7;62,212;GOOD;GOOD;GOOD;0
2023-01-19T12:34:39+00:00;406;4,4;9,5;15,7;62,2121;GOOD;GOOD;GOOD;0
2023-01-19T12:35:42+00:00;406;3,9;8;15,7;62,2122;GOOD;GOOD;GOOD;0
2023-01-19T12:36:45+00:00;405;3,5;8;15,7;62,2123;GOOD;GOOD;GOOD;0
2023-01-19T12:38:55+00:00;406;3,8;6,7;15,8;62,2124;GOOD;GOOD;GOOD;0
2023-01-19T12:39:58+00:00;406;3,7;7,9;15,8;62,2125;GOOD;GOOD;GOOD;0
2023-01-19T12:41:02+00:00;406;4;5,1;15,8;62,2126;GOOD;GOOD;GOOD;0
2023-01-19T12:42:04+00:00;406;3,6;7,9;15,8;62,2127;GOOD;GOOD;GOOD;0
2023-01-19T12:43:07+00:00;406;3,4;6,3;15,8;62,2128;GOOD;GOOD;GOOD;0
2023-01-19T12:44:10+00:00;406;3,5;8,9;15,8;62,2129;GOOD;GOOD;GOOD;0
2023-01-19T12:45:13+00:00;406;3,2;6,5;15,8;62,213;GOOD;GOOD;GOOD;0
2023-01-19T12:47:23+00:00;406;2,8;4,7;15,9;62,2131;GOOD;GOOD;GOOD;0
2023-01-19T12:48:26+00:00;406;3,2;6,4;15,9;62,2132;GOOD;GOOD;GOOD;0
2023-01-19T12:49:29+00:00;406;3,5;8;15,8;62,2133;GOOD;GOOD;GOOD;0
2023-01-19T12:50:32+00:00;406;2,8;5,9;15,9;62,2134;GOOD;GOOD;GOOD;0
2023-01-19T12:51:35+00:00;406;2,6;5,2;15,9;62,2135;GOOD;GOOD;GOOD;0
2023-01-19T12:52:38+00:00;406;2,9;6,1;16;62,2136;GOOD;GOOD;GOOD;0
2023-01-19T12:53:41+00:00;408;3,6;7,6;16;62,2137;GOOD;GOOD;GOOD;0
2023-01-19T12:54:43+00:00;406;3,1;5;16,1;62,2138;GOOD;GOOD;GOOD;0
2023-01-19T12:55:46+00:00;408;3;8,1;16,1;62,2139;GOOD;GOOD;GOOD;0
2023-01-19T12:56:49+00:00;406;2,6;6;16,1;62,214;GOOD;GOOD;GOOD;0
2023-01-19T12:57:51+00:00;408;2,4;5,5;16,2;62,2141;GOOD;GOOD;GOOD;0
2023-01-19T12:58:54+00:00;408;2,7;4,5;16,2;62,2142;GOOD;GOOD;GOOD;0
2023-01-19T12:59:57+00:00;408;2,8;6,8;16,2;62,2143;GOOD;GOOD;GOOD;0
2023-01-19T13:01:00+00:00;406;2,7;6,9;16,2;62,2144;GOOD;GOOD;GOOD;0
2023-01-19T13:02:03+00:00;408;2,7;5,1;16,2;62,2145;GOOD;GOOD;GOOD;0
2023-01-19T13:03:05+00:00;408;2,5;5;16,2;62,2146;GOOD;GOOD;GOOD;0
2023-01-19T13:04:08+00:00;408;2,8;6,1;16,2;62,2147;GOOD;GOOD;GOOD;0
2023-01-19T13:05:11+00:00;408;2,9;7,5;16,2;62,2148;GOOD;GOOD;GOOD;0
2023-01-19T13:06:14+00:00;408;2,4;5,2;16,2;62,2149;GOOD;GOOD;GOOD;0
2023-01-19T13:07:16+00:00;408;2,2;3,3;16,3;62,215;GOOD;GOOD;GOOD;0
2023-01-19T13:08:19+00:00;408;2,9;7,2;16,3;62,2151;GOOD;GOOD;GOOD;0
2023-01-19T13:09:22+00:00;414;2,2;4;16,3;62,2152;GOOD;GOOD;GOOD;0
2023-01-19T13:10:25+00:00;408;2;5,1;16,3;62,2153;GOOD;GOOD;GOOD;0
2023-01-19T13:11:28+00:00;409;2,1;3,6;16,3;62,2154;GOOD;GOOD;GOOD;0
2023-01-19T13:12:30+00:00;408;2,4;4,6;16,3;62,2155;GOOD;GOOD;GOOD;0
2023-01-19T13:13:33+00:00;409;2,3;5,5;16,3;62,2156;GOOD;GOOD;GOOD;0
2023-01-19T13:14:36+00:00;409;2,3;5,2;16,3;62,2157;GOOD;GOOD;GOOD;0
2023-01-19T13:15:39+00:00;409;1,9;2,4;16,3;62,2158;GOOD;GOOD;GOOD;0
2023-01-19T13:16:41+00:00;409;1,7;3,3;16,3;62,2159;GOOD;GOOD;GOOD;0
2023-01-19T13:17:44+00:00;409;1,8;3,1;16,3;62,216;GOOD;GOOD;GOOD;0
2023-01-19T13:18:47+00:00;408;2;4,3;16,3;62,2161;GOOD;GOOD;GOOD;0
2023-01-19T13:19:49+00:00;409;2,1;3,6;16,3;62,2162;GOOD;GOOD;GOOD;0
2023-01-19T13:20:52+00:00;408;2,1;5,1;16,3;62,2163;GOOD;GOOD;GOOD;0
2023-01-19T13:21:55+00:00;415;2;3,6;16,3;62,2164;GOOD;GOOD;GOOD;0
2023-01-19T13:22:58+00:00;409;1,8;4,9;16,3;62,2165;GOOD;GOOD;GOOD;0
2023-01-19T13:24:00+00:00;408;1,6;4,3;16,3;62,2166;GOOD;GOOD;GOOD;0
2023-01-19T13:25:03+00:00;409;1,6;2,8;16,3;62,2167;GOOD;GOOD;GOOD;0
2023-01-19T13:26:06+00:00;409;2;3,9;16,3;62,2168;GOOD;GOOD;GOOD;0
2023-01-19T13:27:09+00:00;415;1,5;2,6;16,3;62,2169;GOOD;GOOD;GOOD;0
2023-01-19T13:29:19+00:00;416;1,6;2,9;16,3;62,217;GOOD;GOOD;GOOD;0
2023-01-19T13:30:22+00:00;409;1,3;2,2;16,4;62,2171;GOOD;GOOD;GOOD;0
2023-01-19T13:31:25+00:00;409;1,7;2,6;16,4;62,2172;GOOD;GOOD;GOOD;0
2023-01-19T13:33:35+00:00;409;1,8;4,4;16,4;62,2173;GOOD;GOOD;GOOD;0
2023-01-19T13:34:38+00:00;409;1,5;2,2;16,3;62,2174;GOOD;GOOD;GOOD;0
2023-01-19T13:35:41+00:00;409;1,3;2,7;16,3;62,2175;GOOD;GOOD;GOOD;0
2023-01-19T13:36:44+00:00;409;1,3;1,8;16,4;62,2176;GOOD;GOOD;GOOD;0
2023-01-19T13:37:46+00:00;409;1,6;2,5;16,4;62,2177;GOOD;GOOD;GOOD;0
2023-01-19T13:38:49+00:00;409;1,7;3,1;16,3;62,2178;GOOD;GOOD;GOOD;0
2023-01-19T13:39:52+00:00;409;1,2;2,6;16,3;62,2179;GOOD;GOOD;GOOD;0
2023-01-19T13:40:55+00:00;409;1,3;1,6;16,2;62,218;GOOD;GOOD;GOOD;0
2023-01-19T13:41:58+00:00;409;1,3;2,3;16,2;62,2181;GOOD;GOOD;GOOD;0
2023-01-19T13:43:00+00:00;409;1,1;1,7;16,2;62,2182;GOOD;GOOD;GOOD;0
2023-01-19T13:44:03+00:00;409;1,2;2,8;16,1;62,2183;GOOD;GOOD;GOOD;0
2023-01-19T13:45:06+00:00;408;1,2;2,5;16,1;62,2184;GOOD;GOOD;GOOD;0
2023-01-19T13:46:09+00:00;408;1,2;2,4;16,1;62,2185;GOOD;GOOD;GOOD;0
2023-01-19T13:47:12+00:00;408;1,1;3,3;16,1;62,2186;GOOD;GOOD;GOOD;0
2023-01-19T13:48:15+00:00;408;1,2;2,5;16,1;62,2187;GOOD;GOOD;GOOD;0
2023-01-19T13:49:17+00:00;409;1,1;1,8;16,1;62,2188;GOOD;GOOD;GOOD;0
2023-01-19T13:50:20+00:00;409;1,1;1,7;16;62,2189;GOOD;GOOD;GOOD;0
2023-01-19T13:51:23+00:00;409;1,2;2,6;16;62,219;GOOD;GOOD;GOOD;0
2023-01-19T13:52:26+00:00;409;1,2;2;16;62,2191;GOOD;GOOD;GOOD;0
2023-01-19T13:53:28+00:00;408;1,3;3,4;16;62,2192;GOOD;GOOD;GOOD;0
2023-01-19T13:54:31+00:00;408;1,1;2;16;62,2193;GOOD;GOOD;GOOD;0
2023-01-19T13:55:34+00:00;408;1,2;2;16;62,2194;GOOD;GOOD;GOOD;0
2023-01-19T13:56:37+00:00;408;1,2;1,4;16;62,2195;GOOD;GOOD;GOOD;0
2023-01-19T13:57:40+00:00;408;1,1;1,2;16;62,2196;GOOD;GOOD;GOOD;0
2023-01-19T13:58:42+00:00;408;1,1;2,9;16;62,2197;GOOD;GOOD;GOOD;0
2023-01-19T13:59:45+00:00;408;1;1,6;16;62,2198;GOOD;GOOD;GOOD;0
2023-01-19T14:00:48+00:00;408;1;1,8;16;62,2199;GOOD;GOOD;GOOD;0
2023-01-19T14:01:50+00:00;408;1;1,8;16,1;62,22;GOOD;GOOD;GOOD;0
2023-01-19T14:02:53+00:00;413;1;2,2;16,1;62,2201;GOOD;GOOD;GOOD;0
2023-01-19T14:03:56+00:00;408;1,1;1,2;16,1;62,2202;GOOD;GOOD;GOOD;0
2023-01-19T14:04:59+00:00;408;1,1;2,6;16,1;62,2203;GOOD;GOOD;GOOD;0
2023-01-19T14:06:01+00:00;408;1;2;16,1;62,2204;GOOD;GOOD;GOOD;0
2023-01-19T14:07:04+00:00;408;1,2;2,6;16,1;62,2205;GOOD;GOOD;GOOD;0
2023-01-19T14:08:07+00:00;406;0,9;3,5;16,1;62,2206;GOOD;GOOD;GOOD;0
2023-01-19T14:09:10+00:00;408;1,2;3,1;16,1;62,2207;GOOD;GOOD;GOOD;0
2023-01-19T14:10:13+00:00;406;1;2,1;16,1;62,2208;GOOD;GOOD;GOOD;0
2023-01-19T14:11:15+00:00;408;0,9;2,4;16,1;62,2209;GOOD;GOOD;GOOD;0
2023-01-19T14:12:18+00:00;406;1;3;16,1;62,221;GOOD;GOOD;GOOD;0
2023-01-19T14:13:21+00:00;413;1,8;5,4;16,1;62,2211;GOOD;GOOD;GOOD;0
2023-01-19T14:14:24+00:00;406;0,8;2;16,1;62,2212;GOOD;GOOD;GOOD;0
2023-01-19T14:15:27+00:00;406;0,9;2,8;16,1;62,2213;GOOD;GOOD;GOOD;0
2023-01-19T14:16:29+00:00;406;0,9;2,1;16,1;62,2214;GOOD;GOOD;GOOD;0
2023-01-19T14:17:32+00:00;406;0,9;2,4;16,2;62,2215;GOOD;GOOD;GOOD;0
2023-01-19T14:18:35+00:00;406;1;2,4;16,2;62,2216;GOOD;GOOD;GOOD;0
2023-01-19T14:19:38+00:00;406;1;3,9;16,2;62,2217;GOOD;GOOD;GOOD;0
2023-01-19T14:20:41+00:00;408;111,5;225,8;16,2;62,2218;GOOD;Unhealthy;Moderate;1
2023-01-19T14:21:43+00:00;406;6,4;12,8;16,2;62,2219;GOOD;GOOD;GOOD;0
2023-01-19T14:22:46+00:00;406;1,9;4,7;16,2;62,222;GOOD;GOOD;GOOD;0
2023-01-19T14:23:49+00:00;406;1;3,9;16,3;62,2221;GOOD;GOOD;GOOD;0
2023-01-19T14:24:52+00:00;406;1,1;4,1;16,2;62,2222;GOOD;GOOD;GOOD;0
2023-01-19T14:25:55+00:00;406;1,1;2,3;16,2;62,2223;GOOD;GOOD;GOOD;0
2023-01-19T14:26:57+00:00;406;1,2;5,5;16,2;62,2224;GOOD;GOOD;GOOD;0
2023-01-19T14:28:00+00:00;406;1,2;5,3;16,2;62,2225;GOOD;GOOD;GOOD;0
2023-01-19T14:29:03+00:00;405;1,2;3,2;16,2;62,2226;GOOD;GOOD;GOOD;0
2023-01-19T14:30:06+00:00;406;1,3;3,5;16,2;62,2227;GOOD;GOOD;GOOD;0
2023-01-19T14:31:08+00:00;405;1,3;3,2;16,2;62,2228;GOOD;GOOD;GOOD;0
2023-01-19T14:32:11+00:00;405;1;2,2;16,2;62,2229;GOOD;GOOD;GOOD;0
2023-01-19T14:33:14+00:00;406;1,2;3,2;16,2;62,223;GOOD;GOOD;GOOD;0
2023-01-19T14:34:17+00:00;405;1,1;3,4;16,2;62,2231;GOOD;GOOD;GOOD;0
2023-01-19T14:35:19+00:00;405;1,1;2,3;16,2;62,2232;GOOD;GOOD;GOOD;0
2023-01-19T14:36:22+00:00;405;1,2;2,7;16,2;62,2233;GOOD;GOOD;GOOD;0
2023-01-19T14:37:25+00:00;404;1;1,6;16,2;62,2234;GOOD;GOOD;GOOD;0
2023-01-19T14:38:28+00:00;405;1,1;4;16,2;62,2235;GOOD;GOOD;GOOD;0
2023-01-19T14:39:30+00:00;405;1,2;3,9;16,2;62,2236;GOOD;GOOD;GOOD;0
2023-01-19T14:40:33+00:00;405;0,9;2,5;16,2;62,2237;GOOD;GOOD;GOOD;0
2023-01-19T14:41:36+00:00;405;1;3,1;16,2;62,2238;GOOD;GOOD;GOOD;0
2023-01-19T14:42:39+00:00;404;1,3;4,4;16,2;62,2239;GOOD;GOOD;GOOD;0
2023-01-19T14:43:41+00:00;405;1,2;4,6;16,2;62,224;GOOD;GOOD;GOOD;0
2023-01-19T14:44:44+00:00;405;1,1;2,7;16,2;62,2241;GOOD;GOOD;GOOD;0
2023-01-19T14:45:47+00:00;405;1,2;3,9;16,2;62,2242;GOOD;GOOD;GOOD;0
2023-01-19T14:46:50+00:00;405;1,2;3,2;16,2;62,2243;GOOD;GOOD;GOOD;0
2023-01-19T14:47:53+00:00;405;1,4;3,2;16,2;62,2244;GOOD;GOOD;GOOD;0
2023-01-19T14:48:55+00:00;405;1,2;4;16,2;62,2245;GOOD;GOOD;GOOD;0
2023-01-19T14:49:58+00:00;404;1,3;3,2;16,2;62,2246;GOOD;GOOD;GOOD;0
2023-01-19T14:51:01+00:00;405;1,3;2,6;16,1;62,2247;GOOD;GOOD;GOOD;0
2023-01-19T14:52:04+00:00;405;1,1;4,9;16,1;62,2248;GOOD;GOOD;GOOD;0
2023-01-19T14:53:07+00:00;405;1,3;3,1;16,1;62,2249;GOOD;GOOD;GOOD;0
2023-01-19T14:54:10+00:00;405;1,2;4,3;16,2;62,225;GOOD;GOOD;GOOD;0
2023-01-19T14:55:13+00:00;405;1,1;2,7;16,1;62,2251;GOOD;GOOD;GOOD;0
2023-01-19T14:56:15+00:00;411;1,1;2,5;16,1;62,2252;GOOD;GOOD;GOOD;0
2023-01-19T14:57:18+00:00;405;1,3;3,8;16,1;62,2253;GOOD;GOOD;GOOD;0
2023-01-19T14:58:21+00:00;404;1,1;3;16,1;62,2254;GOOD;GOOD;GOOD;0
2023-01-19T14:59:24+00:00;404;1;4;16,1;62,2255;GOOD;GOOD;GOOD;0
2023-01-19T15:00:26+00:00;404;1,2;3,9;16,2;62,2256;GOOD;GOOD;GOOD;0
2023-01-19T15:01:29+00:00;405;1,2;3,1;16,2;62,2257;GOOD;GOOD;GOOD;0
2023-01-19T15:02:32+00:00;405;1;5,1;16,2;62,2258;GOOD;GOOD;GOOD;0
2023-01-19T15:03:34+00:00;405;1,1;4;16,2;62,2259;GOOD;GOOD;GOOD;0
2023-01-19T15:04:37+00:00;405;1,2;4,3;16,2;62,226;GOOD;GOOD;GOOD;0
2023-01-19T15:05:40+00:00;405;1,4;4,1;16,2;62,2261;GOOD;GOOD;GOOD;0
2023-01-19T15:06:43+00:00;405;1,4;4,5;16,2;62,2262;GOOD;GOOD;GOOD;0
2023-01-19T15:07:45+00:00;404;1,3;5,7;16,2;62,2263;GOOD;GOOD;GOOD;0
2023-01-19T15:08:48+00:00;405;1,6;7,9;16,3;62,2264;GOOD;GOOD;GOOD;0
2023-01-19T15:09:51+00:00;405;1,4;4,9;16,3;62,2265;GOOD;GOOD;GOOD;0
2023-01-19T15:10:54+00:00;404;1,3;4,8;16,3;62,2266;GOOD;GOOD;GOOD;0
2023-01-19T15:11:57+00:00;404;1;3,9;16,3;62,2267;GOOD;GOOD;GOOD;0
2023-01-19T15:12:59+00:00;404;1,1;3,6;16,3;62,2268;GOOD;GOOD;GOOD;0
2023-01-19T15:14:02+00:00;403;1,3;5,2;16,3;62,2269;GOOD;GOOD;GOOD;0
2023-01-19T15:15:05+00:00;403;1,2;2,9;16,3;62,227;GOOD;GOOD;GOOD;0
2023-01-19T15:16:08+00:00;403;1,3;7,8;16,3;62,2271;GOOD;GOOD;GOOD;0
2023-01-19T15:17:11+00:00;403;2;17,2;16,4;62,2272;GOOD;GOOD;GOOD;0
2023-01-19T15:18:14+00:00;409;2,6;28,3;16,3;62,2273;GOOD;GOOD;GOOD;0
2023-01-19T15:19:17+00:00;401;3,6;45,2;16,3;62,2274;GOOD;GOOD;GOOD;0
2023-01-19T15:20:19+00:00;401;4,6;41,9;16,2;62,2275;GOOD;GOOD;GOOD;0
2023-01-19T15:21:22+00:00;401;4,2;31,5;15,9;62,2276;GOOD;GOOD;GOOD;0
2023-01-19T15:22:25+00:00;403;3,7;33,7;15,9;62,2277;GOOD;GOOD;GOOD;0
2023-01-19T15:23:28+00:00;400;43,7;595,9;15,8;62,2278;GOOD;GOOD;Very Unhealthy;1
2023-01-19T15:24:31+00:00;397;6,4;56,6;15,4;62,2279;GOOD;GOOD;GOOD;0
2023-01-19T15:25:34+00:00;396;7,4;83,2;15,1;62,228;GOOD;GOOD;GOOD;0
2023-01-19T15:26:36+00:00;394;4,4;28,5;15;62,2281;GOOD;GOOD;GOOD;0
2023-01-19T15:27:39+00:00;393;4,4;35,8;15;62,2282;GOOD;GOOD;GOOD;0
2023-01-19T15:28:42+00:00;393;3;19,5;14,8;62,2283;GOOD;GOOD;GOOD;0
2023-01-19T15:29:45+00:00;390;2,7;13,6;14,8;62,2284;GOOD;GOOD;GOOD;0
2023-01-19T15:30:48+00:00;389;2,7;20,8;14,5;62,2285;GOOD;GOOD;GOOD;0
2023-01-19T15:31:50+00:00;390;1,8;9,6;14,5;62,2286;GOOD;GOOD;GOOD;0
2023-01-19T15:32:53+00:00;390;1,6;9;14,4;62,2287;GOOD;GOOD;GOOD;0
2023-01-19T15:33:56+00:00;390;2,6;10,1;14,2;62,2288;GOOD;GOOD;GOOD;0
2023-01-19T15:34:59+00:00;390;2,6;9,7;14;62,2289;GOOD;GOOD;GOOD;0
2023-01-19T15:36:02+00:00;391;2,8;10,3;13,9;62,229;GOOD;GOOD;GOOD;0
2023-01-19T15:37:05+00:00;390;2,4;10,8;13,8;62,2291;GOOD;GOOD;GOOD;0
2023-01-19T15:38:11+00:00;390;4,3;26,6;13,8;62,2292;GOOD;GOOD;GOOD;0
2023-01-19T15:39:10+00:00;390;4,4;26,5;14,2;62,2293;GOOD;GOOD;GOOD;0
2023-01-19T15:40:14+00:00;391;4,1;22,4;14,5;62,2294;GOOD;GOOD;GOOD;0
2023-01-19T15:41:17+00:00;390;4,6;38;14,8;62,2295;GOOD;GOOD;GOOD;0
2023-01-19T15:42:19+00:00;390;4,2;25,8;15;62,2296;GOOD;GOOD;GOOD;0
2023-01-19T15:43:22+00:00;389;5,1;33;15,1;62,2297;GOOD;GOOD;GOOD;0
2023-01-19T15:44:25+00:00;389;4,6;30,3;15,3;62,2298;GOOD;GOOD;GOOD;0
2023-01-19T15:45:28+00:00;388;4,2;24,1;15,3;62,2299;GOOD;GOOD;GOOD;0
2023-01-19T15:46:31+00:00;388;4,2;25,1;15,4;62,23;GOOD;GOOD;GOOD;0
2023-01-19T15:47:33+00:00;394;4,3;31,2;15,4;62,2301;GOOD;GOOD;GOOD;0
2023-01-19T15:48:36+00:00;387;3,6;21,9;15,5;62,2302;GOOD;GOOD;GOOD;0
2023-01-19T15:49:39+00:00;390;3,6;21,4;15,5;62,2303;GOOD;GOOD;GOOD;0
2023-01-19T15:50:42+00:00;399;3,2;16;15,6;62,2304;GOOD;GOOD;GOOD;0
2023-01-19T15:51:45+00:00;387;3,5;25,1;15,6;62,2305;GOOD;GOOD;GOOD;0
2023-01-19T15:52:47+00:00;387;2,9;17,4;15,6;62,2306;GOOD;GOOD;GOOD;0
2023-01-19T15:53:50+00:00;387;3,3;18,6;15,7;62,2307;GOOD;GOOD;GOOD;0
2023-01-19T15:54:53+00:00;386;2,7;15,3;15,7;62,2308;GOOD;GOOD;GOOD;0
2023-01-19T15:55:55+00:00;387;3,2;16,5;15,7;62,2309;GOOD;GOOD;GOOD;0
2023-01-19T15:56:59+00:00;387;2,9;14,1;15,7;62,231;GOOD;GOOD;GOOD;0
2023-01-19T15:58:02+00:00;386;3,1;17,9;15,8;62,2311;GOOD;GOOD;GOOD;0
2023-01-19T15:59:04+00:00;387;2,8;13,5;15,8;62,2312;GOOD;GOOD;GOOD;0
2023-01-19T16:00:07+00:00;392;3,3;13,3;15,9;62,2313;GOOD;GOOD;GOOD;0
2023-01-19T16:01:10+00:00;386;2,8;12,9;15,9;62,2314;GOOD;GOOD;GOOD;0
2023-01-19T16:02:12+00:00;384;3,1;13;15,9;62,2315;GOOD;GOOD;GOOD;0
2023-01-19T16:03:15+00:00;387;3,5;13;15,9;62,2316;GOOD;GOOD;GOOD;0
2023-01-19T16:04:18+00:00;394;3,9;12,4;15,9;62,2317;GOOD;GOOD;GOOD;0
2023-01-19T16:05:21+00:00;390;5,7;14,4;15,8;62,2318;GOOD;GOOD;GOOD;0
2023-01-19T16:06:24+00:00;387;5,9;14,6;15,7;62,2319;GOOD;GOOD;GOOD;0
2023-01-19T16:07:27+00:00;392;6,2;11,5;15,7;62,232;GOOD;GOOD;GOOD;0
2023-01-19T16:08:29+00:00;388;6,7;14,4;15,7;62,2321;GOOD;GOOD;GOOD;0
2023-01-19T16:09:32+00:00;387;5,8;11,9;15,7;62,2322;GOOD;GOOD;GOOD;0
2023-01-19T16:10:35+00:00;393;5,3;13,6;15,7;62,2323;GOOD;GOOD;GOOD;0
2023-01-19T16:11:38+00:00;387;4,7;14,5;15,8;62,2324;GOOD;GOOD;GOOD;0
2023-01-19T16:12:41+00:00;394;4,1;14;15,8;62,2325;GOOD;GOOD;GOOD;0
2023-01-19T16:13:43+00:00;387;3,2;11,3;15,8;62,2326;GOOD;GOOD;GOOD;0
2023-01-19T16:14:46+00:00;386;3,2;9,9;15,9;62,2327;GOOD;GOOD;GOOD;0
2023-01-19T16:15:49+00:00;387;2,8;8,3;15,9;62,2328;GOOD;GOOD;GOOD;0
2023-01-19T16:16:52+00:00;386;3,1;8,6;15,9;62,2329;GOOD;GOOD;GOOD;0
2023-01-19T16:17:55+00:00;399;3,7;13,2;15,9;62,233;GOOD;GOOD;GOOD;0
2023-01-19T16:18:58+00:00;387;4,3;13,1;16;62,2331;GOOD;GOOD;GOOD;0
2023-01-19T16:20:01+00:00;388;4,5;16;16;62,2332;GOOD;GOOD;GOOD;0
2023-01-19T16:21:03+00:00;389;4,9;27,6;16;62,2333;GOOD;GOOD;GOOD;0
2023-01-19T16:22:06+00:00;390;3,5;13,4;15,9;62,2334;GOOD;GOOD;GOOD;0
2023-01-19T16:23:09+00:00;391;4,2;17,1;15,9;62,2335;GOOD;GOOD;GOOD;0
2023-01-19T16:24:12+00:00;391;3,6;10,5;16;62,2336;GOOD;GOOD;GOOD;0
2023-01-19T16:25:14+00:00;391;3,8;13,2;16;62,2337;GOOD;GOOD;GOOD;0
2023-01-19T16:26:18+00:00;391;3,5;15,6;16;62,2338;GOOD;GOOD;GOOD;0
2023-01-19T16:27:20+00:00;391;3,8;12,5;16;62,2339;GOOD;GOOD;GOOD;0
2023-01-19T16:28:23+00:00;392;4,1;14,7;15,9;62,234;GOOD;GOOD;GOOD;0
2023-01-19T16:29:26+00:00;391;3,6;9,9;15,9;62,2341;GOOD;GOOD;GOOD;0
2023-01-19T16:30:28+00:00;393;3,6;17;15,9;62,2342;GOOD;GOOD;GOOD;0
2023-01-19T16:31:32+00:00;394;3,3;13,1;15,9;62,2343;GOOD;GOOD;GOOD;0
2023-01-19T16:32:34+00:00;393;4,1;14,6;15,9;62,2344;GOOD;GOOD;GOOD;0
2023-01-19T16:33:37+00:00;394;3,4;15,1;15,9;62,2345;GOOD;GOOD;GOOD;0
2023-01-19T16:34:40+00:00;402;3,7;13,8;15,9;62,2346;GOOD;GOOD;GOOD;0
2023-01-19T16:35:42+00:00;398;3,6;11,3;15,9;62,2347;GOOD;GOOD;GOOD;0
2023-01-19T16:36:45+00:00;398;3,8;14,7;15,9;62,2348;GOOD;GOOD;GOOD;0
2023-01-19T16:37:48+00:00;398;3,4;11,7;16;62,2349;GOOD;GOOD;GOOD;0
2023-01-19T16:38:51+00:00;405;3,3;10,9;16;62,235;GOOD;GOOD;GOOD;0
2023-01-19T16:39:53+00:00;403;3,5;11,4;16;62,2351;GOOD;GOOD;GOOD;0
2023-01-19T16:40:56+00:00;400;3,3;8,1;16;62,2352;GOOD;GOOD;GOOD;0
2023-01-19T16:41:59+00:00;399;3,9;10,6;16;62,2353;GOOD;GOOD;GOOD;0
2023-01-19T16:43:01+00:00;399;3,2;10,6;16;62,2354;GOOD;GOOD;GOOD;0
2023-01-19T16:44:04+00:00;400;3,3;11,3;16;62,2355;GOOD;GOOD;GOOD;0
2023-01-19T16:45:07+00:00;400;3,1;10,1;16;62,2356;GOOD;GOOD;GOOD;0
2023-01-19T16:46:10+00:00;397;3,5;9,4;16;62,2357;GOOD;GOOD;GOOD;0
2023-01-19T16:47:13+00:00;398;3,3;11,1;16;62,2358;GOOD;GOOD;GOOD;0
2023-01-19T16:48:15+00:00;400;2,9;11,5;15,9;62,2359;GOOD;GOOD;GOOD;0
2023-01-19T16:49:18+00:00;400;2,9;8;16;62,236;GOOD;GOOD;GOOD;0
2023-01-19T16:50:21+00:00;398;2,9;9,8;16;62,2361;GOOD;GOOD;GOOD;0
2023-01-19T16:51:24+00:00;397;3,8;11,4;16;62,2362;GOOD;GOOD;GOOD;0
2023-01-19T16:52:26+00:00;397;2,9;9,6;15,9;62,2363;GOOD;GOOD;GOOD;0
2023-01-19T16:53:29+00:00;397;3,4;10;15,9;62,2364;GOOD;GOOD;GOOD;0
2023-01-19T16:54:32+00:00;397;3,2;8,5;15,8;62,2365;GOOD;GOOD;GOOD;0
2023-01-19T16:55:35+00:00;396;3,3;9,6;15,8;62,2366;GOOD;GOOD;GOOD;0
2023-01-19T16:56:37+00:00;397;2,8;7,6;15,8;62,2367;GOOD;GOOD;GOOD;0
2023-01-19T16:57:40+00:00;396;3,1;10,7;15,8;62,2368;GOOD;GOOD;GOOD;0
2023-01-19T16:58:43+00:00;396;2,6;9,1;15,7;62,2369;GOOD;GOOD;GOOD;0
2023-01-19T16:59:46+00:00;397;3,7;8,8;15,7;62,237;GOOD;GOOD;GOOD;0
2023-01-19T17:00:48+00:00;396;3,1;8,3;15,7;62,2371;GOOD;GOOD;GOOD;0
2023-01-19T17:01:51+00:00;396;2,9;8,1;15,7;62,2372;GOOD;GOOD;GOOD;0
2023-01-19T17:02:54+00:00;397;3,5;21,3;15,7;62,2373;GOOD;GOOD;GOOD;0
2023-01-19T17:03:57+00:00;397;3,4;18,4;15,6;62,2374;GOOD;GOOD;GOOD;0
2023-01-19T17:04:59+00:00;396;3,7;18,5;15,5;62,2375;GOOD;GOOD;GOOD;0
2023-01-19T17:06:02+00:00;397;9,4;67,5;15,5;62,2376;GOOD;GOOD;GOOD;0
2023-01-19T17:07:05+00:00;397;7,4;47,2;15,5;62,2377;GOOD;GOOD;GOOD;0
2023-01-19T17:08:08+00:00;397;6,4;52,7;15,6;62,2378;GOOD;GOOD;GOOD;0
2023-01-19T17:09:11+00:00;397;6,1;29,5;15,7;62,2379;GOOD;GOOD;GOOD;0
2023-01-19T17:10:14+00:00;398;6,4;31,2;15,7;62,238;GOOD;GOOD;GOOD;0
2023-01-19T17:11:16+00:00;398;5,5;27,1;15,8;62,2381;GOOD;GOOD;GOOD;0
2023-01-19T17:12:19+00:00;398;5,4;27,1;15,7;62,2382;GOOD;GOOD;GOOD;0
2023-01-19T17:13:22+00:00;398;4,7;23,8;15,8;62,2383;GOOD;GOOD;GOOD;0
2023-01-19T17:14:25+00:00;399;4,5;20;15,8;62,2384;GOOD;GOOD;GOOD;0
2023-01-19T17:15:27+00:00;398;4;20;15,8;62,2385;GOOD;GOOD;GOOD;0
2023-01-19T17:16:30+00:00;398;4,5;20,9;15,8;62,2386;GOOD;GOOD;GOOD;0
2023-01-19T17:17:33+00:00;396;4;18,2;15,8;62,2387;GOOD;GOOD;GOOD;0
2023-01-19T17:18:36+00:00;393;3,3;13,6;15,8;62,2388;GOOD;GOOD;GOOD;0
2023-01-19T17:19:38+00:00;390;3,3;15,5;15,8;62,2389;GOOD;GOOD;GOOD;0
2023-01-19T17:20:41+00:00;389;3,3;17,3;15,9;62,239;GOOD;GOOD;GOOD;0
2023-01-19T17:21:44+00:00;388;3,4;12,5;15,9;62,2391;GOOD;GOOD;GOOD;0
2023-01-19T17:22:46+00:00;387;3;10;16;62,2392;GOOD;GOOD;GOOD;0
2023-01-19T17:23:49+00:00;386;3,6;11,9;16;62,2393;GOOD;GOOD;GOOD;0
2023-01-19T17:24:52+00:00;386;3,5;9,8;16;62,2394;GOOD;GOOD;GOOD;0
2023-01-19T17:25:55+00:00;384;3,2;9,2;16;62,2395;GOOD;GOOD;GOOD;0
2023-01-19T17:26:58+00:00;384;3,4;11,2;16;62,2396;GOOD;GOOD;GOOD;0
2023-01-19T17:28:01+00:00;382;4,3;10,1;16,1;62,2397;GOOD;GOOD;GOOD;0
2023-01-19T17:29:04+00:00;382;10,9;18;16,1;62,2398;GOOD;GOOD;GOOD;0
2023-01-19T17:30:06+00:00;382;19,1;26,8;16,1;62,2399;GOOD;GOOD;GOOD;0
2023-01-19T17:31:09+00:00;384;61,5;83;16;62,24;GOOD;GOOD;GOOD;0
2023-01-19T17:32:12+00:00;388;41,7;57,6;16,1;62,2401;GOOD;GOOD;GOOD;0
2023-01-19T17:33:15+00:00;387;27,2;35,1;16,1;62,2402;GOOD;GOOD;GOOD;0
2023-01-19T17:34:17+00:00;381;28,1;38;16,2;62,2403;GOOD;GOOD;GOOD;0
2023-01-19T17:35:20+00:00;379;42,7;55;16,2;62,2404;GOOD;GOOD;GOOD;0
2023-01-19T17:36:23+00:00;377;38,5;51,8;16,2;62,2405;GOOD;GOOD;GOOD;0
2023-01-19T17:37:25+00:00;374;42,7;53,2;16,2;62,2406;GOOD;GOOD;GOOD;0
2023-01-19T17:38:28+00:00;374;43,3;57,4;16,2;62,2407;GOOD;GOOD;GOOD;0
2023-01-19T17:39:31+00:00;374;37,9;50,2;16,2;62,2408;GOOD;GOOD;GOOD;0
2023-01-19T17:40:34+00:00;374;33;40,6;16,3;62,2409;GOOD;GOOD;GOOD;0
2023-01-19T17:41:37+00:00;374;30,3;41,9;16,3;62,241;GOOD;GOOD;GOOD;0
2023-01-19T17:42:39+00:00;375;35,4;43,5;16,3;62,2411;GOOD;GOOD;GOOD;0
2023-01-19T17:43:42+00:00;375;34,7;45;16,3;62,2412;GOOD;GOOD;GOOD;0
2023-01-19T17:44:45+00:00;376;26,8;38;16,3;62,2413;GOOD;GOOD;GOOD;0
2023-01-19T17:45:48+00:00;379;26,3;34,4;16,3;62,2414;GOOD;GOOD;GOOD;0
2023-01-19T17:46:50+00:00;375;27,2;35,9;16,3;62,2415;GOOD;GOOD;GOOD;0
2023-01-19T17:47:53+00:00;380;32,2;41,2;16,3;62,2416;GOOD;GOOD;GOOD;0
2023-01-19T17:48:56+00:00;373;32,1;45,5;16,3;62,2417;GOOD;GOOD;GOOD;0
2023-01-19T17:49:59+00:00;378;33,4;46,6;16,3;62,2418;GOOD;GOOD;GOOD;0
2023-01-19T17:51:02+00:00;373;36,7;53,5;16,3;62,2419;GOOD;GOOD;GOOD;0
2023-01-19T17:52:04+00:00;370;33,6;47,2;16,3;62,242;GOOD;GOOD;GOOD;0
2023-01-19T17:53:07+00:00;372;34,2;47,4;16,4;62,2421;GOOD;GOOD;GOOD;0
2023-01-19T17:54:10+00:00;379;31,6;44,6;16,4;62,2422;GOOD;GOOD;GOOD;0
2023-01-19T17:55:12+00:00;372;34,1;42,6;16,4;62,2423;GOOD;GOOD;GOOD;0
2023-01-19T17:56:15+00:00;379;32,3;41,6;16,4;62,2424;GOOD;GOOD;GOOD;0
2023-01-19T17:57:18+00:00;390;33;40,8;16,4;62,2425;GOOD;GOOD;GOOD;0
2023-01-19T17:58:21+00:00;381;31,2;40,8;16,4;62,2426;GOOD;GOOD;GOOD;0
2023-01-19T17:59:23+00:00;380;31,9;43,6;16,5;62,2427;GOOD;GOOD;GOOD;0
2023-01-19T18:00:27+00:00;372;33,4;42;16,5;62,2428;GOOD;GOOD;GOOD;0
2023-01-19T18:01:29+00:00;379;33,7;42,2;16,5;62,2429;GOOD;GOOD;GOOD;0
2023-01-19T18:02:32+00:00;372;32,1;43,4;16,5;62,243;GOOD;GOOD;GOOD;0
2023-01-19T18:03:35+00:00;372;31,5;51,2;16,5;62,2431;GOOD;GOOD;GOOD;0
2023-01-19T18:04:38+00:00;372;32,2;48,6;16,5;62,2432;GOOD;GOOD;GOOD;0
2023-01-19T18:05:40+00:00;370;31,2;50,2;16,5;62,2433;GOOD;GOOD;GOOD;0
2023-01-19T18:06:44+00:00;369;33,5;48;16,5;62,2434;GOOD;GOOD;GOOD;0
2023-01-19T18:07:47+00:00;372;30,6;46;16,5;62,2435;GOOD;GOOD;GOOD;0
2023-01-19T18:08:50+00:00;379;32,5;47,5;16,5;62,2436;GOOD;GOOD;GOOD;0
2023-01-19T18:09:52+00:00;368;19,4;31,6;16,5;62,2437;GOOD;GOOD;GOOD;0
2023-01-19T18:10:55+00:00;368;10,1;17,2;16,3;62,2438;GOOD;GOOD;GOOD;0
2023-01-19T18:11:58+00:00;367;12,6;19,7;15,7;62,2439;GOOD;GOOD;GOOD;0
2023-01-19T18:13:01+00:00;368;15,9;27,1;15,6;62,244;GOOD;GOOD;GOOD;0
2023-01-19T18:14:03+00:00;374;17,5;28,9;15,5;62,2441;GOOD;GOOD;GOOD;0
2023-01-19T18:15:06+00:00;368;18,6;35,1;15,6;62,2442;GOOD;GOOD;GOOD;0
2023-01-19T18:16:09+00:00;368;17,9;29,7;15,7;62,2443;GOOD;GOOD;GOOD;0
2023-01-19T18:17:12+00:00;367;18,2;32,6;15,8;62,2444;GOOD;GOOD;GOOD;0
2023-01-19T18:18:15+00:00;367;19,2;40;15,9;62,2445;GOOD;GOOD;GOOD;0
2023-01-19T18:19:18+00:00;366;18,5;33,5;16;62,2446;GOOD;GOOD;GOOD;0
2023-01-19T18:20:21+00:00;372;17,5;39,4;16;62,2447;GOOD;GOOD;GOOD;0
2023-01-19T18:21:24+00:00;365;18;36,4;16,1;62,2448;GOOD;GOOD;GOOD;0
2023-01-19T18:22:26+00:00;364;17,7;35,8;16;62,2449;GOOD;GOOD;GOOD;0
2023-01-19T18:23:29+00:00;363;17,3;29,8;16;62,245;GOOD;GOOD;GOOD;0
2023-01-19T18:24:32+00:00;364;17,2;34,9;16,1;62,2451;GOOD;GOOD;GOOD;0
2023-01-19T18:25:35+00:00;362;17,5;27,6;16,1;62,2452;GOOD;GOOD;GOOD;0
2023-01-19T18:26:37+00:00;362;17,9;26,2;16,2;62,2453;GOOD;GOOD;GOOD;0
2023-01-19T18:27:40+00:00;362;17,8;25,3;16,3;62,2454;GOOD;GOOD;GOOD;0
2023-01-19T18:28:43+00:00;361;18,4;29,7;16,4;62,2455;GOOD;GOOD;GOOD;0
2023-01-19T18:29:46+00:00;360;18,2;28,6;16,4;62,2456;GOOD;GOOD;GOOD;0
2023-01-19T18:30:48+00:00;360;18;32,7;16,5;62,2457;GOOD;GOOD;GOOD;0
2023-01-19T18:31:51+00:00;358;17,7;31,9;16,5;62,2458;GOOD;GOOD;GOOD;0
2023-01-19T18:32:54+00:00;357;18,5;32,8;16,6;62,2459;GOOD;GOOD;GOOD;0
2023-01-19T18:33:57+00:00;357;18,3;28,4;16,6;62,246;GOOD;GOOD;GOOD;0
2023-01-19T18:34:59+00:00;357;17,7;28,3;16,6;62,2461;GOOD;GOOD;GOOD;0
2023-01-19T18:36:02+00:00;354;18;31,6;16,6;62,2462;GOOD;GOOD;GOOD;0
2023-01-19T18:37:05+00:00;356;17,8;28,6;16,6;62,2463;GOOD;GOOD;GOOD;0
2023-01-19T18:38:07+00:00;354;17;25,4;16,6;62,2464;GOOD;GOOD;GOOD;0
2023-01-19T18:39:10+00:00;352;16,6;26,5;16,7;62,2465;GOOD;GOOD;GOOD;0
2023-01-19T18:40:13+00:00;353;16,3;24,8;16,6;62,2466;GOOD;GOOD;GOOD;0
2023-01-19T18:41:16+00:00;353;16,5;24,8;16,6;62,2467;GOOD;GOOD;GOOD;0
2023-01-19T18:42:18+00:00;353;16,3;24,4;16,7;62,2468;GOOD;GOOD;GOOD;0
2023-01-19T18:43:21+00:00;351;15,7;22,5;16,7;62,2469;GOOD;GOOD;GOOD;0
2023-01-19T18:44:24+00:00;356;16;23,7;16,7;62,247;GOOD;GOOD;GOOD;0
2023-01-19T18:45:27+00:00;351;16,3;23,6;16,7;62,2471;GOOD;GOOD;GOOD;0
2023-01-19T18:46:29+00:00;351;16;22,7;16,7;62,2472;GOOD;GOOD;GOOD;0
2023-01-19T18:47:32+00:00;348;15,9;23,7;16,7;62,2473;GOOD;GOOD;GOOD;0
2023-01-19T18:48:35+00:00;346;15,5;22;16,7;62,2474;GOOD;GOOD;GOOD;0
2023-01-19T18:49:37+00:00;345;15,7;21,5;16,7;62,2475;GOOD;GOOD;GOOD;0
2023-01-19T18:50:40+00:00;345;14,7;19,8;16,8;62,2476;GOOD;GOOD;GOOD;0
2023-01-19T18:51:43+00:00;345;15,2;22,1;16,8;62,2477;GOOD;GOOD;GOOD;0
2023-01-19T18:52:46+00:00;344;18,1;24,4;16,8;62,2478;GOOD;GOOD;GOOD;0
2023-01-19T18:53:48+00:00;350;18,9;27,3;16,8;62,2479;GOOD;GOOD;GOOD;0
2023-01-19T18:54:51+00:00;343;15,8;24,7;16,8;62,248;GOOD;GOOD;GOOD;0
2023-01-19T18:55:54+00:00;341;19,6;27;16,8;62,2481;GOOD;GOOD;GOOD;0
2023-01-19T18:56:57+00:00;341;15,5;23,2;16,8;62,2482;GOOD;GOOD;GOOD;0
2023-01-19T18:57:59+00:00;339;14,4;18;16,8;62,2483;GOOD;GOOD;GOOD;0
2023-01-19T18:59:02+00:00;339;14,7;18,9;16,8;62,2484;GOOD;GOOD;GOOD;0
2023-01-19T19:00:05+00:00;340;15,9;21,3;16,8;62,2485;GOOD;GOOD;GOOD;0
2023-01-19T19:01:08+00:00;340;14,8;20,7;16,8;62,2486;GOOD;GOOD;GOOD;0
2023-01-19T19:02:10+00:00;339;16,3;22,6;16,8;62,2487;GOOD;GOOD;GOOD;0
2023-01-19T19:03:13+00:00;341;16,5;21,3;16,8;62,2488;GOOD;GOOD;GOOD;0
2023-01-19T19:04:16+00:00;336;17;22,2;16,8;62,2489;GOOD;GOOD;GOOD;0
2023-01-19T19:05:18+00:00;332;16,8;23,7;16,8;62,249;GOOD;GOOD;GOOD;0
2023-01-19T19:06:21+00:00;331;17,5;23,2;16,8;62,2491;GOOD;GOOD;GOOD;0
2023-01-19T19:07:24+00:00;331;17,5;27,5;16,9;62,2492;GOOD;GOOD;GOOD;0
2023-01-19T19:08:27+00:00;333;18,3;28,7;16,9;62,2493;GOOD;GOOD;GOOD;0
2023-01-19T19:09:30+00:00;333;18;26,7;16,8;62,2494;GOOD;GOOD;GOOD;0
2023-01-19T19:10:32+00:00;326;18,4;27,3;16,8;62,2495;GOOD;GOOD;GOOD;0
2023-01-19T19:11:35+00:00;320;17,3;27,4;16,8;62,2496;GOOD;GOOD;GOOD;0
2023-01-19T19:12:38+00:00;319;17,1;26,6;16,8;62,2497;GOOD;GOOD;GOOD;0
2023-01-19T19:13:41+00:00;315;17,5;25,5;16,8;62,2498;GOOD;GOOD;GOOD;0
2023-01-19T19:14:44+00:00;319;16,2;26,2;16,8;62,2499;GOOD;GOOD;GOOD;0
2023-01-19T19:15:46+00:00;309;16,1;25,5;16,8;62,25;GOOD;GOOD;GOOD;0
2023-01-19T19:16:49+00:00;315;16;22,5;16,8;62,2501;GOOD;GOOD;GOOD;0
2023-01-19T19:17:52+00:00;302;16,2;26,7;16,8;62,2502;GOOD;GOOD;GOOD;0
2023-01-19T19:18:55+00:00;303;15,5;24;16,8;62,2503;GOOD;GOOD;GOOD;0
2023-01-19T19:19:57+00:00;294;15,4;23,2;16,8;62,2504;GOOD;GOOD;GOOD;0
2023-01-19T19:21:01+00:00;292;14,4;22,6;16,8;62,2505;GOOD;GOOD;GOOD;0
2023-01-19T19:22:03+00:00;290;14;19,7;16,8;62,2506;GOOD;GOOD;GOOD;0
2023-01-19T19:23:06+00:00;288;13;18;16,8;62,2507;GOOD;GOOD;GOOD;0
2023-01-19T19:24:09+00:00;286;12;17,8;16,8;62,2508;GOOD;GOOD;GOOD;0
2023-01-19T19:25:11+00:00;282;13,4;19,9;16,8;62,2509;GOOD;GOOD;GOOD;0
2023-01-19T19:26:14+00:00;282;13,2;20,5;16,8;62,251;GOOD;GOOD;GOOD;0
2023-01-19T19:27:17+00:00;278;14,3;22,5;16,7;62,2511;GOOD;GOOD;GOOD;0
2023-01-19T19:28:19+00:00;278;12,9;23,4;16,7;62,2512;GOOD;GOOD;GOOD;0
2023-01-19T19:29:22+00:00;288;12,6;19,2;16,7;62,2513;GOOD;GOOD;GOOD;0
2023-01-19T19:30:25+00:00;272;10,6;16,3;16,7;62,2514;GOOD;GOOD;GOOD;0
2023-01-19T19:31:28+00:00;274;10;19;16,6;62,2515;GOOD;GOOD;GOOD;0
2023-01-19T19:32:31+00:00;274;10,5;16,8;16,6;62,2516;GOOD;GOOD;GOOD;0
2023-01-19T19:33:33+00:00;269;9,8;15,4;16,6;62,2517;GOOD;GOOD;GOOD;0
2023-01-19T19:34:36+00:00;272;9,3;18,2;16,6;62,2518;GOOD;GOOD;GOOD;0
2023-01-19T19:35:39+00:00;271;8,7;16,2;16,6;62,2519;GOOD;GOOD;GOOD;0
2023-01-19T19:36:42+00:00;271;8,7;14,4;16,6;62,252;GOOD;GOOD;GOOD;0
2023-01-19T19:37:45+00:00;271;8,6;15,1;16,6;62,2521;GOOD;GOOD;GOOD;0
2023-01-19T19:38:47+00:00;271;9,2;15,8;16,7;62,2522;GOOD;GOOD;GOOD;0
2023-01-19T19:39:50+00:00;268;9;14,6;16,8;62,2523;GOOD;GOOD;GOOD;0
2023-01-19T19:40:53+00:00;270;7,4;12,7;16,8;62,2524;GOOD;GOOD;GOOD;0
2023-01-19T19:41:56+00:00;272;7,5;12,9;17;62,2525;GOOD;GOOD;GOOD;0
2023-01-19T19:42:58+00:00;270;7,3;12,9;17;62,2526;GOOD;GOOD;GOOD;0
2023-01-19T19:44:01+00:00;270;7,1;15;17,1;62,2527;GOOD;GOOD;GOOD;0
2023-01-19T19:45:04+00:00;278;7,2;14,6;17,1;62,2528;GOOD;GOOD;GOOD;0
2023-01-19T19:46:06+00:00;271;7;11,6;17,1;62,2529;GOOD;GOOD;GOOD;0
2023-01-19T19:47:11+00:00;272;6,8;15,2;17,1;62,253;GOOD;GOOD;GOOD;0
2023-01-19T19:48:12+00:00;272;6;13,7;17;62,2531;GOOD;GOOD;GOOD;0
2023-01-19T19:49:15+00:00;280;6,5;16,4;17;62,2532;GOOD;GOOD;GOOD;0
2023-01-19T19:50:17+00:00;273;10,4;21,2;16,9;62,2533;GOOD;GOOD;GOOD;0
2023-01-19T19:51:20+00:00;273;16,9;24,4;16,8;62,2534;GOOD;GOOD;GOOD;0
2023-01-19T19:52:23+00:00;282;23;28,9;16,8;62,2535;GOOD;GOOD;GOOD;0
2023-01-19T19:53:26+00:00;277;22,9;28,4;16,8;62,2536;GOOD;GOOD;GOOD;0
2023-01-19T19:54:28+00:00;277;17,7;35,8;16,8;62,2537;GOOD;GOOD;GOOD;0
2023-01-19T19:55:31+00:00;278;16,3;39;16,8;62,2538;GOOD;GOOD;GOOD;0
2023-01-19T19:56:34+00:00;278;14,9;35;16,8;62,2539;GOOD;GOOD;GOOD;0
2023-01-19T19:57:38+00:00;278;13,5;37,5;16,8;62,254;GOOD;GOOD;GOOD;0
2023-01-19T19:58:39+00:00;286;11,8;30,1;16,8;62,2541;GOOD;GOOD;GOOD;0
2023-01-19T19:59:42+00:00;280;9,9;31,1;16,8;62,2542;GOOD;GOOD;GOOD;0
2023-01-19T20:00:45+00:00;288;11,4;24,2;16,8;62,2543;GOOD;GOOD;GOOD;0
2023-01-19T20:01:47+00:00;280;16,2;30,2;16,8;62,2544;GOOD;GOOD;GOOD;0
2023-01-19T20:02:53+00:00;288;25,7;39,6;16,7;62,2545;GOOD;GOOD;GOOD;0
2023-01-19T20:03:53+00:00;289;27,2;45,7;16,7;62,2546;GOOD;GOOD;GOOD;0
2023-01-19T20:04:55+00:00;282;30,2;48,1;16,7;62,2547;GOOD;GOOD;GOOD;0
2023-01-19T20:05:58+00:00;282;32,6;46,7;16,7;62,2548;GOOD;GOOD;GOOD;0
2023-01-19T20:08:09+00:00;283;34,2;48,8;16,7;62,2549;GOOD;GOOD;GOOD;0
2023-01-19T20:09:12+00:00;285;32,2;44,4;16,7;62,255;GOOD;GOOD;GOOD;0
2023-01-19T20:10:15+00:00;285;29,6;38,9;16,6;62,2551;GOOD;GOOD;GOOD;0
2023-01-19T20:11:17+00:00;285;25,9;41;16,6;62,2552;GOOD;GOOD;GOOD;0
2023-01-19T20:12:20+00:00;285;20,7;27;16,6;62,2553;GOOD;GOOD;GOOD;0
2023-01-19T20:13:23+00:00;286;18,6;29,1;16,6;62,2554;GOOD;GOOD;GOOD;0
2023-01-19T20:14:25+00:00;292;18,1;27,9;16,6;62,2555;GOOD;GOOD;GOOD;0
2023-01-19T20:15:28+00:00;283;20;25,3;16,6;62,2556;GOOD;GOOD;GOOD;0
2023-01-19T20:16:31+00:00;285;19,2;30,3;16,6;62,2557;GOOD;GOOD;GOOD;0
2023-01-19T20:17:34+00:00;282;17,8;25;16,6;62,2558;GOOD;GOOD;GOOD;0
2023-01-19T20:18:37+00:00;284;15,6;25,6;16,6;62,2559;GOOD;GOOD;GOOD;0
2023-01-19T20:19:40+00:00;283;15,3;25,7;16,5;62,256;GOOD;GOOD;GOOD;0
2023-01-19T20:20:45+00:00;292;14,6;21,8;16,6;62,2561;GOOD;GOOD;GOOD;0
2023-01-19T20:21:45+00:00;279;14,7;21,7;16,5;62,2562;GOOD;GOOD;GOOD;0
2023-01-19T20:22:48+00:00;279;15,2;22,5;16,5;62,2563;GOOD;GOOD;GOOD;0
2023-01-19T20:23:51+00:00;279;14;23,9;16,5;62,2564;GOOD;GOOD;GOOD;0
2023-01-19T20:24:54+00:00;280;14,1;22,2;16,5;62,2565;GOOD;GOOD;GOOD;0
2023-01-19T20:25:56+00:00;272;14,6;21,9;16,5;62,2566;GOOD;GOOD;GOOD;0
2023-01-19T20:26:59+00:00;274;14,5;20,4;16,5;62,2567;GOOD;GOOD;GOOD;0
2023-01-19T20:28:02+00:00;277;13,5;20,4;16,5;62,2568;GOOD;GOOD;GOOD;0
2023-01-19T20:29:05+00:00;281;13,5;22,4;16,5;62,2569;GOOD;GOOD;GOOD;0
2023-01-19T20:30:07+00:00;274;12,6;17,4;16,5;62,257;GOOD;GOOD;GOOD;0
2023-01-19T20:31:10+00:00;276;12,4;16,8;16,5;62,2571;GOOD;GOOD;GOOD;0
2023-01-19T20:32:13+00:00;281;12,5;17,1;16,5;62,2572;GOOD;GOOD;GOOD;0
2023-01-19T20:33:16+00:00;277;14;16,9;16,5;62,2573;GOOD;GOOD;GOOD;0
2023-01-19T20:34:19+00:00;278;13,1;15;16,4;62,2574;GOOD;GOOD;GOOD;0
2023-01-19T20:35:21+00:00;278;12,2;20,3;16,4;62,2575;GOOD;GOOD;GOOD;0
2023-01-19T20:36:24+00:00;278;11,5;14,7;16,4;62,2576;GOOD;GOOD;GOOD;0
2023-01-19T20:37:27+00:00;278;11,7;15,9;16,4;62,2577;GOOD;GOOD;GOOD;0
2023-01-19T20:38:30+00:00;280;11;15,9;16,4;62,2578;GOOD;GOOD;GOOD;0
2023-01-19T20:39:33+00:00;279;10,9;15;16,4;62,2579;GOOD;GOOD;GOOD;0
2023-01-19T20:40:36+00:00;280;10,5;12,6;16,4;62,258;GOOD;GOOD;GOOD;0
2023-01-19T20:41:39+00:00;282;10,4;15,8;16,4;62,2581;GOOD;GOOD;GOOD;0
2023-01-19T20:42:42+00:00;289;9,8;16,7;16,4;62,2582;GOOD;GOOD;GOOD;0
2023-01-19T20:43:45+00:00;301;9,8;13,4;16,4;62,2583;GOOD;GOOD;GOOD;0
2023-01-19T20:44:47+00:00;281;9,8;15;16,4;62,2584;GOOD;GOOD;GOOD;0
2023-01-19T20:45:51+00:00;282;10,1;13,4;16,4;62,2585;GOOD;GOOD;GOOD;0
2023-01-19T20:46:53+00:00;282;9,6;13,5;16,4;62,2586;GOOD;GOOD;GOOD;0
2023-01-19T20:47:56+00:00;282;10,2;12,6;16,4;62,2587;GOOD;GOOD;GOOD;0
2023-01-19T20:48:59+00:00;284;10;16,8;16,4;62,2588;GOOD;GOOD;GOOD;0
2023-01-19T20:50:01+00:00;283;9,8;12,5;16,4;62,2589;GOOD;GOOD;GOOD;0
2023-01-19T20:51:05+00:00;284;10;15,6;16,4;62,259;GOOD;GOOD;GOOD;0
2023-01-19T20:52:07+00:00;286;10,4;15,2;16,4;62,2591;GOOD;GOOD;GOOD;0
2023-01-19T20:53:10+00:00;285;10,2;13,4;16,4;62,2592;GOOD;GOOD;GOOD;0
2023-01-19T20:54:13+00:00;286;9,7;13,6;16,4;62,2593;GOOD;GOOD;GOOD;0
2023-01-19T20:55:15+00:00;286;9,7;15,1;16,4;62,2594;GOOD;GOOD;GOOD;0
2023-01-19T20:56:18+00:00;286;8,6;11,1;16,4;62,2595;GOOD;GOOD;GOOD;0
2023-01-19T20:57:21+00:00;288;9,4;11,8;16,4;62,2596;GOOD;GOOD;GOOD;0
2023-01-19T20:58:24+00:00;289;9,1;14,1;16,4;62,2597;GOOD;GOOD;GOOD;0
2023-01-19T20:59:26+00:00;296;9,9;14,9;16,4;62,2598;GOOD;GOOD;GOOD;0
2023-01-19T21:00:30+00:00;292;9,1;12,6;16,4;62,2599;GOOD;GOOD;GOOD;0
2023-01-19T21:02:40+00:00;292;8,7;11,2;16,4;62,26;GOOD;GOOD;GOOD;0
2023-01-19T21:03:43+00:00;293;8,6;10,4;16,4;62,2601;GOOD;GOOD;GOOD;0
2023-01-19T21:04:45+00:00;292;8,7;13,5;16,3;62,2602;GOOD;GOOD;GOOD;0
2023-01-19T21:05:48+00:00;293;8,2;9,1;16,3;62,2603;GOOD;GOOD;GOOD;0
2023-01-19T21:06:51+00:00;296;8,7;13,4;16,3;62,2604;GOOD;GOOD;GOOD;0
2023-01-19T21:07:54+00:00;293;8,6;12,4;16,3;62,2605;GOOD;GOOD;GOOD;0
2023-01-19T21:08:57+00:00;292;9,2;11;16,4;62,2606;GOOD;GOOD;GOOD;0
2023-01-19T21:09:59+00:00;292;9,3;11,7;16,4;62,2607;GOOD;GOOD;GOOD;0
2023-01-19T21:11:02+00:00;293;8;10,9;16,5;62,2608;GOOD;GOOD;GOOD;0
2023-01-19T21:12:05+00:00;294;7,7;11,6;16,6;62,2609;GOOD;GOOD;GOOD;0
2023-01-19T21:13:07+00:00;283;8,1;13,4;16,6;62,261;GOOD;GOOD;GOOD;0
2023-01-19T21:14:10+00:00;290;14,7;22,6;16,6;62,2611;GOOD;GOOD;GOOD;0
2023-01-19T21:15:13+00:00;295;19,2;30,7;16,6;62,2612;GOOD;GOOD;GOOD;0
2023-01-19T21:16:16+00:00;282;20,6;35,6;16,5;62,2613;GOOD;GOOD;GOOD;0
2023-01-19T21:17:18+00:00;285;22,1;34,6;16,6;62,2614;GOOD;GOOD;GOOD;0
2023-01-19T21:18:21+00:00;286;17,1;25,6;16,5;62,2615;GOOD;GOOD;GOOD;0
2023-01-19T21:19:24+00:00;289;16,1;23,4;16,5;62,2616;GOOD;GOOD;GOOD;0
2023-01-19T21:20:27+00:00;280;15,7;22,9;16,5;62,2617;GOOD;GOOD;GOOD;0
2023-01-19T21:21:30+00:00;291;16,4;31;16,5;62,2618;GOOD;GOOD;GOOD;0
2023-01-19T21:22:32+00:00;278;15,1;23,7;16,5;62,2619;GOOD;GOOD;GOOD;0
2023-01-19T21:23:35+00:00;278;13,9;20,9;16,5;62,262;GOOD;GOOD;GOOD;0
2023-01-19T21:24:38+00:00;277;13,6;22,8;16,5;62,2621;GOOD;GOOD;GOOD;0
2023-01-19T21:25:41+00:00;276;12,9;19,3;16,4;62,2622;GOOD;GOOD;GOOD;0
2023-01-19T21:26:43+00:00;273;12,7;19,2;16,4;62,2623;GOOD;GOOD;GOOD;0
2023-01-19T21:27:46+00:00;273;11,8;25,3;16,4;62,2624;GOOD;GOOD;GOOD;0
2023-01-19T21:28:49+00:00;272;10,4;17,7;16,4;62,2625;GOOD;GOOD;GOOD;0
2023-01-19T21:29:53+00:00;272;10,5;15,4;16,4;62,2626;GOOD;GOOD;GOOD;0
2023-01-19T21:30:56+00:00;272;8,7;15;16,3;62,2627;GOOD;GOOD;GOOD;0
2023-01-19T21:31:58+00:00;272;7,8;13,1;16,3;62,2628;GOOD;GOOD;GOOD;0
2023-01-19T21:33:01+00:00;273;8,2;15,5;16,3;62,2629;GOOD;GOOD;GOOD;0
2023-01-19T21:34:04+00:00;276;7,5;12,5;16,3;62,263;GOOD;GOOD;GOOD;0
2023-01-19T21:35:06+00:00;278;7,4;13,6;16,3;62,2631;GOOD;GOOD;GOOD;0
2023-01-19T21:36:09+00:00;279;6,9;13,7;16,2;62,2632;GOOD;GOOD;GOOD;0
2023-01-19T21:37:12+00:00;276;7,2;12,8;16,2;62,2633;GOOD;GOOD;GOOD;0
2023-01-19T21:38:15+00:00;272;6,8;10,6;16,2;62,2634;GOOD;GOOD;GOOD;0
2023-01-19T21:39:17+00:00;271;6,1;11,4;16,2;62,2635;GOOD;GOOD;GOOD;0
2023-01-19T21:40:20+00:00;271;6;11,2;16,2;62,2636;GOOD;GOOD;GOOD;0
2023-01-19T21:41:27+00:00;271;5,3;9,7;16,2;62,2637;GOOD;GOOD;GOOD;0
2023-01-19T21:42:27+00:00;271;5,4;9,3;16,2;62,2638;GOOD;GOOD;GOOD;0
2023-01-19T21:43:29+00:00;272;5,2;7,3;16,1;62,2639;GOOD;GOOD;GOOD;0
2023-01-19T21:44:32+00:00;271;5,1;8,9;16,1;62,264;GOOD;GOOD;GOOD;0
2023-01-19T21:45:35+00:00;272;4,9;9,6;16,1;62,2641;GOOD;GOOD;GOOD;0
2023-01-19T21:46:38+00:00;273;4,5;8,9;16,1;62,2642;GOOD;GOOD;GOOD;0
2023-01-19T21:47:40+00:00;273;5,6;11,6;16,1;62,2643;GOOD;GOOD;GOOD;0
2023-01-19T21:48:44+00:00;274;4,7;8,1;16,1;62,2644;GOOD;GOOD;GOOD;0
2023-01-19T21:49:47+00:00;276;4,9;10,1;16,2;62,2645;GOOD;GOOD;GOOD;0
2023-01-19T21:50:49+00:00;271;4,5;7,7;16,2;62,2646;GOOD;GOOD;GOOD;0
2023-01-19T21:51:52+00:00;272;4,9;9,1;16,2;62,2647;GOOD;GOOD;GOOD;0
2023-01-19T21:52:55+00:00;279;5,2;8,5;16,1;62,2648;GOOD;GOOD;GOOD;0
2023-01-19T21:53:58+00:00;273;4,9;8,5;16,1;62,2649;GOOD;GOOD;GOOD;0
2023-01-19T21:55:01+00:00;274;4,9;8,1;16,1;62,265;GOOD;GOOD;GOOD;0
2023-01-19T21:56:04+00:00;278;5,2;8,8;16,1;62,2651;GOOD;GOOD;GOOD;0
2023-01-19T21:57:07+00:00;276;5,1;8,4;16,1;62,2652;GOOD;GOOD;GOOD;0
2023-01-19T21:58:09+00:00;274;5;9,7;16,1;62,2653;GOOD;GOOD;GOOD;0
2023-01-19T21:59:12+00:00;276;4,6;7,9;16,1;62,2654;GOOD;GOOD;GOOD;0
2023-01-19T22:00:15+00:00;276;4,9;9;16,2;62,2655;GOOD;GOOD;GOOD;0
2023-01-19T22:01:18+00:00;283;4,6;7,2;16,2;62,2656;GOOD;GOOD;GOOD;0
2023-01-19T22:02:20+00:00;277;4,7;6,9;16,2;62,2657;GOOD;GOOD;GOOD;0
2023-01-19T22:03:23+00:00;278;4,7;9;16,2;62,2658;GOOD;GOOD;GOOD;0
2023-01-19T22:04:26+00:00;285;4,7;8,5;16,1;62,2659;GOOD;GOOD;GOOD;0
2023-01-19T22:05:29+00:00;279;4,8;7,8;16,2;62,266;GOOD;GOOD;GOOD;0
2023-01-19T22:06:32+00:00;291;4,6;7,7;16,1;62,2661;GOOD;GOOD;GOOD;0
2023-01-19T22:07:34+00:00;281;4,1;7,9;16,1;62,2662;GOOD;GOOD;GOOD;0
2023-01-19T22:08:37+00:00;286;4,1;5,6;16,1;62,2663;GOOD;GOOD;GOOD;0
2023-01-19T22:09:41+00:00;280;4,1;7,5;16,1;62,2664;GOOD;GOOD;GOOD;0
2023-01-19T22:10:44+00:00;282;3,8;6,5;16,1;62,2665;GOOD;GOOD;GOOD;0
2023-01-19T22:11:46+00:00;281;3,6;5,7;16,1;62,2666;GOOD;GOOD;GOOD;0
2023-01-19T22:12:49+00:00;279;3,8;5,9;16,1;62,2667;GOOD;GOOD;GOOD;0
2023-01-19T22:13:52+00:00;286;4;8,2;16,1;62,2668;GOOD;GOOD;GOOD;0
2023-01-19T22:14:55+00:00;280;3,8;7,5;16,1;62,2669;GOOD;GOOD;GOOD;0
2023-01-19T22:15:58+00:00;282;3,9;6,8;16,1;62,267;GOOD;GOOD;GOOD;0
2023-01-19T22:17:00+00:00;283;4;7,2;16,1;62,2671;GOOD;GOOD;GOOD;0
2023-01-19T22:18:03+00:00;283;3,8;6,5;16,1;62,2672;GOOD;GOOD;GOOD;0
2023-01-19T22:19:06+00:00;285;3,8;7,1;16,1;62,2673;GOOD;GOOD;GOOD;0
2023-01-19T22:20:09+00:00;284;3,6;6;16;62,2674;GOOD;GOOD;GOOD;0
2023-01-19T22:21:12+00:00;290;3,7;5;16,1;62,2675;GOOD;GOOD;GOOD;0
2023-01-19T22:22:14+00:00;285;3,8;6,4;16,1;62,2676;GOOD;GOOD;GOOD;0
2023-01-19T22:23:17+00:00;285;3,9;6,5;16,1;62,2677;GOOD;GOOD;GOOD;0
2023-01-19T22:24:20+00:00;286;3,6;6,6;16,1;62,2678;GOOD;GOOD;GOOD;0
2023-01-19T22:25:23+00:00;285;3,7;6,2;16,1;62,2679;GOOD;GOOD;GOOD;0
2023-01-19T22:26:25+00:00;288;3,4;5,4;16,1;62,268;GOOD;GOOD;GOOD;0
2023-01-19T22:27:29+00:00;288;3,6;7,1;16,1;62,2681;GOOD;GOOD;GOOD;0
2023-01-19T22:28:32+00:00;296;3,7;7,4;16;62,2682;GOOD;GOOD;GOOD;0
2023-01-19T22:29:34+00:00;293;3,6;5,9;16;62,2683;GOOD;GOOD;GOOD;0
2023-01-19T22:30:37+00:00;293;3,6;5,5;16;62,2684;GOOD;GOOD;GOOD;0
2023-01-19T22:31:40+00:00;291;3,5;6;16,1;62,2685;GOOD;GOOD;GOOD;0
2023-01-19T22:32:43+00:00;292;3,8;12,6;16,1;62,2686;GOOD;GOOD;GOOD;0
2023-01-19T22:33:45+00:00;291;3,9;8,7;16,1;62,2687;GOOD;GOOD;GOOD;0
2023-01-19T22:34:48+00:00;293;3,2;5,5;16,1;62,2688;GOOD;GOOD;GOOD;0
2023-01-19T22:35:51+00:00;295;3,2;7,2;16,1;62,2689;GOOD;GOOD;GOOD;0
2023-01-19T22:36:53+00:00;292;3,7;6,6;16,1;62,269;GOOD;GOOD;GOOD;0
2023-01-19T22:37:56+00:00;293;2,8;6,5;16,1;62,2691;GOOD;GOOD;GOOD;0
2023-01-19T22:38:59+00:00;286;3,1;8,3;16,1;62,2692;GOOD;GOOD;GOOD;0
2023-01-19T22:40:02+00:00;295;2,9;5,3;16,1;62,2693;GOOD;GOOD;GOOD;0
2023-01-19T22:41:04+00:00;296;3,2;8,4;16,1;62,2694;GOOD;GOOD;GOOD;0
2023-01-19T22:42:07+00:00;290;3;8,1;16,1;62,2695;GOOD;GOOD;GOOD;0
2023-01-19T22:43:10+00:00;307;2,9;7,4;16,1;62,2696;GOOD;GOOD;GOOD;0
2023-01-19T22:44:13+00:00;301;3,1;7,1;16,1;62,2697;GOOD;GOOD;GOOD;0
2023-01-19T22:45:16+00:00;300;3,1;6,6;16,1;62,2698;GOOD;GOOD;GOOD;0
2023-01-19T22:46:18+00:00;298;3;7,8;16,1;62,2699;GOOD;GOOD;GOOD;0
2023-01-19T22:47:21+00:00;302;2,6;5,2;16,1;62,27;GOOD;GOOD;GOOD;0
2023-01-19T22:48:24+00:00;304;2,6;7,1;16,1;62,2701;GOOD;GOOD;GOOD;0
2023-01-19T22:49:27+00:00;301;2,8;4,8;16,1;62,2702;GOOD;GOOD;GOOD;0
2023-01-19T22:50:30+00:00;294;3;7,4;16,1;62,2703;GOOD;GOOD;GOOD;0
2023-01-19T22:51:33+00:00;294;2,7;6,9;16,1;62,2704;GOOD;GOOD;GOOD;0
2023-01-19T22:52:35+00:00;295;2,4;7,4;16,1;62,2705;GOOD;GOOD;GOOD;0
2023-01-19T22:53:38+00:00;297;2,6;5,9;16,1;62,2706;GOOD;GOOD;GOOD;0
2023-01-19T22:54:41+00:00;297;2,7;6,6;16,1;62,2707;GOOD;GOOD;GOOD;0
2023-01-19T22:55:44+00:00;298;2,5;7;16,1;62,2708;GOOD;GOOD;GOOD;0
2023-01-19T22:56:47+00:00;298;2,3;4,9;16,1;62,2709;GOOD;GOOD;GOOD;0
2023-01-19T22:57:50+00:00;298;2,3;5,3;16,2;62,271;GOOD;GOOD;GOOD;0
2023-01-19T22:58:52+00:00;298;2,3;4,5;16,1;62,2711;GOOD;GOOD;GOOD;0
2023-01-19T22:59:55+00:00;300;2,3;5,5;16,1;62,2712;GOOD;GOOD;GOOD;0
2023-01-19T23:00:58+00:00;301;1,8;2,7;16,1;62,2713;GOOD;GOOD;GOOD;0
2023-01-19T23:02:00+00:00;301;2;5,6;16,1;62,2714;GOOD;GOOD;GOOD;0
2023-01-19T23:03:03+00:00;304;2,1;5,2;16,1;62,2715;GOOD;GOOD;GOOD;0
2023-01-19T23:04:06+00:00;308;2;6,1;16,1;62,2716;GOOD;GOOD;GOOD;0
2023-01-19T23:05:09+00:00;308;2,3;5,7;16,1;62,2717;GOOD;GOOD;GOOD;0
2023-01-19T23:06:12+00:00;312;2,2;7,1;16,1;62,2718;GOOD;GOOD;GOOD;0
2023-01-19T23:07:14+00:00;307;2,3;5,7;16,1;62,2719;GOOD;GOOD;GOOD;0
2023-01-19T23:08:17+00:00;306;1,8;4,6;16,1;62,272;GOOD;GOOD;GOOD;0
2023-01-19T23:09:20+00:00;305;1,8;4;16;62,2721;GOOD;GOOD;GOOD;0
2023-01-19T23:10:22+00:00;305;1,8;5,5;16;62,2722;GOOD;GOOD;GOOD;0
2023-01-19T23:11:25+00:00;309;1,8;5,5;16,1;62,2723;GOOD;GOOD;GOOD;0
2023-01-19T23:12:28+00:00;310;1,7;3;16,1;62,2724;GOOD;GOOD;GOOD;0
2023-01-19T23:13:31+00:00;310;1,8;5,1;16,1;62,2725;GOOD;GOOD;GOOD;0
2023-01-19T23:14:34+00:00;312;1,7;3,7;16,1;62,2726;GOOD;GOOD;GOOD;0
2023-01-19T23:15:36+00:00;312;1,8;5,8;16,1;62,2727;GOOD;GOOD;GOOD;0
2023-01-19T23:16:39+00:00;313;1,5;3,9;16;62,2728;GOOD;GOOD;GOOD;0
2023-01-19T23:17:42+00:00;313;1,6;5,5;16;62,2729;GOOD;GOOD;GOOD;0
2023-01-19T23:18:44+00:00;314;1,5;4,4;16;62,273;GOOD;GOOD;GOOD;0
2023-01-19T23:19:47+00:00;313;1,6;4,1;16;62,2731;GOOD;GOOD;GOOD;0
2023-01-19T23:20:50+00:00;314;1,6;5,3;16;62,2732;GOOD;GOOD;GOOD;0
2023-01-19T23:21:53+00:00;310;1,8;6,1;16;62,2733;GOOD;GOOD;GOOD;0
2023-01-19T23:22:56+00:00;312;1,4;4;16;62,2734;GOOD;GOOD;GOOD;0
2023-01-19T23:23:59+00:00;314;1,6;5;16;62,2735;GOOD;GOOD;GOOD;0
2023-01-19T23:25:01+00:00;315;1,7;5,1;16;62,2736;GOOD;GOOD;GOOD;0
2023-01-19T23:26:04+00:00;317;1,2;2,3;16;62,2737;GOOD;GOOD;GOOD;0
2023-01-19T23:27:07+00:00;319;1,6;4,8;16;62,2738;GOOD;GOOD;GOOD;0
2023-01-19T23:28:10+00:00;319;1,5;4;16;62,2739;GOOD;GOOD;GOOD;0
2023-01-19T23:29:13+00:00;321;1,5;1,9;16;62,274;GOOD;GOOD;GOOD;0
2023-01-19T23:30:15+00:00;324;1,5;4;16;62,2741;GOOD;GOOD;GOOD;0
2023-01-19T23:31:18+00:00;322;1,4;3,7;16;62,2742;GOOD;GOOD;GOOD;0
2023-01-19T23:32:21+00:00;324;1,5;3,4;16;62,2743;GOOD;GOOD;GOOD;0
2023-01-19T23:33:24+00:00;324;1,5;2,9;16;62,2744;GOOD;GOOD;GOOD;0
2023-01-19T23:34:27+00:00;325;1,2;2,2;16;62,2745;GOOD;GOOD;GOOD;0
2023-01-19T23:35:29+00:00;326;1,4;4,3;16;62,2746;GOOD;GOOD;GOOD;0
2023-01-19T23:36:32+00:00;325;1,5;4,6;16;62,2747;GOOD;GOOD;GOOD;0
2023-01-19T23:37:35+00:00;324;1,3;2,6;16;62,2748;GOOD;GOOD;GOOD;0
2023-01-19T23:38:38+00:00;322;1,5;5,1;16;62,2749;GOOD;GOOD;GOOD;0
2023-01-19T23:39:40+00:00;324;1,4;2,2;16;62,275;GOOD;GOOD;GOOD;0
2023-01-19T23:40:43+00:00;325;1,4;3,6;16;62,2751;GOOD;GOOD;GOOD;0
2023-01-19T23:41:46+00:00;327;1,4;3,7;16;62,2752;GOOD;GOOD;GOOD;0
2023-01-19T23:42:49+00:00;326;1,2;2,7;15,9;62,2753;GOOD;GOOD;GOOD;0
2023-01-19T23:43:51+00:00;327;1,1;4,1;16;62,2754;GOOD;GOOD;GOOD;0
2023-01-19T23:44:54+00:00;328;1,3;2,5;16;62,2755;GOOD;GOOD;GOOD;0
2023-01-19T23:45:57+00:00;326;1,5;4,1;16;62,2756;GOOD;GOOD;GOOD;0
2023-01-19T23:47:00+00:00;328;1,5;4,6;16;62,2757;GOOD;GOOD;GOOD;0
2023-01-19T23:48:02+00:00;328;1,4;3;16;62,2758;GOOD;GOOD;GOOD;0
2023-01-19T23:49:05+00:00;331;1,3;4,1;16,1;62,2759;GOOD;GOOD;GOOD;0
2023-01-19T23:50:08+00:00;331;1,4;4,2;16,2;62,276;GOOD;GOOD;GOOD;0
2023-01-19T23:51:10+00:00;331;1,4;2,7;16,2;62,2761;GOOD;GOOD;GOOD;0
2023-01-19T23:52:13+00:00;331;1,6;6,1;16,3;62,2762;GOOD;GOOD;GOOD;0
2023-01-19T23:53:16+00:00;332;1,7;9;16,3;62,2763;GOOD;GOOD;GOOD;0
2023-01-19T23:54:19+00:00;333;1,3;5,8;16,5;62,2764;GOOD;GOOD;GOOD;0
2023-01-19T23:55:21+00:00;334;1,1;7,3;16,5;62,2765;GOOD;GOOD;GOOD;0
2023-01-19T23:56:24+00:00;334;3,2;8,3;16,6;62,2766;GOOD;GOOD;GOOD;0
2023-01-19T23:57:27+00:00;336;9,9;14,3;16,6;62,2767;GOOD;GOOD;GOOD;0
2023-01-19T23:58:30+00:00;333;23,6;31,4;16,6;62,2768;GOOD;GOOD;GOOD;0
2023-01-19T23:59:32+00:00;343;44,8;55,8;16,6;62,2769;GOOD;GOOD;GOOD;0
2023-01-20T00:00:35+00:00;333;45,9;56,6;16,5;62,277;GOOD;GOOD;GOOD;0
2023-01-20T00:01:40+00:00;336;45,9;56,5;16,5;62,2771;GOOD;GOOD;GOOD;0
2023-01-20T00:02:41+00:00;338;38,6;45,7;16,4;62,2772;GOOD;GOOD;GOOD;0
2023-01-20T00:03:44+00:00;336;31,4;41,2;16,4;62,2773;GOOD;GOOD;GOOD;0
2023-01-20T00:04:47+00:00;338;27,5;36,2;16,3;62,2774;GOOD;GOOD;GOOD;0
2023-01-20T00:05:49+00:00;338;19,9;24,1;16,2;62,2775;GOOD;GOOD;GOOD;0
2023-01-20T00:06:52+00:00;339;21;24,9;16,2;62,2776;GOOD;GOOD;GOOD;0
2023-01-20T00:07:55+00:00;337;19,8;23,7;16,2;62,2777;GOOD;GOOD;GOOD;0
2023-01-20T00:08:58+00:00;334;18,3;21;16,1;62,2778;GOOD;GOOD;GOOD;0
2023-01-20T00:10:01+00:00;338;17,4;24;16,1;62,2779;GOOD;GOOD;GOOD;0
2023-01-20T00:11:03+00:00;337;17,3;20,8;16,1;62,278;GOOD;GOOD;GOOD;0
2023-01-20T00:12:06+00:00;340;15;18,1;16,1;62,2781;GOOD;GOOD;GOOD;0
2023-01-20T00:13:09+00:00;340;13,6;16,4;16;62,2782;GOOD;GOOD;GOOD;0
2023-01-20T00:14:11+00:00;345;12,4;16;16;62,2783;GOOD;GOOD;GOOD;0
2023-01-20T00:15:14+00:00;339;12,5;16,8;16;62,2784;GOOD;GOOD;GOOD;0
2023-01-20T00:16:17+00:00;342;11,7;14;16;62,2785;GOOD;GOOD;GOOD;0
2023-01-20T00:17:20+00:00;342;11,1;14,8;16;62,2786;GOOD;GOOD;GOOD;0
2023-01-20T00:18:23+00:00;342;10,9;14,8;16;62,2787;GOOD;GOOD;GOOD;0
2023-01-20T00:19:25+00:00;343;10,3;13,6;15,9;62,2788;GOOD;GOOD;GOOD;0
2023-01-20T00:20:28+00:00;343;10,9;12,8;15,9;62,2789;GOOD;GOOD;GOOD;0
2023-01-20T00:21:31+00:00;343;10,6;13,9;15,9;62,279;GOOD;GOOD;GOOD;0
2023-01-20T00:22:34+00:00;343;9,9;12,7;15,9;62,2791;GOOD;GOOD;GOOD;0
2023-01-20T00:23:36+00:00;344;9,3;12,3;15,9;62,2792;GOOD;GOOD;GOOD;0
2023-01-20T00:24:39+00:00;345;8,6;10,7;15,9;62,2793;GOOD;GOOD;GOOD;0
2023-01-20T00:25:42+00:00;344;8,7;11,4;15,9;62,2794;GOOD;GOOD;GOOD;0
2023-01-20T00:26:44+00:00;346;8,3;12,6;15,9;62,2795;GOOD;GOOD;GOOD;0
2023-01-20T00:27:47+00:00;346;8,2;10,6;15,9;62,2796;GOOD;GOOD;GOOD;0
2023-01-20T00:28:50+00:00;346;8,1;9,5;15,9;62,2797;GOOD;GOOD;GOOD;0
2023-01-20T00:29:53+00:00;346;7,7;8,6;15,9;62,2798;GOOD;GOOD;GOOD;0
2023-01-20T00:30:55+00:00;349;7,6;10,3;15,9;62,2799;GOOD;GOOD;GOOD;0
2023-01-20T00:31:58+00:00;349;7,4;10,7;15,9;62,28;GOOD;GOOD;GOOD;0
2023-01-20T00:33:01+00:00;350;7,6;9,9;15,9;62,2801;GOOD;GOOD;GOOD;0
2023-01-20T00:34:04+00:00;350;8,1;13,1;15,8;62,2802;GOOD;GOOD;GOOD;0
2023-01-20T00:35:07+00:00;352;7,6;15,4;15,9;62,2803;GOOD;GOOD;GOOD;0
2023-01-20T00:36:09+00:00;361;7,5;11,5;15,9;62,2804;GOOD;GOOD;GOOD;0
2023-01-20T00:37:12+00:00;358;12,8;26;15,9;62,2805;GOOD;GOOD;GOOD;0
2023-01-20T00:38:15+00:00;355;35;42,3;15,9;62,2806;GOOD;GOOD;GOOD;0
2023-01-20T00:39:18+00:00;351;51,4;60;15,9;62,2807;GOOD;GOOD;GOOD;0
2023-01-20T00:40:20+00:00;350;44,1;51,3;15,9;62,2808;GOOD;GOOD;GOOD;0
2023-01-20T00:41:23+00:00;351;41,4;48;16;62,2809;GOOD;GOOD;GOOD;0
2023-01-20T00:42:26+00:00;352;39,2;48,1;16;62,281;GOOD;GOOD;GOOD;0
2023-01-20T00:43:29+00:00;351;30,6;37,3;16;62,2811;GOOD;GOOD;GOOD;0
2023-01-20T00:44:31+00:00;353;28,5;35,2;16;62,2812;GOOD;GOOD;GOOD;0
2023-01-20T00:45:34+00:00;354;33,3;43,5;16;62,2813;GOOD;GOOD;GOOD;0
2023-01-20T00:46:37+00:00;351;28,6;33,6;16;62,2814;GOOD;GOOD;GOOD;0
2023-01-20T00:47:40+00:00;352;21,6;29,3;16;62,2815;GOOD;GOOD;GOOD;0
2023-01-20T00:48:42+00:00;353;22,1;24,8;16;62,2816;GOOD;GOOD;GOOD;0
2023-01-20T00:49:45+00:00;353;19,7;24,4;15,9;62,2817;GOOD;GOOD;GOOD;0
2023-01-20T00:50:48+00:00;354;22,1;25,4;15,9;62,2818;GOOD;GOOD;GOOD;0
2023-01-20T00:51:51+00:00;354;20,3;27,7;15,9;62,2819;GOOD;GOOD;GOOD;0
2023-01-20T00:52:54+00:00;355;18,5;21,1;15,9;62,282;GOOD;GOOD;GOOD;0
2023-01-20T00:53:57+00:00;355;17;20,4;15,9;62,2821;GOOD;GOOD;GOOD;0
2023-01-20T00:54:59+00:00;356;16,9;23,2;15,9;62,2822;GOOD;GOOD;GOOD;0
2023-01-20T00:56:02+00:00;356;16,8;20,3;15,9;62,2823;GOOD;GOOD;GOOD;0
2023-01-20T00:57:05+00:00;356;15;17,7;15,9;62,2824;GOOD;GOOD;GOOD;0
2023-01-20T00:58:08+00:00;357;17,2;22,8;15,9;62,2825;GOOD;GOOD;GOOD;0
2023-01-20T00:59:11+00:00;357;15,7;18,8;15,9;62,2826;GOOD;GOOD;GOOD;0
2023-01-20T01:00:14+00:00;358;15,6;21,6;15,9;62,2827;GOOD;GOOD;GOOD;0
2023-01-20T01:01:16+00:00;358;14,9;20,5;15,9;62,2828;GOOD;GOOD;GOOD;0
2023-01-20T01:02:19+00:00;361;15,2;19,8;15,9;62,2829;GOOD;GOOD;GOOD;0
2023-01-20T01:03:22+00:00;361;14,3;17,9;15,9;62,283;GOOD;GOOD;GOOD;0
2023-01-20T01:04:25+00:00;360;14,6;19,3;15,8;62,2831;GOOD;GOOD;GOOD;0
2023-01-20T01:05:28+00:00;361;14,1;17,1;15,8;62,2832;GOOD;GOOD;GOOD;0
2023-01-20T01:06:31+00:00;362;13,6;17,3;15,8;62,2833;GOOD;GOOD;GOOD;0
2023-01-20T01:07:34+00:00;360;12,5;15,7;15,8;62,2834;GOOD;GOOD;GOOD;0
2023-01-20T01:08:37+00:00;368;12,7;17,2;15,8;62,2835;GOOD;GOOD;GOOD;0
2023-01-20T01:09:39+00:00;362;11,6;14,8;15,8;62,2836;GOOD;GOOD;GOOD;0
2023-01-20T01:10:42+00:00;362;11,7;14,6;15,8;62,2837;GOOD;GOOD;GOOD;0
2023-01-20T01:11:45+00:00;361;12,5;14,9;15,8;62,2838;GOOD;GOOD;GOOD;0
2023-01-20T01:12:48+00:00;368;11,8;14,5;15,8;62,2839;GOOD;GOOD;GOOD;0
2023-01-20T01:13:51+00:00;362;11,7;13,3;15,8;62,284;GOOD;GOOD;GOOD;0
2023-01-20T01:14:54+00:00;364;11,4;13,8;15,8;62,2841;GOOD;GOOD;GOOD;0
2023-01-20T01:15:56+00:00;365;11,8;14,3;15,8;62,2842;GOOD;GOOD;GOOD;0
2023-01-20T01:16:59+00:00;366;11,1;15;15,8;62,2843;GOOD;GOOD;GOOD;0
2023-01-20T01:18:02+00:00;365;10,8;12,8;15,8;62,2844;GOOD;GOOD;GOOD;0
2023-01-20T01:19:05+00:00;365;11;13,1;15,7;62,2845;GOOD;GOOD;GOOD;0
2023-01-20T01:20:08+00:00;364;10,9;14;15,8;62,2846;GOOD;GOOD;GOOD;0
2023-01-20T01:21:11+00:00;367;10,2;11,9;15,8;62,2847;GOOD;GOOD;GOOD;0
2023-01-20T01:22:13+00:00;368;11,1;14,1;15,8;62,2848;GOOD;GOOD;GOOD;0
2023-01-20T01:23:16+00:00;365;10,7;13,5;15,7;62,2849;GOOD;GOOD;GOOD;0
2023-01-20T01:24:19+00:00;361;10,3;13,7;15,7;62,285;GOOD;GOOD;GOOD;0
2023-01-20T01:25:22+00:00;363;10,7;14,1;15,7;62,2851;GOOD;GOOD;GOOD;0
2023-01-20T01:26:25+00:00;370;9,7;10,9;15,8;62,2852;GOOD;GOOD;GOOD;0
2023-01-20T01:27:28+00:00;365;9,4;12,1;15,7;62,2853;GOOD;GOOD;GOOD;0
2023-01-20T01:28:31+00:00;366;8,8;11,1;15,7;62,2854;GOOD;GOOD;GOOD;0
2023-01-20T01:29:33+00:00;378;9,1;10,4;15,7;62,2855;GOOD;GOOD;GOOD;0
2023-01-20T01:30:36+00:00;368;8,3;9,4;15,7;62,2856;GOOD;GOOD;GOOD;0
2023-01-20T01:31:39+00:00;368;8,5;10,6;15,6;62,2857;GOOD;GOOD;GOOD;0
2023-01-20T01:32:42+00:00;376;7,9;11,4;15,7;62,2858;GOOD;GOOD;GOOD;0
2023-01-20T01:33:45+00:00;364;8,2;10,9;15,7;62,2859;GOOD;GOOD;GOOD;0
2023-01-20T01:34:48+00:00;374;7,7;9,5;15,7;62,286;GOOD;GOOD;GOOD;0
2023-01-20T01:35:51+00:00;369;7,7;10,4;15,7;62,2861;GOOD;GOOD;GOOD;0
2023-01-20T01:36:54+00:00;376;7,6;10,1;15,7;62,2862;GOOD;GOOD;GOOD;0
2023-01-20T01:37:56+00:00;375;7,5;9;15,6;62,2863;GOOD;GOOD;GOOD;0
2023-01-20T01:38:59+00:00;376;7,4;8,3;15,6;62,2864;GOOD;GOOD;GOOD;0
2023-01-20T01:40:02+00:00;366;7,1;8,2;15,6;62,2865;GOOD;GOOD;GOOD;0
2023-01-20T01:41:05+00:00;378;7,7;10,4;15,7;62,2866;GOOD;GOOD;GOOD;0
2023-01-20T01:42:08+00:00;375;7;9,3;15,6;62,2867;GOOD;GOOD;GOOD;0
2023-01-20T01:43:11+00:00;378;7,1;9,9;15,6;62,2868;GOOD;GOOD;GOOD;0
2023-01-20T01:44:13+00:00;379;7;8,8;15,6;62,2869;GOOD;GOOD;GOOD;0
2023-01-20T01:45:16+00:00;377;6,8;8,3;15,6;62,287;GOOD;GOOD;GOOD;0
2023-01-20T01:46:19+00:00;369;6,4;10,2;15,6;62,2871;GOOD;GOOD;GOOD;0
2023-01-20T01:47:22+00:00;374;6,6;9,1;15,6;62,2872;GOOD;GOOD;GOOD;0
2023-01-20T01:48:25+00:00;370;6,5;8,3;15,6;62,2873;GOOD;GOOD;GOOD;0
2023-01-20T01:49:28+00:00;377;6,3;8,8;15,6;62,2874;GOOD;GOOD;GOOD;0
2023-01-20T01:50:31+00:00;373;6,2;8,1;15,6;62,2875;GOOD;GOOD;GOOD;0
2023-01-20T01:51:34+00:00;373;6,1;8,1;15,6;62,2876;GOOD;GOOD;GOOD;0
2023-01-20T01:52:36+00:00;373;5,8;7,6;15,6;62,2877;GOOD;GOOD;GOOD;0
2023-01-20T01:53:39+00:00;384;5,8;8,3;15,6;62,2878;GOOD;GOOD;GOOD;0
2023-01-20T01:54:42+00:00;376;6,2;8,3;15,6;62,2879;GOOD;GOOD;GOOD;0
2023-01-20T01:55:45+00:00;376;5,5;8,3;15,6;62,288;GOOD;GOOD;GOOD;0
2023-01-20T01:56:48+00:00;380;5,7;7,8;15,6;62,2881;GOOD;GOOD;GOOD;0
2023-01-20T01:57:50+00:00;373;5,1;7,1;15,6;62,2882;GOOD;GOOD;GOOD;0
2023-01-20T01:58:53+00:00;384;5,6;7,9;15,6;62,2883;GOOD;GOOD;GOOD;0
2023-01-20T01:59:56+00:00;374;5,3;6,1;15,6;62,2884;GOOD;GOOD;GOOD;0
2023-01-20T02:00:59+00:00;382;5,6;8,2;15,5;62,2885;GOOD;GOOD;GOOD;0
2023-01-20T02:02:02+00:00;376;5,3;7;15,5;62,2886;GOOD;GOOD;GOOD;0
2023-01-20T02:03:05+00:00;381;4,9;5,8;15,6;62,2887;GOOD;GOOD;GOOD;0
2023-01-20T02:04:08+00:00;382;5,3;6,5;15,6;62,2888;GOOD;GOOD;GOOD;0
2023-01-20T02:05:10+00:00;382;4,7;5,2;15,6;62,2889;GOOD;GOOD;GOOD;0
2023-01-20T02:06:13+00:00;385;5,1;7,3;15,5;62,289;GOOD;GOOD;GOOD;0
2023-01-20T02:07:16+00:00;375;4,8;5,7;15,5;62,2891;GOOD;GOOD;GOOD;0
2023-01-20T02:08:19+00:00;376;4,8;5,7;15,5;62,2892;GOOD;GOOD;GOOD;0
2023-01-20T02:09:21+00:00;379;4,5;6;15,5;62,2893;GOOD;GOOD;GOOD;0
2023-01-20T02:10:24+00:00;381;4,5;7;15,5;62,2894;GOOD;GOOD;GOOD;0
2023-01-20T02:11:27+00:00;376;4,5;7,4;15,5;62,2895;GOOD;GOOD;GOOD;0
2023-01-20T02:12:30+00:00;370;4,4;5,9;15,5;62,2896;GOOD;GOOD;GOOD;0
2023-01-20T02:13:33+00:00;377;4,7;5,8;15,5;62,2897;GOOD;GOOD;GOOD;0
2023-01-20T02:14:35+00:00;370;4,8;7;15,5;62,2898;GOOD;GOOD;GOOD;0
2023-01-20T02:15:38+00:00;370;4,9;6,7;15,5;62,2899;GOOD;GOOD;GOOD;0
2023-01-20T02:16:41+00:00;377;4,6;7;15,5;62,29;GOOD;GOOD;GOOD;0
2023-01-20T02:17:44+00:00;370;5,2;13,1;15,5;62,2901;GOOD;GOOD;GOOD;0
2023-01-20T02:18:47+00:00;378;6,2;20,5;15,5;62,2902;GOOD;GOOD;GOOD;0
2023-01-20T02:19:49+00:00;378;4,8;13,9;15,5;62,2903;GOOD;GOOD;GOOD;0
2023-01-20T02:20:52+00:00;372;4,9;11,3;15,5;62,2904;GOOD;GOOD;GOOD;0
2023-01-20T02:21:55+00:00;372;4,9;14,5;15,5;62,2905;GOOD;GOOD;GOOD;0
2023-01-20T02:22:58+00:00;373;4,4;10,2;15,5;62,2906;GOOD;GOOD;GOOD;0
2023-01-20T02:24:00+00:00;373;4,3;6,1;15,5;62,2907;GOOD;GOOD;GOOD;0
2023-01-20T02:25:03+00:00;379;4,4;9,9;15,5;62,2908;GOOD;GOOD;GOOD;0
2023-01-20T02:26:06+00:00;374;4,3;12,5;15,5;62,2909;GOOD;GOOD;GOOD;0
2023-01-20T02:27:09+00:00;373;4,4;8,8;15,5;62,291;GOOD;GOOD;GOOD;0
2023-01-20T02:28:11+00:00;373;3,9;7,6;15,5;62,2911;GOOD;GOOD;GOOD;0
2023-01-20T02:29:14+00:00;374;3,7;7,7;15,5;62,2912;GOOD;GOOD;GOOD;0
2023-01-20T02:30:17+00:00;374;3,7;5,8;15,5;62,2913;GOOD;GOOD;GOOD;0
2023-01-20T02:31:20+00:00;374;3,8;7,6;15,5;62,2914;GOOD;GOOD;GOOD;0
2023-01-20T02:32:23+00:00;381;3,7;6,5;15,5;62,2915;GOOD;GOOD;GOOD;0
2023-01-20T02:33:26+00:00;375;3,8;7,9;15,5;62,2916;GOOD;GOOD;GOOD;0
2023-01-20T02:34:29+00:00;374;3,9;7,8;15,5;62,2917;GOOD;GOOD;GOOD;0
2023-01-20T02:35:31+00:00;375;3,6;8,2;15,5;62,2918;GOOD;GOOD;GOOD;0
2023-01-20T02:36:34+00:00;375;3,7;7,9;15,5;62,2919;GOOD;GOOD;GOOD;0
2023-01-20T02:37:37+00:00;376;3,6;5,6;15,5;62,292;GOOD;GOOD;GOOD;0
2023-01-20T02:38:40+00:00;376;3,4;5,7;15,5;62,2921;GOOD;GOOD;GOOD;0
2023-01-20T02:39:43+00:00;381;3,5;6;15,5;62,2922;GOOD;GOOD;GOOD;0
2023-01-20T02:40:46+00:00;375;3,5;8,7;15,5;62,2923;GOOD;GOOD;GOOD;0
2023-01-20T02:41:49+00:00;381;3,5;6,9;15,5;62,2924;GOOD;GOOD;GOOD;0
2023-01-20T02:42:51+00:00;376;3,3;5,5;15,5;62,2925;GOOD;GOOD;GOOD;0
2023-01-20T02:43:54+00:00;376;3,4;6,6;15,5;62,2926;GOOD;GOOD;GOOD;0
2023-01-20T02:44:57+00:00;377;3,5;6;15,5;62,2927;GOOD;GOOD;GOOD;0
2023-01-20T02:46:00+00:00;382;3,5;5,2;15,5;62,2928;GOOD;GOOD;GOOD;0
2023-01-20T02:47:03+00:00;377;3,1;5,4;15,5;62,2929;GOOD;GOOD;GOOD;0
2023-01-20T02:48:06+00:00;378;3,2;6,3;15,5;62,293;GOOD;GOOD;GOOD;0
2023-01-20T02:49:09+00:00;378;3,1;7;15,5;62,2931;GOOD;GOOD;GOOD;0
2023-01-20T02:50:11+00:00;377;3;5,8;15,5;62,2932;GOOD;GOOD;GOOD;0
2023-01-20T02:51:14+00:00;377;3,4;7,6;15,4;62,2933;GOOD;GOOD;GOOD;0
2023-01-20T02:52:17+00:00;378;3,1;5,3;15,5;62,2934;GOOD;GOOD;GOOD;0
2023-01-20T02:53:20+00:00;378;2,9;5,6;15,5;62,2935;GOOD;GOOD;GOOD;0
2023-01-20T02:54:22+00:00;385;2,8;4,2;15,5;62,2936;GOOD;GOOD;GOOD;0
2023-01-20T02:55:25+00:00;379;2,9;6,5;15,5;62,2937;GOOD;GOOD;GOOD;0
2023-01-20T02:56:28+00:00;379;2,5;4,3;15,5;62,2938;GOOD;GOOD;GOOD;0
2023-01-20T02:57:31+00:00;379;2,9;6,5;15,5;62,2939;GOOD;GOOD;GOOD;0
2023-01-20T02:58:34+00:00;379;2,8;4,9;15,4;62,294;GOOD;GOOD;GOOD;0
2023-01-20T02:59:37+00:00;379;3,1;5,4;15,4;62,2941;GOOD;GOOD;GOOD;0
2023-01-20T03:00:40+00:00;379;3;6,2;15,4;62,2942;GOOD;GOOD;GOOD;0
2023-01-20T03:01:43+00:00;380;2,8;6,6;15,5;62,2943;GOOD;GOOD;GOOD;0
2023-01-20T03:02:46+00:00;380;2,7;4,9;15,4;62,2944;GOOD;GOOD;GOOD;0
2023-01-20T03:03:49+00:00;380;3;6,1;15,4;62,2945;GOOD;GOOD;GOOD;0
2023-01-20T03:04:51+00:00;380;3,1;6,4;15,5;62,2946;GOOD;GOOD;GOOD;0
2023-01-20T03:05:54+00:00;379;2,5;4,9;15,5;62,2947;GOOD;GOOD;GOOD;0
2023-01-20T03:06:57+00:00;387;2,7;5,1;15,4;62,2948;GOOD;GOOD;GOOD;0
2023-01-20T03:08:00+00:00;380;2,7;5,9;15,5;62,2949;GOOD;GOOD;GOOD;0
2023-01-20T03:09:03+00:00;388;2,7;5,8;15,4;62,295;GOOD;GOOD;GOOD;0
2023-01-20T03:10:06+00:00;381;2,6;5;15,5;62,2951;GOOD;GOOD;GOOD;0
2023-01-20T03:11:08+00:00;381;2,6;5;15,4;62,2952;GOOD;GOOD;GOOD;0
2023-01-20T03:12:11+00:00;388;2,4;5,2;15,4;62,2953;GOOD;GOOD;GOOD;0
2023-01-20T03:13:14+00:00;381;2,7;4,8;15,4;62,2954;GOOD;GOOD;GOOD;0
2023-01-20T03:14:17+00:00;381;2,5;5,4;15,4;62,2955;GOOD;GOOD;GOOD;0
2023-01-20T03:15:20+00:00;381;2,3;5,3;15,4;62,2956;GOOD;GOOD;GOOD;0
2023-01-20T03:16:23+00:00;388;2,1;3,9;15,4;62,2957;GOOD;GOOD;GOOD;0
2023-01-20T03:17:25+00:00;382;2,3;4,2;15,4;62,2958;GOOD;GOOD;GOOD;0
2023-01-20T03:18:28+00:00;382;2,2;3,7;15,4;62,2959;GOOD;GOOD;GOOD;0
2023-01-20T03:19:31+00:00;382;2,3;3,5;15,4;62,296;GOOD;GOOD;GOOD;0
2023-01-20T03:20:34+00:00;382;2,1;4,4;15,4;62,2961;GOOD;GOOD;GOOD;0
2023-01-20T03:21:37+00:00;389;2,4;5,9;15,4;62,2962;GOOD;GOOD;GOOD;0
2023-01-20T03:22:40+00:00;390;2,4;4,6;15,4;62,2963;GOOD;GOOD;GOOD;0
2023-01-20T03:23:43+00:00;384;2,2;4,6;15,4;62,2964;GOOD;GOOD;GOOD;0
2023-01-20T03:24:46+00:00;384;2;3,4;15,4;62,2965;GOOD;GOOD;GOOD;0
2023-01-20T03:25:49+00:00;389;1,9;3,6;15,4;62,2966;GOOD;GOOD;GOOD;0
2023-01-20T03:26:51+00:00;384;2,1;5,5;15,4;62,2967;GOOD;GOOD;GOOD;0
2023-01-20T03:27:54+00:00;385;2,1;4,4;15,4;62,2968;GOOD;GOOD;GOOD;0
2023-01-20T03:28:57+00:00;390;2;3,5;15,4;62,2969;GOOD;GOOD;GOOD;0
2023-01-20T03:30:00+00:00;385;2,3;4,9;15,4;62,297;GOOD;GOOD;GOOD;0
2023-01-20T03:31:03+00:00;385;2,2;3,4;15,4;62,2971;GOOD;GOOD;GOOD;0
2023-01-20T03:32:06+00:00;386;2,3;4,4;15,4;62,2972;GOOD;GOOD;GOOD;0
2023-01-20T03:33:08+00:00;385;2;4,1;15,4;62,2973;GOOD;GOOD;GOOD;0
2023-01-20T03:34:11+00:00;384;2,1;4,9;15,4;62,2974;GOOD;GOOD;GOOD;0
2023-01-20T03:35:14+00:00;384;2,1;3,3;15,4;62,2975;GOOD;GOOD;GOOD;0
2023-01-20T03:36:17+00:00;385;2;3,9;15,3;62,2976;GOOD;GOOD;GOOD;0
2023-01-20T03:37:19+00:00;391;2,2;4,3;15,4;62,2977;GOOD;GOOD;GOOD;0
2023-01-20T03:38:22+00:00;386;1,9;3,7;15,4;62,2978;GOOD;GOOD;GOOD;0
2023-01-20T03:39:25+00:00;386;1,9;5,4;15,4;62,2979;GOOD;GOOD;GOOD;0
2023-01-20T03:40:28+00:00;386;1,7;3,8;15,4;62,298;GOOD;GOOD;GOOD;0
2023-01-20T03:41:31+00:00;386;1,6;4,1;15,3;62,2981;GOOD;GOOD;GOOD;0
2023-01-20T03:42:33+00:00;386;2;5,4;15,3;62,2982;GOOD;GOOD;GOOD;0
2023-01-20T03:43:36+00:00;386;1,9;4,7;15,3;62,2983;GOOD;GOOD;GOOD;0
2023-01-20T03:44:39+00:00;386;1,7;3,1;15,3;62,2984;GOOD;GOOD;GOOD;0
2023-01-20T03:45:42+00:00;386;2,1;4,6;15,3;62,2985;GOOD;GOOD;GOOD;0
2023-01-20T03:46:44+00:00;386;1,9;4,1;15,3;62,2986;GOOD;GOOD;GOOD;0
2023-01-20T03:47:47+00:00;393;1,8;4,1;15,3;62,2987;GOOD;GOOD;GOOD;0
2023-01-20T03:48:50+00:00;387;1,6;5,8;15,3;62,2988;GOOD;GOOD;GOOD;0
2023-01-20T03:49:53+00:00;393;1,8;4,5;15,3;62,2989;GOOD;GOOD;GOOD;0
2023-01-20T03:50:56+00:00;387;1,7;3,2;15,3;62,299;GOOD;GOOD;GOOD;0
2023-01-20T03:51:58+00:00;387;1,4;2,5;15,3;62,2991;GOOD;GOOD;GOOD;0
2023-01-20T03:53:01+00:00;387;1,6;3,1;15,2;62,2992;GOOD;GOOD;GOOD;0
2023-01-20T03:54:04+00:00;387;1,5;2,9;15,2;62,2993;GOOD;GOOD;GOOD;0
2023-01-20T03:55:07+00:00;387;1,8;3,4;15,2;62,2994;GOOD;GOOD;GOOD;0
2023-01-20T03:56:10+00:00;388;1,5;3;15,2;62,2995;GOOD;GOOD;GOOD;0
2023-01-20T03:57:13+00:00;387;1,5;3,7;15,2;62,2996;GOOD;GOOD;GOOD;0
2023-01-20T03:58:15+00:00;387;1,3;3,8;15,2;62,2997;GOOD;GOOD;GOOD;0
2023-01-20T03:59:18+00:00;387;1,5;3,4;15,2;62,2998;GOOD;GOOD;GOOD;0
2023-01-20T04:00:21+00:00;388;1,5;4,8;15,2;62,2999;GOOD;GOOD;GOOD;0
2023-01-20T04:01:24+00:00;388;1,4;4;15,2;62,3;GOOD;GOOD;GOOD;0
2023-01-20T04:02:27+00:00;388;1,7;4;15,2;62,3001;GOOD;GOOD;GOOD;0
2023-01-20T04:03:29+00:00;388;1,4;2,7;15,2;62,3002;GOOD;GOOD;GOOD;0
2023-01-20T04:04:32+00:00;396;1,5;4,5;15,2;62,3003;GOOD;GOOD;GOOD;0
2023-01-20T04:05:35+00:00;388;1,5;3,8;15,2;62,3004;GOOD;GOOD;GOOD;0
2023-01-20T04:06:38+00:00;389;1,5;4,9;15,1;62,3005;GOOD;GOOD;GOOD;0
2023-01-20T04:07:41+00:00;396;1,3;2,6;15,1;62,3006;GOOD;GOOD;GOOD;0
2023-01-20T04:08:43+00:00;389;1,4;2,7;15,1;62,3007;GOOD;GOOD;GOOD;0
2023-01-20T04:09:46+00:00;396;1,4;5,1;15,1;62,3008;GOOD;GOOD;GOOD;0
2023-01-20T04:10:49+00:00;389;1,5;3,8;15,1;62,3009;GOOD;GOOD;GOOD;0
2023-01-20T04:11:55+00:00;389;1,4;4,9;15,1;62,301;GOOD;GOOD;GOOD;0
2023-01-20T04:12:55+00:00;389;1,2;3,2;15,1;62,3011;GOOD;GOOD;GOOD;0
2023-01-20T04:13:58+00:00;390;1,4;4;15,1;62,3012;GOOD;GOOD;GOOD;0
2023-01-20T04:15:01+00:00;397;1,2;3;15,1;62,3013;GOOD;GOOD;GOOD;0
2023-01-20T04:16:03+00:00;398;1,2;4,2;15,1;62,3014;GOOD;GOOD;GOOD;0
2023-01-20T04:17:06+00:00;398;1,3;3,5;15,1;62,3015;GOOD;GOOD;GOOD;0
2023-01-20T04:18:09+00:00;389;1,1;2,9;15;62,3016;GOOD;GOOD;GOOD;0
2023-01-20T04:19:12+00:00;390;1,3;4;15;62,3017;GOOD;GOOD;GOOD;0
2023-01-20T04:20:15+00:00;390;1,4;3,8;15;62,3018;GOOD;GOOD;GOOD;0
2023-01-20T04:21:18+00:00;390;0,9;2,2;15;62,3019;GOOD;GOOD;GOOD;0
2023-01-20T04:22:21+00:00;397;1,2;4,6;15;62,302;GOOD;GOOD;GOOD;0
2023-01-20T04:23:24+00:00;390;1,1;4,1;14,9;62,3021;GOOD;GOOD;GOOD;0
2023-01-20T04:24:27+00:00;390;1,1;2,6;14,9;62,3022;GOOD;GOOD;GOOD;0
2023-01-20T04:25:29+00:00;390;1,2;3,5;14,9;62,3023;GOOD;GOOD;GOOD;0
2023-01-20T04:26:32+00:00;389;1;3;14,9;62,3024;GOOD;GOOD;GOOD;0
2023-01-20T04:27:35+00:00;389;1,1;3,3;14,9;62,3025;GOOD;GOOD;GOOD;0
2023-01-20T04:28:38+00:00;390;1,2;6;14,9;62,3026;GOOD;GOOD;GOOD;0
2023-01-20T04:29:41+00:00;390;1,1;5,6;14,9;62,3027;GOOD;GOOD;GOOD;0
2023-01-20T04:30:44+00:00;389;0,9;3,5;14,9;62,3028;GOOD;GOOD;GOOD;0
2023-01-20T04:31:47+00:00;389;1;2,3;14,9;62,3029;GOOD;GOOD;GOOD;0
2023-01-20T04:32:49+00:00;389;1,1;3,4;14,9;62,303;GOOD;GOOD;GOOD;0
2023-01-20T04:33:52+00:00;389;1,3;3,6;14,9;62,3031;GOOD;GOOD;GOOD;0
2023-01-20T04:34:55+00:00;388;1,1;4,7;14,9;62,3032;GOOD;GOOD;GOOD;0
2023-01-20T04:35:58+00:00;394;0,9;3,2;14,8;62,3033;GOOD;GOOD;GOOD;0
2023-01-20T04:37:00+00:00;388;1;3;14,8;62,3034;GOOD;GOOD;GOOD;0
2023-01-20T04:38:03+00:00;396;1,1;3,8;14,8;62,3035;GOOD;GOOD;GOOD;0
2023-01-20T04:39:06+00:00;388;1,2;3,9;14,8;62,3036;GOOD;GOOD;GOOD;0
2023-01-20T04:40:09+00:00;394;1,2;3,6;14,8;62,3037;GOOD;GOOD;GOOD;0
2023-01-20T04:41:12+00:00;388;1,1;4,8;14,8;62,3038;GOOD;GOOD;GOOD;0
2023-01-20T04:42:14+00:00;389;1,3;3;14,8;62,3039;GOOD;GOOD;GOOD;0
2023-01-20T04:43:17+00:00;387;0,9;2,2;14,8;62,304;GOOD;GOOD;GOOD;0
2023-01-20T04:44:20+00:00;388;1;3,6;14,8;62,3041;GOOD;GOOD;GOOD;0
2023-01-20T04:45:23+00:00;387;0,9;3,2;14,8;62,3042;GOOD;GOOD;GOOD;0
2023-01-20T04:46:25+00:00;388;1;3,1;14,8;62,3043;GOOD;GOOD;GOOD;0
2023-01-20T04:47:28+00:00;394;0,8;2,7;14,8;62,3044;GOOD;GOOD;GOOD;0
2023-01-20T04:48:31+00:00;387;1,1;3,5;14,8;62,3045;GOOD;GOOD;GOOD;0
2023-01-20T04:49:34+00:00;387;0,9;3,3;14,7;62,3046;GOOD;GOOD;GOOD;0
2023-01-20T04:50:37+00:00;387;0,9;2,2;14,7;62,3047;GOOD;GOOD;GOOD;0
2023-01-20T04:51:39+00:00;387;1,1;3,4;14,7;62,3048;GOOD;GOOD;GOOD;0
2023-01-20T04:52:42+00:00;387;1;3;14,7;62,3049;GOOD;GOOD;GOOD;0
2023-01-20T04:53:45+00:00;387;0,9;3,4;14,7;62,305;GOOD;GOOD;GOOD;0
2023-01-20T04:54:48+00:00;392;0,9;4,5;14,7;62,3051;GOOD;GOOD;GOOD;0
2023-01-20T04:55:51+00:00;393;1;4,2;14,7;62,3052;GOOD;GOOD;GOOD;0
2023-01-20T04:56:54+00:00;386;1;3,5;14,7;62,3053;GOOD;GOOD;GOOD;0
2023-01-20T04:57:57+00:00;386;1;3,7;14,7;62,3054;GOOD;GOOD;GOOD;0
2023-01-20T04:59:00+00:00;386;0,9;2,5;14,7;62,3055;GOOD;GOOD;GOOD;0
2023-01-20T05:00:02+00:00;386;0,8;2,5;14,7;62,3056;GOOD;GOOD;GOOD;0
2023-01-20T05:01:05+00:00;386;0,9;2,8;14,7;62,3057;GOOD;GOOD;GOOD;0
2023-01-20T05:02:08+00:00;386;1,1;3,4;14,7;62,3058;GOOD;GOOD;GOOD;0
2023-01-20T05:03:11+00:00;386;0,8;2,3;14,7;62,3059;GOOD;GOOD;GOOD;0
2023-01-20T05:04:14+00:00;387;1,1;4,4;14,7;62,306;GOOD;GOOD;GOOD;0
2023-01-20T05:05:17+00:00;387;1;4,9;14,7;62,3061;GOOD;GOOD;GOOD;0
2023-01-20T05:06:19+00:00;388;1;3,3;14,7;62,3062;GOOD;GOOD;GOOD;0
2023-01-20T05:07:22+00:00;396;1,2;4,4;14,7;62,3063;GOOD;GOOD;GOOD;0
2023-01-20T05:08:25+00:00;388;1;2,5;14,7;62,3064;GOOD;GOOD;GOOD;0
2023-01-20T05:09:28+00:00;381;0,9;3,8;14,7;62,3065;GOOD;GOOD;GOOD;0
2023-01-20T05:10:31+00:00;384;0,9;3,8;14,7;62,3066;GOOD;GOOD;GOOD;0
2023-01-20T05:11:34+00:00;382;1,1;4,6;14,7;62,3067;GOOD;GOOD;GOOD;0
2023-01-20T05:12:37+00:00;381;1,1;3,1;14,7;62,3068;GOOD;GOOD;GOOD;0
2023-01-20T05:13:40+00:00;381;1;2;14,7;62,3069;GOOD;GOOD;GOOD;0
2023-01-20T05:14:42+00:00;380;1,1;3,5;14,7;62,307;GOOD;GOOD;GOOD;0
2023-01-20T05:15:45+00:00;380;1;3,1;14,7;62,3071;GOOD;GOOD;GOOD;0
2023-01-20T05:16:48+00:00;380;1,2;4,8;14,7;62,3072;GOOD;GOOD;GOOD;0
2023-01-20T05:17:51+00:00;387;1,2;3,4;14,7;62,3073;GOOD;GOOD;GOOD;0
2023-01-20T05:18:54+00:00;379;1,3;4,3;14,7;62,3074;GOOD;GOOD;GOOD;0
2023-01-20T05:19:57+00:00;380;1;3,9;14,6;62,3075;GOOD;GOOD;GOOD;0
2023-01-20T05:21:00+00:00;379;1,1;3,1;14,7;62,3076;GOOD;GOOD;GOOD;0
2023-01-20T05:22:02+00:00;386;1;2,3;14,6;62,3077;GOOD;GOOD;GOOD;0
2023-01-20T05:23:05+00:00;386;1;3,4;14,6;62,3078;GOOD;GOOD;GOOD;0
2023-01-20T05:24:08+00:00;379;1;3,9;14,6;62,3079;GOOD;GOOD;GOOD;0
2023-01-20T05:25:11+00:00;386;0,8;1,7;14,6;62,308;GOOD;GOOD;GOOD;0
2023-01-20T05:26:14+00:00;380;1,2;3,5;14,6;62,3081;GOOD;GOOD;GOOD;0
2023-01-20T05:27:16+00:00;380;1;3;14,6;62,3082;GOOD;GOOD;GOOD;0
2023-01-20T05:28:19+00:00;380;1,1;3,7;14,6;62,3083;GOOD;GOOD;GOOD;0
2023-01-20T05:29:22+00:00;380;0,9;4,2;14,6;62,3084;GOOD;GOOD;GOOD;0
2023-01-20T05:30:25+00:00;381;1;3,8;14,6;62,3085;GOOD;GOOD;GOOD;0
2023-01-20T05:31:28+00:00;381;1;2,5;14,6;62,3086;GOOD;GOOD;GOOD;0
2023-01-20T05:32:30+00:00;382;1,1;3,6;14,6;62,3087;GOOD;GOOD;GOOD;0
2023-01-20T05:33:33+00:00;381;1;4;14,6;62,3088;GOOD;GOOD;GOOD;0
2023-01-20T05:34:36+00:00;382;1,1;6,1;14,6;62,3089;GOOD;GOOD;GOOD;0
2023-01-20T05:35:39+00:00;382;1;2,8;14,6;62,309;GOOD;GOOD;GOOD;0
2023-01-20T05:36:41+00:00;382;1,2;3,1;14,6;62,3091;GOOD;GOOD;GOOD;0
2023-01-20T05:37:44+00:00;382;1;3,1;14,6;62,3092;GOOD;GOOD;GOOD;0
2023-01-20T05:38:47+00:00;379;0,9;3,1;14,6;62,3093;GOOD;GOOD;GOOD;0
2023-01-20T05:39:50+00:00;387;1;4,2;14,6;62,3094;GOOD;GOOD;GOOD;0
2023-01-20T05:40:53+00:00;379;1,1;3,5;14,6;62,3095;GOOD;GOOD;GOOD;0
2023-01-20T05:41:55+00:00;380;0,8;3,1;14,5;62,3096;GOOD;GOOD;GOOD;0
2023-01-20T05:42:59+00:00;380;1,5;7,9;14,6;62,3097;GOOD;GOOD;GOOD;0
2023-01-20T05:44:02+00:00;379;1,2;6,5;14,6;62,3098;GOOD;GOOD;GOOD;0
2023-01-20T05:45:05+00:00;387;0,9;2,5;14,6;62,3099;GOOD;GOOD;GOOD;0
2023-01-20T05:46:08+00:00;380;0,9;4,3;14,6;62,31;GOOD;GOOD;GOOD;0
2023-01-20T05:47:10+00:00;380;0,9;3,5;14,6;62,3101;GOOD;GOOD;GOOD;0
2023-01-20T05:48:13+00:00;381;1;3,8;14,6;62,3102;GOOD;GOOD;GOOD;0
2023-01-20T05:49:16+00:00;388;0,9;2,9;14,6;62,3103;GOOD;GOOD;GOOD;0
2023-01-20T05:50:19+00:00;381;1,1;4,5;14,6;62,3104;GOOD;GOOD;GOOD;0
2023-01-20T05:51:22+00:00;382;1,1;2,8;14,6;62,3105;GOOD;GOOD;GOOD;0
2023-01-20T05:52:24+00:00;382;1;3,3;14,6;62,3106;GOOD;GOOD;GOOD;0
2023-01-20T05:53:27+00:00;382;1,2;4,7;14,6;62,3107;GOOD;GOOD;GOOD;0
2023-01-20T05:54:30+00:00;388;1;3,4;14,5;62,3108;GOOD;GOOD;GOOD;0
2023-01-20T05:55:33+00:00;381;1,1;4,3;14,6;62,3109;GOOD;GOOD;GOOD;0
2023-01-20T05:56:36+00:00;380;0,9;2,7;14,6;62,311;GOOD;GOOD;GOOD;0
2023-01-20T05:57:39+00:00;379;1;5;14,5;62,3111;GOOD;GOOD;GOOD;0
2023-01-20T05:58:41+00:00;379;0,9;3,6;14,5;62,3112;GOOD;GOOD;GOOD;0
2023-01-20T05:59:44+00:00;386;1;4,8;14,6;62,3113;GOOD;GOOD;GOOD;0
2023-01-20T06:00:47+00:00;378;1;5,1;14,5;62,3114;GOOD;GOOD;GOOD;0
2023-01-20T06:01:50+00:00;386;0,9;3,6;14,5;62,3115;GOOD;GOOD;GOOD;0
2023-01-20T06:02:53+00:00;378;1;4,4;14,6;62,3116;GOOD;GOOD;GOOD;0
2023-01-20T06:03:56+00:00;378;0,9;2,8;14,6;62,3117;GOOD;GOOD;GOOD;0
2023-01-20T06:04:58+00:00;379;1,1;3,8;14,6;62,3118;GOOD;GOOD;GOOD;0
2023-01-20T06:06:01+00:00;380;1;3,6;14,6;62,3119;GOOD;GOOD;GOOD;0
2023-01-20T06:07:04+00:00;379;1;3,9;14,5;62,312;GOOD;GOOD;GOOD;0
2023-01-20T06:08:07+00:00;386;1;3;14,5;62,3121;GOOD;GOOD;GOOD;0
2023-01-20T06:09:10+00:00;379;1,1;5,7;14,5;62,3122;GOOD;GOOD;GOOD;0
2023-01-20T06:10:13+00:00;379;1,3;5,8;14,5;62,3123;GOOD;GOOD;GOOD;0
2023-01-20T06:11:16+00:00;381;1,1;5,4;14,5;62,3124;GOOD;GOOD;GOOD;0
2023-01-20T06:12:18+00:00;377;1,2;4,3;14,5;62,3125;GOOD;GOOD;GOOD;0
2023-01-20T06:13:21+00:00;382;1,1;3;14,5;62,3126;GOOD;GOOD;GOOD;0
2023-01-20T06:14:24+00:00;382;1,2;3,8;14,5;62,3127;GOOD;GOOD;GOOD;0
2023-01-20T06:15:27+00:00;377;1,1;3,7;14,5;62,3128;GOOD;GOOD;GOOD;0
2023-01-20T06:16:30+00:00;377;1,3;4,8;14,6;62,3129;GOOD;GOOD;GOOD;0
2023-01-20T06:17:33+00:00;377;1,2;5,1;14,6;62,313;GOOD;GOOD;GOOD;0
2023-01-20T06:18:36+00:00;377;1;5,6;14,5;62,3131;GOOD;GOOD;GOOD;0
2023-01-20T06:19:39+00:00;376;1;4,3;14,5;62,3132;GOOD;GOOD;GOOD;0
2023-01-20T06:20:41+00:00;382;1,1;5,4;14,5;62,3133;GOOD;GOOD;GOOD;0
2023-01-20T06:21:44+00:00;382;1,1;5,4;14,5;62,3134;GOOD;GOOD;GOOD;0
2023-01-20T06:22:47+00:00;373;1,2;5,5;14,5;62,3135;GOOD;GOOD;GOOD;0
2023-01-20T06:23:50+00:00;373;0,9;3,3;14,5;62,3136;GOOD;GOOD;GOOD;0
2023-01-20T06:24:53+00:00;380;1,1;5,3;14,5;62,3137;GOOD;GOOD;GOOD;0
2023-01-20T06:25:56+00:00;379;0,9;3;14,4;62,3138;GOOD;GOOD;GOOD;0
2023-01-20T06:26:58+00:00;373;1,1;4,2;14,4;62,3139;GOOD;GOOD;GOOD;0
2023-01-20T06:28:01+00:00;374;1;4;14,4;62,314;GOOD;GOOD;GOOD;0
2023-01-20T06:29:04+00:00;374;1;4;14,4;62,3141;GOOD;GOOD;GOOD;0
2023-01-20T06:30:07+00:00;373;1,1;3,3;14,4;62,3142;GOOD;GOOD;GOOD;0
2023-01-20T06:31:10+00:00;373;1,3;4,7;14,4;62,3143;GOOD;GOOD;GOOD;0
2023-01-20T06:32:13+00:00;380;1,3;6,1;14,4;62,3144;GOOD;GOOD;GOOD;0
2023-01-20T06:33:16+00:00;374;1;6,8;14,4;62,3145;GOOD;GOOD;GOOD;0
2023-01-20T06:34:19+00:00;380;1,3;7,6;14,5;62,3146;GOOD;GOOD;GOOD;0
2023-01-20T06:35:21+00:00;373;1,2;6,1;14,5;62,3147;GOOD;GOOD;GOOD;0
2023-01-20T06:36:24+00:00;377;3,6;6,4;14,6;62,3148;GOOD;GOOD;GOOD;0
2023-01-20T06:37:27+00:00;375;5,6;12,2;14,6;62,3149;GOOD;GOOD;GOOD;0
2023-01-20T06:38:30+00:00;376;17,2;20,7;14,6;62,315;GOOD;GOOD;GOOD;0
2023-01-20T06:39:33+00:00;376;17,8;20,6;14,6;62,3151;GOOD;GOOD;GOOD;0
2023-01-20T06:40:36+00:00;382;18,5;23,8;14,5;62,3152;GOOD;GOOD;GOOD;0
2023-01-20T06:41:38+00:00;381;16,7;20,5;14,4;62,3153;GOOD;GOOD;GOOD;0
2023-01-20T06:42:41+00:00;376;15,7;19,4;14,4;62,3154;GOOD;GOOD;GOOD;0
2023-01-20T06:43:44+00:00;375;19,4;27,8;14,3;62,3155;GOOD;GOOD;GOOD;0
2023-01-20T06:44:47+00:00;376;20,4;28,9;14,4;62,3156;GOOD;GOOD;GOOD;0
2023-01-20T06:45:50+00:00;375;20;34,4;14,4;62,3157;GOOD;GOOD;GOOD;0
2023-01-20T06:46:53+00:00;376;16,6;28,6;14,4;62,3158;GOOD;GOOD;GOOD;0
2023-01-20T06:47:55+00:00;375;15;22,6;14,5;62,3159;GOOD;GOOD;GOOD;0
2023-01-20T06:48:58+00:00;381;12,9;18,9;14,5;62,316;GOOD;GOOD;GOOD;0
2023-01-20T06:50:01+00:00;375;11,2;19,1;14,5;62,3161;GOOD;GOOD;GOOD;0
2023-01-20T06:51:04+00:00;376;11,2;16,4;14,6;62,3162;GOOD;GOOD;GOOD;0
2023-01-20T06:52:06+00:00;382;10,4;17,3;14,6;62,3163;GOOD;GOOD;GOOD;0
2023-01-20T06:53:09+00:00;375;9,8;14,6;14,6;62,3164;GOOD;GOOD;GOOD;0
2023-01-20T06:54:12+00:00;376;9,8;16;14,6;62,3165;GOOD;GOOD;GOOD;0
2023-01-20T06:55:15+00:00;376;9,2;14,4;14,6;62,3166;GOOD;GOOD;GOOD;0
2023-01-20T06:56:21+00:00;376;9;12,6;14,6;62,3167;GOOD;GOOD;GOOD;0
2023-01-20T06:57:21+00:00;375;8,3;12,4;14,6;62,3168;GOOD;GOOD;GOOD;0
2023-01-20T06:58:23+00:00;382;8,4;12,1;14,6;62,3169;GOOD;GOOD;GOOD;0
2023-01-20T06:59:26+00:00;376;7,9;11,6;14,6;62,317;GOOD;GOOD;GOOD;0
2023-01-20T07:00:29+00:00;376;7;10,3;14,6;62,3171;GOOD;GOOD;GOOD;0
2023-01-20T07:01:32+00:00;376;6,9;10;14,5;62,3172;GOOD;GOOD;GOOD;0
2023-01-20T07:02:35+00:00;376;7,3;15,3;14,5;62,3173;GOOD;GOOD;GOOD;0
2023-01-20T07:03:37+00:00;375;7;10,5;14,5;62,3174;GOOD;GOOD;GOOD;0
2023-01-20T07:04:40+00:00;377;7,1;11,8;14,6;62,3175;GOOD;GOOD;GOOD;0
2023-01-20T07:05:43+00:00;376;7;11,5;14,5;62,3176;GOOD;GOOD;GOOD;0
2023-01-20T07:06:46+00:00;377;6,5;11,2;14,6;62,3177;GOOD;GOOD;GOOD;0
2023-01-20T07:07:49+00:00;377;7,3;10,7;14,6;62,3178;GOOD;GOOD;GOOD;0
2023-01-20T07:08:52+00:00;377;6;9,8;14,6;62,3179;GOOD;GOOD;GOOD;0
2023-01-20T07:09:54+00:00;377;5,7;11,2;14,6;62,318;GOOD;GOOD;GOOD;0
2023-01-20T07:10:57+00:00;377;6,3;10,8;14,6;62,3181;GOOD;GOOD;GOOD;0
2023-01-20T07:12:00+00:00;378;5,6;11,5;14,6;62,3182;GOOD;GOOD;GOOD;0
2023-01-20T07:13:03+00:00;377;5,3;8,7;14,6;62,3183;GOOD;GOOD;GOOD;0
2023-01-20T07:14:05+00:00;377;6;9,6;14,6;62,3184;GOOD;GOOD;GOOD;0
2023-01-20T07:15:08+00:00;377;4,8;6,8;14,6;62,3185;GOOD;GOOD;GOOD;0
2023-01-20T07:16:11+00:00;384;4,8;9,1;14,6;62,3186;GOOD;GOOD;GOOD;0
2023-01-20T07:17:14+00:00;377;5,1;8,1;14,6;62,3187;GOOD;GOOD;GOOD;0
2023-01-20T07:18:19+00:00;384;4,4;6,4;14,6;62,3188;GOOD;GOOD;GOOD;0
2023-01-20T07:19:19+00:00;378;4,1;4,9;14,6;62,3189;GOOD;GOOD;GOOD;0
2023-01-20T07:20:22+00:00;377;5;7,8;14,6;62,319;GOOD;GOOD;GOOD;0
2023-01-20T07:21:25+00:00;378;4,9;7;14,6;62,3191;GOOD;GOOD;GOOD;0
2023-01-20T07:22:27+00:00;384;4,7;9,1;14,6;62,3192;GOOD;GOOD;GOOD;0
2023-01-20T07:23:30+00:00;378;3;5,8;14,6;62,3193;GOOD;GOOD;GOOD;0
2023-01-20T07:24:33+00:00;378;2,5;6,8;14,5;62,3194;GOOD;GOOD;GOOD;0
2023-01-20T07:25:36+00:00;378;2,2;7,4;14,3;62,3195;GOOD;GOOD;GOOD;0
2023-01-20T07:26:38+00:00;378;2,6;10,7;14;62,3196;GOOD;GOOD;GOOD;0
2023-01-20T07:27:41+00:00;378;18,3;23,6;13,9;62,3197;GOOD;GOOD;GOOD;0
2023-01-20T07:28:44+00:00;378;19,8;22,9;13,9;62,3198;GOOD;GOOD;GOOD;0
2023-01-20T07:29:47+00:00;385;18,9;25,1;14;62,3199;GOOD;GOOD;GOOD;0
2023-01-20T07:30:50+00:00;379;17;21,5;14,1;62,32;GOOD;GOOD;GOOD;0
2023-01-20T07:31:53+00:00;379;17,7;23,7;14,1;62,3201;GOOD;GOOD;GOOD;0
2023-01-20T07:32:56+00:00;379;17,5;21,3;14,2;62,3202;GOOD;GOOD;GOOD;0
2023-01-20T07:33:59+00:00;379;17,3;26;14,2;62,3203;GOOD;GOOD;GOOD;0
2023-01-20T07:35:02+00:00;379;14;22,1;14,3;62,3204;GOOD;GOOD;GOOD;0
2023-01-20T07:36:05+00:00;379;11,7;20,5;14,3;62,3205;GOOD;GOOD;GOOD;0
2023-01-20T07:37:07+00:00;380;10,7;15,7;14,4;62,3206;GOOD;GOOD;GOOD;0
2023-01-20T07:38:10+00:00;380;10;14;14,4;62,3207;GOOD;GOOD;GOOD;0
2023-01-20T07:39:13+00:00;380;9,2;14,9;14,4;62,3208;GOOD;GOOD;GOOD;0
2023-01-20T07:40:16+00:00;380;9,4;13,7;14,4;62,3209;GOOD;GOOD;GOOD;0
2023-01-20T07:41:18+00:00;388;9,3;12,7;14,4;62,321;GOOD;GOOD;GOOD;0
2023-01-20T07:42:21+00:00;387;9,3;12,2;14,4;62,3211;GOOD;GOOD;GOOD;0
2023-01-20T07:43:24+00:00;382;8,8;12,6;14,5;62,3212;GOOD;GOOD;GOOD;0
2023-01-20T07:44:27+00:00;381;9,1;13,3;14,5;62,3213;GOOD;GOOD;GOOD;0
2023-01-20T07:45:30+00:00;381;8,4;12,1;14,5;62,3214;GOOD;GOOD;GOOD;0
2023-01-20T07:46:32+00:00;381;8,2;12,2;14,5;62,3215;GOOD;GOOD;GOOD;0
2023-01-20T07:47:35+00:00;381;8,3;12,5;14,5;62,3216;GOOD;GOOD;GOOD;0
2023-01-20T07:48:38+00:00;381;7,4;10,4;14,5;62,3217;GOOD;GOOD;GOOD;0
2023-01-20T07:49:41+00:00;382;7,5;13;14,5;62,3218;GOOD;GOOD;GOOD;0
2023-01-20T07:50:44+00:00;381;6,5;10;14,5;62,3219;GOOD;GOOD;GOOD;0
2023-01-20T07:51:47+00:00;381;6,5;10,5;14,5;62,322;GOOD;GOOD;GOOD;0
2023-01-20T07:52:50+00:00;381;7,3;9,7;14,5;62,3221;GOOD;GOOD;GOOD;0
2023-01-20T07:53:53+00:00;382;6,7;8;14,5;62,3222;GOOD;GOOD;GOOD;0
2023-01-20T07:54:56+00:00;384;6,6;10;14,5;62,3223;GOOD;GOOD;GOOD;0
2023-01-20T07:55:59+00:00;384;6,5;9,1;14,5;62,3224;GOOD;GOOD;GOOD;0
2023-01-20T07:57:02+00:00;382;6,7;7,8;14,6;62,3225;GOOD;GOOD;GOOD;0
2023-01-20T07:58:04+00:00;390;6,8;9,2;14,5;62,3226;GOOD;GOOD;GOOD;0
2023-01-20T07:59:07+00:00;384;6,3;10;14,5;62,3227;GOOD;GOOD;GOOD;0
2023-01-20T08:00:10+00:00;384;6,4;10,6;14,5;62,3228;GOOD;GOOD;GOOD;0
2023-01-20T08:01:13+00:00;384;5,4;8;14,5;62,3229;GOOD;GOOD;GOOD;0
2023-01-20T08:02:15+00:00;391;5,4;9,5;14,5;62,323;GOOD;GOOD;GOOD;0
2023-01-20T08:03:18+00:00;384;5,8;8,4;14,5;62,3231;GOOD;GOOD;GOOD;0
2023-01-20T08:04:21+00:00;384;5,8;6,7;14,5;62,3232;GOOD;GOOD;GOOD;0
2023-01-20T08:05:24+00:00;385;5,4;8,4;14,5;62,3233;GOOD;GOOD;GOOD;0
2023-01-20T08:06:27+00:00;384;5,4;6,9;14,4;62,3234;GOOD;GOOD;GOOD;0
2023-01-20T08:07:29+00:00;385;5,2;9,6;14,5;62,3235;GOOD;GOOD;GOOD;0
2023-01-20T08:08:32+00:00;385;4,8;5,8;14,4;62,3236;GOOD;GOOD;GOOD;0
2023-01-20T08:09:35+00:00;385;4,6;7,1;14,4;62,3237;GOOD;GOOD;GOOD;0
2023-01-20T08:10:38+00:00;391;4,6;7,6;14,4;62,3238;GOOD;GOOD;GOOD;0
2023-01-20T08:11:41+00:00;385;4,6;5,4;14,4;62,3239;GOOD;GOOD;GOOD;0
2023-01-20T08:12:44+00:00;392;4,6;5,8;14,4;62,324;GOOD;GOOD;GOOD;0
2023-01-20T08:13:46+00:00;385;4,4;6;14,4;62,3241;GOOD;GOOD;GOOD;0
2023-01-20T08:14:49+00:00;385;4,5;7,5;14,4;62,3242;GOOD;GOOD;GOOD;0
2023-01-20T08:15:52+00:00;385;4,6;8;14,4;62,3243;GOOD;GOOD;GOOD;0
2023-01-20T08:16:55+00:00;386;4,4;7,3;14,4;62,3244;GOOD;GOOD;GOOD;0
2023-01-20T08:17:57+00:00;385;4,3;6,6;14,4;62,3245;GOOD;GOOD;GOOD;0
2023-01-20T08:19:00+00:00;386;4,4;6,5;14,4;62,3246;GOOD;GOOD;GOOD;0
2023-01-20T08:20:03+00:00;386;3,7;4,7;14,4;62,3247;GOOD;GOOD;GOOD;0
2023-01-20T08:21:06+00:00;385;4,1;7,9;14,4;62,3248;GOOD;GOOD;GOOD;0
2023-01-20T08:22:09+00:00;386;3,9;7,9;14,4;62,3249;GOOD;GOOD;GOOD;0
2023-01-20T08:23:12+00:00;386;4;7,8;14,4;62,325;GOOD;GOOD;GOOD;0
2023-01-20T08:24:15+00:00;386;4,1;6,6;14,4;62,3251;GOOD;GOOD;GOOD;0
2023-01-20T08:25:17+00:00;386;3,9;8,6;14,4;62,3252;GOOD;GOOD;GOOD;0
2023-01-20T08:26:20+00:00;392;3,8;5,8;14,5;62,3253;GOOD;GOOD;GOOD;0
2023-01-20T08:27:23+00:00;386;3,7;6,2;14,4;62,3254;GOOD;GOOD;GOOD;0
2023-01-20T08:28:26+00:00;386;3,6;5,3;14,5;62,3255;GOOD;GOOD;GOOD;0
2023-01-20T08:29:29+00:00;391;3,5;5,7;14,5;62,3256;GOOD;GOOD;GOOD;0
2023-01-20T08:30:32+00:00;386;3,8;5,4;14,4;62,3257;GOOD;GOOD;GOOD;0
2023-01-20T08:31:34+00:00;387;3,7;5,7;14,4;62,3258;GOOD;GOOD;GOOD;0
2023-01-20T08:32:37+00:00;392;3,5;8,1;14,4;62,3259;GOOD;GOOD;GOOD;0
2023-01-20T08:33:40+00:00;387;3,4;7,5;14,4;62,326;GOOD;GOOD;GOOD;0
2023-01-20T08:34:44+00:00;386;3,3;4,9;14,4;62,3261;GOOD;GOOD;GOOD;0
2023-01-20T08:35:46+00:00;387;3,3;5;14,5;62,3262;GOOD;GOOD;GOOD;0
2023-01-20T08:36:49+00:00;387;3,3;6,8;14,5;62,3263;GOOD;GOOD;GOOD;0
2023-01-20T08:37:52+00:00;387;3,3;4,7;14,5;62,3264;GOOD;GOOD;GOOD;0
2023-01-20T08:38:55+00:00;387;3,4;4,6;14,5;62,3265;GOOD;GOOD;GOOD;0
2023-01-20T08:39:57+00:00;386;2,9;6,7;14,5;62,3266;GOOD;GOOD;GOOD;0
2023-01-20T08:41:00+00:00;387;2,9;6,8;14,5;62,3267;GOOD;GOOD;GOOD;0
2023-01-20T08:42:03+00:00;387;2,8;4,5;14,5;62,3268;GOOD;GOOD;GOOD;0
2023-01-20T08:43:06+00:00;387;2,9;5,2;14,5;62,3269;GOOD;GOOD;GOOD;0
2023-01-20T08:44:09+00:00;387;3;5,9;14,5;62,327;GOOD;GOOD;GOOD;0
2023-01-20T08:45:12+00:00;387;2,8;4;14,5;62,3271;GOOD;GOOD;GOOD;0
2023-01-20T08:46:16+00:00;387;3,1;5,1;14,5;62,3272;GOOD;GOOD;GOOD;0
2023-01-20T08:47:18+00:00;387;2,7;5,6;14,5;62,3273;GOOD;GOOD;GOOD;0
2023-01-20T08:48:21+00:00;388;3;5,3;14,5;62,3274;GOOD;GOOD;GOOD;0
2023-01-20T08:49:24+00:00;387;2,8;5,9;14,6;62,3275;GOOD;GOOD;GOOD;0
2023-01-20T08:50:29+00:00;392;2,8;5,7;14,5;62,3276;GOOD;GOOD;GOOD;0
2023-01-20T08:51:29+00:00;387;2,7;4,6;14,6;62,3277;GOOD;GOOD;GOOD;0
2023-01-20T08:52:32+00:00;387;2,3;3,5;14,6;62,3278;GOOD;GOOD;GOOD;0
2023-01-20T08:53:35+00:00;387;2,6;5,3;14,6;62,3279;GOOD;GOOD;GOOD;0
2023-01-20T08:54:38+00:00;387;2,3;4;14,6;62,328;GOOD;GOOD;GOOD;0
2023-01-20T08:55:40+00:00;387;2,3;4,8;14,6;62,3281;GOOD;GOOD;GOOD;0
2023-01-20T08:56:43+00:00;387;2,4;4,3;14,6;62,3282;GOOD;GOOD;GOOD;0
2023-01-20T08:57:46+00:00;387;2,4;5,6;14,6;62,3283;GOOD;GOOD;GOOD;0
2023-01-20T08:58:49+00:00;387;2,5;4,9;14,6;62,3284;GOOD;GOOD;GOOD;0
2023-01-20T08:59:52+00:00;387;2,4;3,8;14,6;62,3285;GOOD;GOOD;GOOD;0
2023-01-20T09:00:54+00:00;387;2,3;3,9;14,5;62,3286;GOOD;GOOD;GOOD;0
2023-01-20T09:01:57+00:00;387;2,4;4,5;14,6;62,3287;GOOD;GOOD;GOOD;0
2023-01-20T09:03:00+00:00;387;2,4;5;14,5;62,3288;GOOD;GOOD;GOOD;0
2023-01-20T09:04:03+00:00;387;2,4;4,1;14,6;62,3289;GOOD;GOOD;GOOD;0
2023-01-20T09:05:06+00:00;387;2,5;4,9;14,6;62,329;GOOD;GOOD;GOOD;0
2023-01-20T09:06:09+00:00;387;2,1;5,2;14,6;62,3291;GOOD;GOOD;GOOD;0
2023-01-20T09:07:11+00:00;387;2,1;4,1;14,6;62,3292;GOOD;GOOD;GOOD;0
2023-01-20T09:08:14+00:00;387;2,4;5;14,6;62,3293;GOOD;GOOD;GOOD;0
2023-01-20T09:09:17+00:00;387;2,4;3,5;14,6;62,3294;GOOD;GOOD;GOOD;0
2023-01-20T09:10:20+00:00;393;2,3;3,8;14,6;62,3295;GOOD;GOOD;GOOD;0
2023-01-20T09:11:23+00:00;387;2,2;4;14,6;62,3296;GOOD;GOOD;GOOD;0
2023-01-20T09:12:26+00:00;393;2;3,9;14,6;62,3297;GOOD;GOOD;GOOD;0
2023-01-20T09:13:28+00:00;387;2,1;4,2;14,6;62,3298;GOOD;GOOD;GOOD;0
2023-01-20T09:14:32+00:00;392;2,3;4,9;14,6;62,3299;GOOD;GOOD;GOOD;0
2023-01-20T09:15:34+00:00;387;2;4,5;14,6;62,33;GOOD;GOOD;GOOD;0
2023-01-20T09:16:37+00:00;1000;2,1;5,2;14,6;62,3301;Moderate;GOOD;GOOD;1
2023-01-20T09:17:40+00:00;1000;2,4;3,9;14,6;62,3302;Moderate;GOOD;GOOD;1
2023-01-20T09:18:43+00:00;1000;2,1;3,9;14,6;62,3303;Moderate;GOOD;GOOD;1
2023-01-20T09:19:46+00:00;1000;2,2;5,6;14,6;62,3304;Moderate;GOOD;GOOD;1
2023-01-20T09:20:48+00:00;1000;2,3;5,1;14,6;62,3305;Moderate;GOOD;GOOD;1
2023-01-20T09:21:51+00:00;1000;1,7;3,8;14,6;62,3306;Moderate;GOOD;GOOD;1
2023-01-20T09:22:55+00:00;1000;1,9;4,6;14,6;62,3307;Moderate;GOOD;GOOD;1
2023-01-20T09:23:57+00:00;1000;2;4,3;14,6;62,3308;Moderate;GOOD;GOOD;1
2023-01-20T09:25:00+00:00;1000;2;5,4;14,6;62,3309;Moderate;GOOD;GOOD;1
2023-01-20T09:26:03+00:00;1000;2,3;5,5;14,6;62,331;Moderate;GOOD;GOOD;1
2023-01-20T09:27:05+00:00;1000;1,9;3,3;14,6;62,3311;Moderate;GOOD;GOOD;1
2023-01-20T09:28:08+00:00;1000;1,9;5,5;14,6;62,3312;Moderate;GOOD;GOOD;1
2023-01-20T09:29:11+00:00;1000;1,6;4;14,6;62,3313;Moderate;GOOD;GOOD;1
2023-01-20T09:30:14+00:00;1000;1,6;3,9;14,6;62,3314;Moderate;GOOD;GOOD;1
2023-01-20T09:31:17+00:00;1000;2,1;5;14,6;62,3315;Moderate;GOOD;GOOD;1
2023-01-20T09:32:20+00:00;1000;1,7;5,2;14,6;62,3316;Moderate;GOOD;GOOD;1
2023-01-20T09:33:23+00:00;394;1,8;4,5;14,6;62,3317;GOOD;GOOD;GOOD;0
2023-01-20T09:34:26+00:00;388;1,8;4,3;14,6;62,3318;GOOD;GOOD;GOOD;0
2023-01-20T09:35:28+00:00;388;1,7;4,6;14,6;62,3319;GOOD;GOOD;GOOD;0
2023-01-20T09:36:31+00:00;388;1,7;3;14,6;62,332;GOOD;GOOD;GOOD;0
2023-01-20T09:37:34+00:00;388;1,8;4,1;14,6;62,3321;GOOD;GOOD;GOOD;0
2023-01-20T09:38:37+00:00;396;1,7;5,8;14,7;62,3322;GOOD;GOOD;GOOD;0
2023-01-20T09:39:43+00:00;388;1,6;3,5;14,7;62,3323;GOOD;GOOD;GOOD;0
2023-01-20T09:40:45+00:00;396;1,7;4,6;14,7;62,3324;GOOD;GOOD;GOOD;0
2023-01-20T09:41:48+00:00;388;1,6;4,1;14,7;62,3325;GOOD;GOOD;GOOD;0
2023-01-20T09:42:51+00:00;389;1,7;6,5;14,7;62,3326;GOOD;GOOD;GOOD;0
2023-01-20T09:43:54+00:00;388;1,7;5,8;14,7;62,3327;GOOD;GOOD;GOOD;0
2023-01-20T09:44:57+00:00;397;2;11,6;14,8;62,3328;GOOD;GOOD;GOOD;0
2023-01-20T09:45:59+00:00;389;2;12;14,8;62,3329;GOOD;GOOD;GOOD;0
2023-01-20T09:47:02+00:00;389;1,7;6,5;14,8;62,333;GOOD;GOOD;GOOD;0
2023-01-20T09:48:05+00:00;389;2,2;11,3;14,9;62,3331;GOOD;GOOD;GOOD;0
2023-01-20T09:49:08+00:00;389;2;8;14,9;62,3332;GOOD;GOOD;GOOD;0
2023-01-20T09:50:10+00:00;390;1,8;8,2;14,9;62,3333;GOOD;GOOD;GOOD;0
2023-01-20T09:51:13+00:00;390;1,7;5,8;14,9;62,3334;GOOD;GOOD;GOOD;0
2023-01-20T09:52:17+00:00;398;1,4;4,8;14,9;62,3335;GOOD;GOOD;GOOD;0
2023-01-20T09:53:19+00:00;391;1,4;5,8;14,9;62,3336;GOOD;GOOD;GOOD;0
2023-01-20T09:54:22+00:00;390;1,8;5,8;14,9;62,3337;GOOD;GOOD;GOOD;0
2023-01-20T09:55:25+00:00;390;1,6;6,1;15;62,3338;GOOD;GOOD;GOOD;0
2023-01-20T09:56:28+00:00;391;1,5;4,7;15;62,3339;GOOD;GOOD;GOOD;0
2023-01-20T09:57:31+00:00;391;1,5;7,1;14,9;62,334;GOOD;GOOD;GOOD;0
2023-01-20T09:58:33+00:00;391;1,4;4,2;15;62,3341;GOOD;GOOD;GOOD;0
2023-01-20T09:59:36+00:00;391;1,2;2,3;15;62,3342;GOOD;GOOD;GOOD;0
2023-01-20T10:00:39+00:00;390;1,3;3,6;15;62,3343;GOOD;GOOD;GOOD;0
2023-01-20T10:01:42+00:00;398;1,5;3,6;15;62,3344;GOOD;GOOD;GOOD;0
2023-01-20T10:02:44+00:00;390;1,3;2,4;15;62,3345;GOOD;GOOD;GOOD;0
2023-01-20T10:03:47+00:00;390;1,3;3,5;15;62,3346;GOOD;GOOD;GOOD;0
2023-01-20T10:04:50+00:00;389;1,2;5,2;15;62,3347;GOOD;GOOD;GOOD;0
2023-01-20T10:05:53+00:00;389;1,5;5,8;15;62,3348;GOOD;GOOD;GOOD;0
2023-01-20T10:06:55+00:00;389;1,4;3,4;15;62,3349;GOOD;GOOD;GOOD;0
2023-01-20T10:07:58+00:00;389;1,4;3,5;15;62,335;GOOD;GOOD;GOOD;0
2023-01-20T10:09:01+00:00;389;1,3;3,4;15,1;62,3351;GOOD;GOOD;GOOD;0
2023-01-20T10:10:04+00:00;389;1,3;3,2;15;62,3352;GOOD;GOOD;GOOD;0
2023-01-20T10:11:07+00:00;389;1,1;3,3;15;62,3353;GOOD;GOOD;GOOD;0
2023-01-20T10:12:09+00:00;389;1,3;4,4;15,1;62,3354;GOOD;GOOD;GOOD;0
2023-01-20T10:13:12+00:00;389;2,4;20,8;15,1;62,3355;GOOD;GOOD;GOOD;0
2023-01-20T10:14:16+00:00;388;2,6;21,2;15,1;62,3356;GOOD;GOOD;GOOD;0
2023-01-20T10:15:18+00:00;389;2;11,3;15,1;62,3357;GOOD;GOOD;GOOD;0
2023-01-20T10:16:21+00:00;388;2,2;16;15,1;62,3358;GOOD;GOOD;GOOD;0
2023-01-20T10:17:24+00:00;389;2,3;23,4;15,1;62,3359;GOOD;GOOD;GOOD;0
2023-01-20T10:18:27+00:00;389;2,2;12,9;15,1;62,336;GOOD;GOOD;GOOD;0
2023-01-20T10:19:29+00:00;388;1,7;13,2;15,1;62,3361;GOOD;GOOD;GOOD;0
2023-01-20T10:20:32+00:00;388;2;10,7;15,1;62,3362;GOOD;GOOD;GOOD;0
2023-01-20T10:21:35+00:00;389;2;10;15,1;62,3363;GOOD;GOOD;GOOD;0
2023-01-20T10:22:38+00:00;389;1,9;9,9;15,1;62,3364;GOOD;GOOD;GOOD;0
2023-01-20T10:23:40+00:00;389;1,8;9,3;15,1;62,3365;GOOD;GOOD;GOOD;0
2023-01-20T10:24:43+00:00;388;2,2;17,4;15,1;62,3366;GOOD;GOOD;GOOD;0
2023-01-20T10:25:46+00:00;388;2,8;20,9;15,1;62,3367;GOOD;GOOD;GOOD;0
2023-01-20T10:26:49+00:00;388;2,7;17,5;15,1;62,3368;GOOD;GOOD;GOOD;0
2023-01-20T10:27:51+00:00;388;2,5;22,6;15,1;62,3369;GOOD;GOOD;GOOD;0
2023-01-20T10:28:54+00:00;388;2,7;23,7;15,1;62,337;GOOD;GOOD;GOOD;0
2023-01-20T10:29:57+00:00;389;2,6;23,5;15,1;62,3371;GOOD;GOOD;GOOD;0
2023-01-20T10:31:00+00:00;389;2,3;18,5;15,1;62,3372;GOOD;GOOD;GOOD;0
2023-01-20T10:32:03+00:00;388;2;12,2;15,1;62,3373;GOOD;GOOD;GOOD;0
2023-01-20T10:33:05+00:00;388;1,9;12,6;15,1;62,3374;GOOD;GOOD;GOOD;0
2023-01-20T10:34:10+00:00;388;1,8;12;15;62,3375;GOOD;GOOD;GOOD;0
2023-01-20T10:35:11+00:00;389;2,1;12,9;15;62,3376;GOOD;GOOD;GOOD;0
2023-01-20T10:36:13+00:00;388;2,1;13,2;15;62,3377;GOOD;GOOD;GOOD;0
2023-01-20T10:37:16+00:00;388;2,8;20,4;15;62,3378;GOOD;GOOD;GOOD;0
2023-01-20T10:38:19+00:00;388;3,2;20,8;15;62,3379;GOOD;GOOD;GOOD;0
2023-01-20T10:39:22+00:00;388;2,1;14,4;15,1;62,338;GOOD;GOOD;GOOD;0
2023-01-20T10:40:24+00:00;389;2,5;16,8;15,1;62,3381;GOOD;GOOD;GOOD;0
2023-01-20T10:41:27+00:00;388;2,7;13,5;15,1;62,3382;GOOD;GOOD;GOOD;0
2023-01-20T10:42:30+00:00;389;2;12;15,2;62,3383;GOOD;GOOD;GOOD;0
2023-01-20T10:43:33+00:00;389;2,2;11,3;15,2;62,3384;GOOD;GOOD;GOOD;0
2023-01-20T10:44:36+00:00;390;2;10,5;15,2;62,3385;GOOD;GOOD;GOOD;0
2023-01-20T10:45:39+00:00;389;2,1;11,9;15,1;62,3386;GOOD;GOOD;GOOD;0
2023-01-20T10:46:42+00:00;396;2,2;8,9;15,1;62,3387;GOOD;GOOD;GOOD;0
2023-01-20T10:47:45+00:00;388;2,1;12,7;15,1;62,3388;GOOD;GOOD;GOOD;0
2023-01-20T10:48:47+00:00;394;2,2;11,3;15,2;62,3389;GOOD;GOOD;GOOD;0
2023-01-20T10:49:50+00:00;388;2;14,5;15,2;62,339;GOOD;GOOD;GOOD;0
2023-01-20T10:50:53+00:00;388;2,3;12,3;15,3;62,3391;GOOD;GOOD;GOOD;0
2023-01-20T10:51:56+00:00;388;2,4;10,4;15,3;62,3392;GOOD;GOOD;GOOD;0
2023-01-20T10:52:59+00:00;394;2,1;12,2;15,3;62,3393;GOOD;GOOD;GOOD;0
2023-01-20T10:54:01+00:00;388;2,2;16,1;15,4;62,3394;GOOD;GOOD;GOOD;0
2023-01-20T10:55:04+00:00;396;1,5;8,1;15,4;62,3395;GOOD;GOOD;GOOD;0
2023-01-20T10:56:07+00:00;389;2,1;12,4;15,5;62,3396;GOOD;GOOD;GOOD;0
2023-01-20T10:57:10+00:00;388;1,9;10,4;15,5;62,3397;GOOD;GOOD;GOOD;0
2023-01-20T10:58:12+00:00;388;2,1;9,5;15,5;62,3398;GOOD;GOOD;GOOD;0
2023-01-20T10:59:15+00:00;388;2,2;15;15,5;62,3399;GOOD;GOOD;GOOD;0
2023-01-20T11:00:18+00:00;388;1,8;8,4;15,5;62,34;GOOD;GOOD;GOOD;0
2023-01-20T11:01:21+00:00;388;1,8;8,9;15,5;62,3401;GOOD;GOOD;GOOD;0
2023-01-20T11:02:23+00:00;396;1,9;10;15,5;62,3402;GOOD;GOOD;GOOD;0
2023-01-20T11:03:26+00:00;388;1,7;6,2;15,5;62,3403;GOOD;GOOD;GOOD;0
2023-01-20T11:04:29+00:00;388;1,7;7,3;15,5;62,3404;GOOD;GOOD;GOOD;0
2023-01-20T11:05:32+00:00;387;1,9;9,4;15,4;62,3405;GOOD;GOOD;GOOD;0
2023-01-20T11:06:35+00:00;388;2;8,5;15,5;62,3406;GOOD;GOOD;GOOD;0
2023-01-20T11:07:41+00:00;392;1,5;8,9;15,5;62,3407;GOOD;GOOD;GOOD;0
2023-01-20T11:08:41+00:00;386;1,7;7,3;15,5;62,3408;GOOD;GOOD;GOOD;0
2023-01-20T11:09:43+00:00;386;1,7;8,3;15,5;62,3409;GOOD;GOOD;GOOD;0
2023-01-20T11:10:46+00:00;386;2,1;10,4;15,5;62,341;GOOD;GOOD;GOOD;0
2023-01-20T11:11:49+00:00;392;2;7,2;15,6;62,3411;GOOD;GOOD;GOOD;0
2023-01-20T11:12:52+00:00;386;1,8;5,3;15,6;62,3412;GOOD;GOOD;GOOD;0
2023-01-20T11:13:55+00:00;386;1,8;8,1;15,6;62,3413;GOOD;GOOD;GOOD;0
2023-01-20T11:14:58+00:00;392;5;33,5;15,6;62,3414;GOOD;GOOD;GOOD;0
2023-01-20T11:16:01+00:00;386;3,9;24,8;15,6;62,3415;GOOD;GOOD;GOOD;0
2023-01-20T11:17:03+00:00;387;2,5;13;15,7;62,3416;GOOD;GOOD;GOOD;0
2023-01-20T11:18:06+00:00;387;2,3;25,1;15,7;62,3417;GOOD;GOOD;GOOD;0
2023-01-20T11:19:11+00:00;386;3,1;21,8;15,7;62,3418;GOOD;GOOD;GOOD;0
2023-01-20T11:20:12+00:00;387;4,1;36,4;15,7;62,3419;GOOD;GOOD;GOOD;0
2023-01-20T11:21:15+00:00;386;2,9;24,5;15,6;62,342;GOOD;GOOD;GOOD;0
2023-01-20T11:22:18+00:00;386;2,6;17,4;15,6;62,3421;GOOD;GOOD;GOOD;0
2023-01-20T11:23:21+00:00;387;3;24,2;15,6;62,3422;GOOD;GOOD;GOOD;0
2023-01-20T11:24:23+00:00;386;2,6;19,8;15,5;62,3423;GOOD;GOOD;GOOD;0
2023-01-20T11:25:26+00:00;386;4,1;24,4;15,5;62,3424;GOOD;GOOD;GOOD;0
2023-01-20T11:26:29+00:00;386;9,1;30;15,5;62,3425;GOOD;GOOD;GOOD;0
2023-01-20T11:27:32+00:00;386;19,5;32,3;15,5;62,3426;GOOD;GOOD;GOOD;0
2023-01-20T11:28:35+00:00;385;14,7;30,9;15,4;62,3427;GOOD;GOOD;GOOD;0
2023-01-20T11:29:37+00:00;385;9,2;27,9;15,4;62,3428;GOOD;GOOD;GOOD;0
2023-01-20T11:30:40+00:00;386;9,1;23,2;15,4;62,3429;GOOD;GOOD;GOOD;0
2023-01-20T11:31:43+00:00;385;7,4;24;15,4;62,343;GOOD;GOOD;GOOD;0
2023-01-20T11:32:46+00:00;385;7,5;24,8;15,4;62,3431;GOOD;GOOD;GOOD;0
2023-01-20T11:33:49+00:00;390;7,3;26,8;15,4;62,3432;GOOD;GOOD;GOOD;0
2023-01-20T11:34:51+00:00;385;7;23,5;15,4;62,3433;GOOD;GOOD;GOOD;0
2023-01-20T11:35:54+00:00;384;6,2;24,2;15,4;62,3434;GOOD;GOOD;GOOD;0
2023-01-20T11:36:57+00:00;385;5,8;14,5;15,4;62,3435;GOOD;GOOD;GOOD;0
2023-01-20T11:38:00+00:00;384;5,8;17,7;15,4;62,3436;GOOD;GOOD;GOOD;0
2023-01-20T11:39:02+00:00;382;298,8;680,4;15,4;62,3437;GOOD;Very Unhealthy;Very Unhealthy;1
2023-01-20T11:40:05+00:00;384;7,6;17,8;15,4;62,3438;GOOD;GOOD;GOOD;0
2023-01-20T11:41:08+00:00;382;7,1;20;15,5;62,3439;GOOD;GOOD;GOOD;0
2023-01-20T11:42:11+00:00;384;6;15,9;15,5;62,344;GOOD;GOOD;GOOD;0
2023-01-20T11:43:15+00:00;385;5,6;15,5;15,5;62,3441;GOOD;GOOD;GOOD;0
2023-01-20T11:44:18+00:00;382;4,6;13,9;15,5;62,3442;GOOD;GOOD;GOOD;0
2023-01-20T11:45:21+00:00;382;5,6;12,9;15,5;62,3443;GOOD;GOOD;GOOD;0
2023-01-20T11:46:24+00:00;384;4,9;14,9;15,5;62,3444;GOOD;GOOD;GOOD;0
2023-01-20T11:47:26+00:00;382;5,3;15,7;15,5;62,3445;GOOD;GOOD;GOOD;0
2023-01-20T11:48:29+00:00;382;5,3;16,8;15,5;62,3446;GOOD;GOOD;GOOD;0
2023-01-20T11:49:33+00:00;382;5,1;14,8;15,5;62,3447;GOOD;GOOD;GOOD;0
2023-01-20T11:50:35+00:00;384;4,4;13,5;15,5;62,3448;GOOD;GOOD;GOOD;0
2023-01-20T11:51:38+00:00;388;4,9;14,1;15,5;62,3449;GOOD;GOOD;GOOD;0
2023-01-20T11:52:41+00:00;382;4,1;12,4;15,5;62,345;GOOD;GOOD;GOOD;0
2023-01-20T11:53:44+00:00;382;4,3;13,5;15,5;62,3451;GOOD;GOOD;GOOD;0
2023-01-20T11:54:47+00:00;390;4,6;12,4;15,5;62,3452;GOOD;GOOD;GOOD;0
2023-01-20T11:55:52+00:00;382;4,6;12,5;15,5;62,3453;GOOD;GOOD;GOOD;0
2023-01-20T11:56:53+00:00;382;4,9;14,2;15,4;62,3454;GOOD;GOOD;GOOD;0
2023-01-20T11:57:56+00:00;382;4,2;11,6;15,5;62,3455;GOOD;GOOD;GOOD;0
2023-01-20T11:59:02+00:00;382;4,8;17,7;15,5;62,3456;GOOD;GOOD;GOOD;0
2023-01-20T12:00:04+00:00;384;3,9;10,1;15,4;62,3457;GOOD;GOOD;GOOD;0
2023-01-20T12:01:05+00:00;382;4,3;10,8;15,5;62,3458;GOOD;GOOD;GOOD;0
2023-01-20T12:02:07+00:00;382;3,5;11,2;15,5;62,3459;GOOD;GOOD;GOOD;0
2023-01-20T12:03:10+00:00;382;3,8;9,5;15,5;62,346;GOOD;GOOD;GOOD;0
2023-01-20T12:04:13+00:00;381;3,9;9,8;15,4;62,3461;GOOD;GOOD;GOOD;0
2023-01-20T12:05:16+00:00;381;4,6;15,9;15,5;62,3462;GOOD;GOOD;GOOD;0
2023-01-20T12:06:18+00:00;382;4;10,3;15,4;62,3463;GOOD;GOOD;GOOD;0
2023-01-20T12:07:21+00:00;379;3,3;11,9;15,4;62,3464;GOOD;GOOD;GOOD;0
2023-01-20T12:08:24+00:00;379;3,9;11,1;15,5;62,3465;GOOD;GOOD;GOOD;0
2023-01-20T12:09:27+00:00;379;4,5;17,2;15,4;62,3466;GOOD;GOOD;GOOD;0
2023-01-20T12:10:29+00:00;379;4,7;21,5;15,5;62,3467;GOOD;GOOD;GOOD;0
2023-01-20T12:11:32+00:00;387;4,5;21,7;15,5;62,3468;GOOD;GOOD;GOOD;0
2023-01-20T12:12:35+00:00;380;4,4;26,2;15,5;62,3469;GOOD;GOOD;GOOD;0
2023-01-20T12:13:38+00:00;380;3,7;15,4;15,5;62,347;GOOD;GOOD;GOOD;0
2023-01-20T12:14:41+00:00;380;3,8;14;15,5;62,3471;GOOD;GOOD;GOOD;0
2023-01-20T12:15:43+00:00;387;3,7;12,5;15,5;62,3472;GOOD;GOOD;GOOD;0
2023-01-20T12:16:46+00:00;380;3,2;13,8;15,5;62,3473;GOOD;GOOD;GOOD;0
2023-01-20T12:17:49+00:00;380;3,4;13,4;15,6;62,3474;GOOD;GOOD;GOOD;0
2023-01-20T12:18:52+00:00;380;2,9;12,6;15,6;62,3475;GOOD;GOOD;GOOD;0
2023-01-20T12:19:55+00:00;381;3,2;10,4;15,6;62,3476;GOOD;GOOD;GOOD;0
2023-01-20T12:20:58+00:00;381;2,7;12,4;15,6;62,3477;GOOD;GOOD;GOOD;0
2023-01-20T12:22:00+00:00;380;2,7;16,1;15,5;62,3478;GOOD;GOOD;GOOD;0
2023-01-20T12:23:03+00:00;381;3,3;11,5;15,6;62,3479;GOOD;GOOD;GOOD;0
2023-01-20T12:24:06+00:00;387;2,6;7,2;15,6;62,348;GOOD;GOOD;GOOD;0
2023-01-20T12:25:09+00:00;380;2,5;13,5;15,6;62,3481;GOOD;GOOD;GOOD;0
2023-01-20T12:26:12+00:00;381;2,5;7;15,6;62,3482;GOOD;GOOD;GOOD;0
2023-01-20T12:27:15+00:00;380;2,7;12;15,6;62,3483;GOOD;GOOD;GOOD;0
2023-01-20T12:28:18+00:00;388;2,8;8,3;15,5;62,3484;GOOD;GOOD;GOOD;0
2023-01-20T12:29:20+00:00;381;2,3;11,7;15,5;62,3485;GOOD;GOOD;GOOD;0
2023-01-20T12:30:23+00:00;381;2,5;8,4;15,5;62,3486;GOOD;GOOD;GOOD;0
2023-01-20T12:31:26+00:00;382;2,5;8,2;15,5;62,3487;GOOD;GOOD;GOOD;0
2023-01-20T12:32:32+00:00;382;2,1;5,8;15,5;62,3488;GOOD;GOOD;GOOD;0
2023-01-20T12:33:32+00:00;382;2,5;5,9;15,5;62,3489;GOOD;GOOD;GOOD;0
2023-01-20T12:34:35+00:00;384;2,1;6,2;15,5;62,349;GOOD;GOOD;GOOD;0
2023-01-20T12:35:38+00:00;385;2,9;10,9;15,5;62,3491;GOOD;GOOD;GOOD;0
2023-01-20T12:36:40+00:00;385;2,6;7,8;15,5;62,3492;GOOD;GOOD;GOOD;0
2023-01-20T12:37:43+00:00;385;2,4;7,4;15,5;62,3493;GOOD;GOOD;GOOD;0
2023-01-20T12:38:46+00:00;385;2,4;8;15,6;62,3494;GOOD;GOOD;GOOD;0
2023-01-20T12:39:49+00:00;385;2,4;8,8;15,5;62,3495;GOOD;GOOD;GOOD;0
2023-01-20T12:40:51+00:00;386;2,5;11,3;15,6;62,3496;GOOD;GOOD;GOOD;0
2023-01-20T12:41:54+00:00;386;2,3;6,1;15,5;62,3497;GOOD;GOOD;GOOD;0
2023-01-20T12:42:57+00:00;386;2,2;7,1;15,6;62,3498;GOOD;GOOD;GOOD;0
2023-01-20T12:44:00+00:00;385;2,6;9,3;15,5;62,3499;GOOD;GOOD;GOOD;0
2023-01-20T12:45:03+00:00;386;2,4;9,8;15,3;62,35;GOOD;GOOD;GOOD;0
2023-01-20T12:46:05+00:00;386;2,6;11,1;15,3;62,3501;GOOD;GOOD;GOOD;0
2023-01-20T12:47:08+00:00;391;2,4;10,9;15,4;62,3502;GOOD;GOOD;GOOD;0
2023-01-20T12:48:11+00:00;385;2,5;7;15,5;62,3503;GOOD;GOOD;GOOD;0
2023-01-20T12:49:14+00:00;386;2,2;7,4;15,5;62,3504;GOOD;GOOD;GOOD;0
2023-01-20T12:50:17+00:00;386;2,3;5,4;15,5;62,3505;GOOD;GOOD;GOOD;0
2023-01-20T12:51:20+00:00;387;2,2;6,9;15,5;62,3506;GOOD;GOOD;GOOD;0
2023-01-20T12:52:23+00:00;396;2,4;11,5;15,4;62,3507;GOOD;GOOD;GOOD;0
2023-01-20T12:53:26+00:00;389;2,8;9,1;15;62,3508;GOOD;GOOD;GOOD;0
2023-01-20T12:54:28+00:00;388;3;8,9;15;62,3509;GOOD;GOOD;GOOD;0
2023-01-20T12:55:31+00:00;387;2,6;7,7;15;62,351;GOOD;GOOD;GOOD;0
2023-01-20T12:56:34+00:00;387;2,5;10,5;15;62,3511;GOOD;GOOD;GOOD;0
2023-01-20T12:57:36+00:00;387;2,5;8;15;62,3512;GOOD;GOOD;GOOD;0
2023-01-20T12:58:39+00:00;382;2,3;7;14,9;62,3513;GOOD;GOOD;GOOD;0
2023-01-20T12:59:42+00:00;391;3,3;10,7;14,9;62,3514;GOOD;GOOD;GOOD;0
2023-01-20T13:00:45+00:00;384;3,2;11;14,9;62,3515;GOOD;GOOD;GOOD;0
2023-01-20T13:01:48+00:00;384;4,3;17,8;15;62,3516;GOOD;GOOD;GOOD;0
2023-01-20T13:02:51+00:00;382;3,8;14,8;15;62,3517;GOOD;GOOD;GOOD;0
2023-01-20T13:03:54+00:00;381;3,3;10,5;15,1;62,3518;GOOD;GOOD;GOOD;0
2023-01-20T13:04:57+00:00;379;4;15,1;15,2;62,3519;GOOD;GOOD;GOOD;0
2023-01-20T13:05:59+00:00;380;3,3;11,6;15,3;62,352;GOOD;GOOD;GOOD;0
2023-01-20T13:07:02+00:00;378;3,4;12,8;15,3;62,3521;GOOD;GOOD;GOOD;0
2023-01-20T13:08:05+00:00;377;5,4;18,5;15,4;62,3522;GOOD;GOOD;GOOD;0
2023-01-20T13:09:08+00:00;377;6,6;21,4;15,4;62,3523;GOOD;GOOD;GOOD;0
2023-01-20T13:10:11+00:00;376;10,3;24,3;15,4;62,3524;GOOD;GOOD;GOOD;0
2023-01-20T13:11:14+00:00;375;14,5;24;15,4;62,3525;GOOD;GOOD;GOOD;0
2023-01-20T13:12:16+00:00;374;14,7;24,8;15,4;62,3526;GOOD;GOOD;GOOD;0
2023-01-20T13:13:19+00:00;373;15,5;30,4;15,5;62,3527;GOOD;GOOD;GOOD;0
2023-01-20T13:14:22+00:00;370;12,9;29,8;15,5;62,3528;GOOD;GOOD;GOOD;0
2023-01-20T13:15:25+00:00;370;12,1;32,4;15,5;62,3529;GOOD;GOOD;GOOD;0
2023-01-20T13:16:28+00:00;364;12,2;30,8;15,4;62,353;GOOD;GOOD;GOOD;0
2023-01-20T13:17:31+00:00;363;12;34,6;15,4;62,3531;GOOD;GOOD;GOOD;0
2023-01-20T13:19:41+00:00;362;10,6;28,8;15,4;62,3532;GOOD;GOOD;GOOD;0
2023-01-20T13:20:44+00:00;362;10,5;32,5;15,3;62,3533;GOOD;GOOD;GOOD;0
2023-01-20T13:21:47+00:00;361;10,7;30,9;15,3;62,3534;GOOD;GOOD;GOOD;0
2023-01-20T13:22:49+00:00;361;10,3;29;15,3;62,3535;GOOD;GOOD;GOOD;0
2023-01-20T13:23:52+00:00;360;9,5;28,1;15,4;62,3536;GOOD;GOOD;GOOD;0
2023-01-20T13:24:55+00:00;358;9,5;22,9;15,4;62,3537;GOOD;GOOD;GOOD;0
2023-01-20T13:25:58+00:00;358;8,8;24,2;15,4;62,3538;GOOD;GOOD;GOOD;0
2023-01-20T13:27:00+00:00;357;10,6;23,6;15,4;62,3539;GOOD;GOOD;GOOD;0
2023-01-20T13:28:03+00:00;357;7,5;21,1;15,5;62,354;GOOD;GOOD;GOOD;0
2023-01-20T13:29:06+00:00;356;8,2;23,5;15,5;62,3541;GOOD;GOOD;GOOD;0
2023-01-20T13:30:09+00:00;355;7,3;23,4;15,5;62,3542;GOOD;GOOD;GOOD;0
2023-01-20T13:31:11+00:00;355;7,9;25,5;15,5;62,3543;GOOD;GOOD;GOOD;0
2023-01-20T13:32:14+00:00;354;9,9;31,3;15,6;62,3544;GOOD;GOOD;GOOD;0
2023-01-20T13:33:17+00:00;353;9;27,8;15,5;62,3545;GOOD;GOOD;GOOD;0
2023-01-20T13:34:20+00:00;352;11,2;33,2;15,5;62,3546;GOOD;GOOD;GOOD;0
2023-01-20T13:35:22+00:00;353;11,3;35,1;15,5;62,3547;GOOD;GOOD;GOOD;0
2023-01-20T13:36:25+00:00;351;11,5;35,2;15,6;62,3548;GOOD;GOOD;GOOD;0
2023-01-20T13:37:28+00:00;351;10,6;32;15,5;62,3549;GOOD;GOOD;GOOD;0
2023-01-20T13:38:31+00:00;351;9,4;26,1;15,5;62,355;GOOD;GOOD;GOOD;0
2023-01-20T13:39:33+00:00;351;7,3;22;15,6;62,3551;GOOD;GOOD;GOOD;0
2023-01-20T13:40:36+00:00;349;7,7;28,1;15,6;62,3552;GOOD;GOOD;GOOD;0
2023-01-20T13:41:39+00:00;349;8,1;21,2;15,7;62,3553;GOOD;GOOD;GOOD;0
2023-01-20T13:42:42+00:00;350;8,1;22,9;15,7;62,3554;GOOD;GOOD;GOOD;0
2023-01-20T13:43:45+00:00;348;10,1;28,3;15,7;62,3555;GOOD;GOOD;GOOD;0
2023-01-20T13:44:47+00:00;354;9,6;26,4;15,7;62,3556;GOOD;GOOD;GOOD;0
2023-01-20T13:45:50+00:00;348;10;28,5;15,8;62,3557;GOOD;GOOD;GOOD;0
2023-01-20T13:46:53+00:00;348;9,6;28,8;15,8;62,3558;GOOD;GOOD;GOOD;0
2023-01-20T13:47:56+00:00;346;8,2;26,3;15,8;62,3559;GOOD;GOOD;GOOD;0
2023-01-20T13:48:59+00:00;346;8,5;25;15,8;62,356;GOOD;GOOD;GOOD;0
2023-01-20T13:50:02+00:00;345;8,7;24,6;15,8;62,3561;GOOD;GOOD;GOOD;0
2023-01-20T13:51:04+00:00;345;8,5;27,8;15,8;62,3562;GOOD;GOOD;GOOD;0
2023-01-20T13:52:07+00:00;345;8,3;24,3;15,8;62,3563;GOOD;GOOD;GOOD;0
2023-01-20T13:53:10+00:00;344;7,2;22,8;15,8;62,3564;GOOD;GOOD;GOOD;0
2023-01-20T13:54:13+00:00;351;8,5;23,6;15,8;62,3565;GOOD;GOOD;GOOD;0
2023-01-20T13:55:16+00:00;343;8,5;23,8;15,8;62,3566;GOOD;GOOD;GOOD;0
2023-01-20T13:56:19+00:00;343;8,5;24,8;15,9;62,3567;GOOD;GOOD;GOOD;0
2023-01-20T13:57:22+00:00;342;8,4;23,7;15,9;62,3568;GOOD;GOOD;GOOD;0
2023-01-20T13:58:24+00:00;342;8,6;28,3;15,9;62,3569;GOOD;GOOD;GOOD;0
2023-01-20T13:59:27+00:00;342;7,5;21,8;15,9;62,357;GOOD;GOOD;GOOD;0
2023-01-20T14:00:30+00:00;342;7,8;23,2;15,9;62,3571;GOOD;GOOD;GOOD;0
2023-01-20T14:01:32+00:00;341;7;21;15,9;62,3572;GOOD;GOOD;GOOD;0
2023-01-20T14:02:35+00:00;341;6,8;19,6;15,9;62,3573;GOOD;GOOD;GOOD;0
2023-01-20T14:03:38+00:00;341;7,1;22;15,9;62,3574;GOOD;GOOD;GOOD;0
2023-01-20T14:04:41+00:00;340;6,6;17,8;15,9;62,3575;GOOD;GOOD;GOOD;0
2023-01-20T14:05:44+00:00;340;7,3;20,4;15,8;62,3576;GOOD;GOOD;GOOD;0
2023-01-20T14:06:46+00:00;339;6,3;20,1;15,8;62,3577;GOOD;GOOD;GOOD;0
2023-01-20T14:07:50+00:00;339;6,4;21,1;15,7;62,3578;GOOD;GOOD;GOOD;0
2023-01-20T14:08:53+00:00;338;7,3;19,4;15,8;62,3579;GOOD;GOOD;GOOD;0
2023-01-20T14:09:55+00:00;338;6,5;23,5;15,8;62,358;GOOD;GOOD;GOOD;0
2023-01-20T14:10:58+00:00;337;6,5;16,3;15,8;62,3581;GOOD;GOOD;GOOD;0
2023-01-20T14:12:01+00:00;336;6,8;18,5;15,8;62,3582;GOOD;GOOD;GOOD;0
2023-01-20T14:13:04+00:00;1400;6,5;19,9;15,9;62,3583;Moderate;GOOD;GOOD;1
2023-01-20T14:14:07+00:00;1400;6,6;19,5;15,9;62,3584;Moderate;GOOD;GOOD;1
2023-01-20T14:15:09+00:00;1400;6;17,7;15,9;62,3585;Moderate;GOOD;GOOD;1
2023-01-20T14:16:12+00:00;1400;5,7;21,9;15,9;62,3586;Moderate;GOOD;GOOD;1
2023-01-20T14:17:15+00:00;1400;5,8;15,6;15,9;62,3587;Moderate;GOOD;GOOD;1
2023-01-20T14:18:18+00:00;1400;6,4;16,1;15,9;62,3588;Moderate;GOOD;GOOD;1
2023-01-20T14:19:20+00:00;1400;5,8;16,6;16;62,3589;Moderate;GOOD;GOOD;1
2023-01-20T14:20:23+00:00;1400;276,2;545,7;16;62,359;Moderate;Very Unhealthy;Very Unhealthy;1
2023-01-20T14:21:26+00:00;1400;111,9;128,4;16,1;62,3591;Moderate;Unhealthy;GOOD;1
2023-01-20T14:22:29+00:00;1400;5,5;15,2;16,8;62,3592;Moderate;GOOD;GOOD;1
2023-01-20T14:23:32+00:00;1400;5,8;18,2;16,7;62,3593;Moderate;GOOD;GOOD;1
2023-01-20T14:24:34+00:00;1400;5,2;16,2;16,7;62,3594;Moderate;GOOD;GOOD;1
2023-01-20T14:25:37+00:00;1000;4,9;17,6;16,6;62,3595;Moderate;GOOD;GOOD;1
2023-01-20T14:26:40+00:00;1500;5,5;15,2;16,5;62,3596;Moderate;GOOD;GOOD;1
2023-01-20T14:27:42+00:00;1500;7;14,1;16,5;62,3597;Moderate;GOOD;GOOD;1
2023-01-20T14:28:45+00:00;1500;5,1;14,1;16,4;62,3598;Moderate;GOOD;GOOD;1
2023-01-20T14:29:48+00:00;1500;4,8;12,5;16,3;62,3599;Moderate;GOOD;GOOD;1
2023-01-20T14:30:51+00:00;1500;4,4;12,9;16,2;62,36;Moderate;GOOD;GOOD;1
2023-01-20T14:31:54+00:00;1500;4,6;12,5;16,2;62,3601;Moderate;GOOD;GOOD;1
2023-01-20T14:32:57+00:00;1500;4,5;12,4;16,1;62,3602;Moderate;GOOD;GOOD;1
2023-01-20T14:33:59+00:00;1500;4,6;12,3;16,1;62,3603;Moderate;GOOD;GOOD;1
2023-01-20T14:35:02+00:00;1500;4,2;11,9;16,1;62,3604;Moderate;GOOD;GOOD;1
2023-01-20T14:36:05+00:00;1500;4,3;13;16,1;62,3605;Moderate;GOOD;GOOD;1
2023-01-20T14:37:07+00:00;1500;4,3;9,7;16;62,3606;Moderate;GOOD;GOOD;1
2023-01-20T14:38:10+00:00;1500;3,8;13,4;16;62,3607;Moderate;GOOD;GOOD;1
2023-01-20T14:39:13+00:00;1500;4,5;12,2;16;62,3608;Moderate;GOOD;GOOD;1
2023-01-20T14:40:16+00:00;1500;3,6;10,4;16;62,3609;Moderate;GOOD;GOOD;1
2023-01-20T14:41:18+00:00;1500;3,9;12,5;16;62,361;Moderate;GOOD;GOOD;1
2023-01-20T14:42:21+00:00;1500;4;10,2;16;62,3611;Moderate;GOOD;GOOD;1
2023-01-20T14:43:24+00:00;1500;3,8;9,9;16;62,3612;Moderate;GOOD;GOOD;1
2023-01-20T14:44:27+00:00;1500;4;13,7;16;62,3613;Moderate;GOOD;GOOD;1
2023-01-20T14:45:30+00:00;1500;3,9;16,9;15,9;62,3614;Moderate;GOOD;GOOD;1
2023-01-20T14:46:32+00:00;1500;16,8;25,2;15,9;62,3615;Moderate;GOOD;GOOD;1
2023-01-20T14:47:35+00:00;1500;24,7;36,6;15,9;62,3616;Moderate;GOOD;GOOD;1
2023-01-20T14:48:38+00:00;1500;22,6;57,6;15,9;62,3617;Moderate;GOOD;GOOD;1
2023-01-20T14:49:41+00:00;1500;20,7;56,5;15,7;62,3618;Moderate;GOOD;GOOD;1
2023-01-20T14:50:44+00:00;1500;20,6;49,4;15,7;62,3619;Moderate;GOOD;GOOD;1
2023-01-20T14:51:46+00:00;1500;20,4;54,5;15,7;62,362;Moderate;GOOD;GOOD;1
2023-01-20T14:52:49+00:00;1500;19,5;57,5;15,8;62,3621;Moderate;GOOD;GOOD;1
2023-01-20T14:53:52+00:00;1500;20,2;54,2;15,8;62,3622;Moderate;GOOD;GOOD;1
2023-01-20T14:54:55+00:00;1500;20,4;48,9;15,8;62,3623;Moderate;GOOD;GOOD;1
2023-01-20T14:55:57+00:00;1500;19,2;47,5;15,8;62,3624;Moderate;GOOD;GOOD;1
2023-01-20T14:57:00+00:00;1500;17,9;45,5;15,8;62,3625;Moderate;GOOD;GOOD;1
2023-01-20T14:58:03+00:00;1000;17,9;43,2;15,8;62,3626;Moderate;GOOD;GOOD;1
2023-01-20T14:59:05+00:00;1000;15,7;42,9;15,8;62,3627;Moderate;GOOD;GOOD;1
2023-01-20T15:00:08+00:00;1000;14,2;37,6;15,8;62,3628;Moderate;GOOD;GOOD;1
2023-01-20T15:01:11+00:00;1000;14,9;39,9;15,8;62,3629;Moderate;GOOD;GOOD;1
2023-01-20T15:02:14+00:00;1000;14;34,8;15,7;62,363;Moderate;GOOD;GOOD;1
2023-01-20T15:03:17+00:00;1000;13,4;28,1;15,7;62,3631;Moderate;GOOD;GOOD;1
2023-01-20T15:04:21+00:00;1000;13,1;32,5;15,7;62,3632;Moderate;GOOD;GOOD;1
2023-01-20T15:05:24+00:00;1000;12,9;28,1;15,7;62,3633;Moderate;GOOD;GOOD;1
2023-01-20T15:06:30+00:00;1000;12,4;23,8;15,7;62,3634;Moderate;GOOD;GOOD;1
2023-01-20T15:07:30+00:00;1000;12,8;28,3;15,7;62,3635;Moderate;GOOD;GOOD;1
2023-01-20T15:08:32+00:00;1000;12,8;24,2;15,7;62,3636;Moderate;GOOD;GOOD;1
2023-01-20T15:09:35+00:00;1000;12,9;31,6;15,7;62,3637;Moderate;GOOD;GOOD;1
2023-01-20T15:10:38+00:00;1000;12,5;29,9;15,7;62,3638;Moderate;GOOD;GOOD;1
2023-01-20T15:11:41+00:00;1000;11,6;26,4;15,7;62,3639;Moderate;GOOD;GOOD;1
2023-01-20T15:12:44+00:00;1100;11,4;24,6;15,7;62,364;Moderate;GOOD;GOOD;1
2023-01-20T15:13:47+00:00;1100;10,1;23,3;15,7;62,3641;Moderate;GOOD;GOOD;1
2023-01-20T15:14:50+00:00;1100;10,1;18,3;15,7;62,3642;Moderate;GOOD;GOOD;1
2023-01-20T15:15:53+00:00;1100;10,4;17,4;15,6;62,3643;Moderate;GOOD;GOOD;1
2023-01-20T15:16:56+00:00;1100;9,4;19,8;15,6;62,3644;Moderate;GOOD;GOOD;1
2023-01-20T15:17:59+00:00;1100;9,2;15,4;15,6;62,3645;Moderate;GOOD;GOOD;1
2023-01-20T15:19:02+00:00;1100;9,7;19,8;15,6;62,3646;Moderate;GOOD;GOOD;1
2023-01-20T15:20:04+00:00;1100;10,6;25,4;15,6;62,3647;Moderate;GOOD;GOOD;1
2023-01-20T15:21:07+00:00;2000;9,9;21,6;15,6;62,3648;Unhealthy;GOOD;GOOD;1
2023-01-20T15:22:10+00:00;2000;9,9;18,8;15,6;62,3649;Unhealthy;GOOD;GOOD;1
2023-01-20T15:23:13+00:00;2000;9,1;21,2;15,6;62,365;Unhealthy;GOOD;GOOD;1
2023-01-20T15:24:16+00:00;2000;8,9;19,1;15,5;62,3651;Unhealthy;GOOD;GOOD;1
2023-01-20T15:25:19+00:00;770;9;19,2;15,5;62,3652;Moderate;GOOD;GOOD;1
2023-01-20T15:26:22+00:00;770;8,9;16,7;15,6;62,3653;Moderate;GOOD;GOOD;1
2023-01-20T15:27:25+00:00;770;9;20,6;15,5;62,3654;Moderate;GOOD;GOOD;1
2023-01-20T15:28:27+00:00;770;7,8;12,5;15,5;62,3655;Moderate;GOOD;GOOD;1
2023-01-20T15:29:31+00:00;770;7;13,2;15,6;62,3656;Moderate;GOOD;GOOD;1
2023-01-20T15:30:34+00:00;770;7,3;11,7;15,5;62,3657;Moderate;GOOD;GOOD;1
2023-01-20T15:31:36+00:00;770;7,1;14;15,5;62,3658;Moderate;GOOD;GOOD;1
2023-01-20T15:32:40+00:00;770;6,7;11,5;15,5;62,3659;Moderate;GOOD;GOOD;1
2023-01-20T15:33:42+00:00;770;6;13,1;15,5;62,366;Moderate;GOOD;GOOD;1
2023-01-20T15:34:45+00:00;770;5,1;11,5;15,5;62,3661;Moderate;GOOD;GOOD;1
2023-01-20T15:35:47+00:00;770;6,1;10,6;15,5;62,3662;Moderate;GOOD;GOOD;1
2023-01-20T15:36:50+00:00;770;4,6;9,2;15,5;62,3663;Moderate;GOOD;GOOD;1
2023-01-20T15:37:53+00:00;770;5;9;15,5;62,3664;Moderate;GOOD;GOOD;1
2023-01-20T15:38:56+00:00;770;4,4;7,5;15,5;62,3665;Moderate;GOOD;GOOD;1
2023-01-20T15:39:58+00:00;770;4,4;9,2;15,5;62,3666;Moderate;GOOD;GOOD;1
2023-01-20T15:41:01+00:00;770;4,6;7,9;15,4;62,3667;Moderate;GOOD;GOOD;1
2023-01-20T15:42:04+00:00;770;4,2;8,4;15,4;62,3668;Moderate;GOOD;GOOD;1
2023-01-20T15:43:06+00:00;770;4,4;9,2;15,4;62,3669;Moderate;GOOD;GOOD;1
2023-01-20T15:44:09+00:00;770;4,9;11,2;15,4;62,367;Moderate;GOOD;GOOD;1
2023-01-20T15:45:12+00:00;770;4,6;7,5;15,4;62,3671;Moderate;GOOD;GOOD;1
2023-01-20T15:46:14+00:00;770;5;11,8;15,4;62,3672;Moderate;GOOD;GOOD;1
2023-01-20T15:47:17+00:00;770;5;10;15,4;62,3673;Moderate;GOOD;GOOD;1
2023-01-20T15:48:20+00:00;770;4,1;8,6;15,4;62,3674;Moderate;GOOD;GOOD;1
2023-01-20T15:49:23+00:00;770;4,8;10,6;15,4;62,3675;Moderate;GOOD;GOOD;1
2023-01-20T15:50:25+00:00;770;4,3;9,3;15,4;62,3676;Moderate;GOOD;GOOD;1
2023-01-20T15:51:28+00:00;770;4,4;10,7;15,4;62,3677;Moderate;GOOD;GOOD;1
2023-01-20T15:52:31+00:00;312;4,2;11,7;15,4;62,3678;GOOD;GOOD;GOOD;0
2023-01-20T15:53:34+00:00;312;4,6;10,5;15,4;62,3679;GOOD;GOOD;GOOD;0
2023-01-20T15:54:36+00:00;312;4,4;8,9;15,4;62,368;GOOD;GOOD;GOOD;0
2023-01-20T15:55:39+00:00;313;4,1;6,8;15,4;62,3681;GOOD;GOOD;GOOD;0
2023-01-20T15:56:42+00:00;313;4,2;12,3;15,4;62,3682;GOOD;GOOD;GOOD;0
2023-01-20T15:57:44+00:00;313;4,3;8,3;15,4;62,3683;GOOD;GOOD;GOOD;0
2023-01-20T15:58:47+00:00;315;4,6;8,4;15,4;62,3684;GOOD;GOOD;GOOD;0
2023-01-20T15:59:50+00:00;314;4,5;9,8;15,4;62,3685;GOOD;GOOD;GOOD;0
2023-01-20T16:00:53+00:00;318;4,6;6,3;15,4;62,3686;GOOD;GOOD;GOOD;0
2023-01-20T16:01:55+00:00;320;4,3;7,3;15,4;62,3687;GOOD;GOOD;GOOD;0
2023-01-20T16:02:58+00:00;318;4,4;9,4;15,4;62,3688;GOOD;GOOD;GOOD;0
2023-01-20T16:04:01+00:00;316;5,1;9,8;15,4;62,3689;GOOD;GOOD;GOOD;0
2023-01-20T16:05:04+00:00;317;4,4;7,3;15,3;62,369;GOOD;GOOD;GOOD;0
2023-01-20T16:06:07+00:00;314;4,6;8,2;15,4;62,3691;GOOD;GOOD;GOOD;0
2023-01-20T16:07:10+00:00;316;4,7;8,9;15,3;62,3692;GOOD;GOOD;GOOD;0
2023-01-20T16:08:13+00:00;316;4,8;11,4;15,4;62,3693;GOOD;GOOD;GOOD;0
2023-01-20T16:09:16+00:00;320;4,5;7,1;15,3;62,3694;GOOD;GOOD;GOOD;0
2023-01-20T16:10:19+00:00;318;4,9;9,3;15,3;62,3695;GOOD;GOOD;GOOD;0
2023-01-20T16:11:21+00:00;320;4,9;7,2;15,3;62,3696;GOOD;GOOD;GOOD;0
2023-01-20T16:12:25+00:00;320;5,4;7,6;15,3;62,3697;GOOD;GOOD;GOOD;0
2023-01-20T16:13:27+00:00;321;6;7,7;15,3;62,3698;GOOD;GOOD;GOOD;0
2023-01-20T16:14:30+00:00;319;6,9;8,9;15,3;62,3699;GOOD;GOOD;GOOD;0
2023-01-20T16:15:33+00:00;319;6,8;9,5;15,3;62,37;GOOD;GOOD;GOOD;0
2023-01-20T16:16:36+00:00;319;7,4;10;15,3;62,3701;GOOD;GOOD;GOOD;0
2023-01-20T16:17:38+00:00;320;7,3;8,9;15,3;62,3702;GOOD;GOOD;GOOD;0
2023-01-20T16:18:41+00:00;320;7,5;10,6;15,3;62,3703;GOOD;GOOD;GOOD;0
2023-01-20T16:19:44+00:00;320;7,9;10,1;15,3;62,3704;GOOD;GOOD;GOOD;0
2023-01-20T16:20:46+00:00;320;7,9;10,4;15,3;62,3705;GOOD;GOOD;GOOD;0
2023-01-20T16:21:49+00:00;320;6,9;8,2;15,3;62,3706;GOOD;GOOD;GOOD;0
2023-01-20T16:22:52+00:00;314;7;8,8;15,3;62,3707;GOOD;GOOD;GOOD;0
2023-01-20T16:23:55+00:00;319;6,6;9,2;15,3;62,3708;GOOD;GOOD;GOOD;0
2023-01-20T16:24:57+00:00;320;6,5;8,2;15,3;62,3709;GOOD;GOOD;GOOD;0
2023-01-20T16:26:00+00:00;320;6,3;8,7;15,3;62,371;GOOD;GOOD;GOOD;0
2023-01-20T16:27:03+00:00;320;8,7;10,8;15,3;62,3711;GOOD;GOOD;GOOD;0
2023-01-20T16:28:06+00:00;320;9,3;12,6;15,3;62,3712;GOOD;GOOD;GOOD;0
2023-01-20T16:29:09+00:00;321;10,1;11,9;15,3;62,3713;GOOD;GOOD;GOOD;0
2023-01-20T16:30:12+00:00;328;10,4;11,8;15,3;62,3714;GOOD;GOOD;GOOD;0
2023-01-20T16:31:15+00:00;321;9,9;12,1;15,3;62,3715;GOOD;GOOD;GOOD;0
2023-01-20T16:32:17+00:00;322;8,9;9,9;15,2;62,3716;GOOD;GOOD;GOOD;0
2023-01-20T16:33:20+00:00;322;9,6;12,2;15,3;62,3717;GOOD;GOOD;GOOD;0
2023-01-20T16:34:23+00:00;322;9;13,8;15,3;62,3718;GOOD;GOOD;GOOD;0
2023-01-20T16:35:26+00:00;324;8,6;13;15,3;62,3719;GOOD;GOOD;GOOD;0
2023-01-20T16:36:28+00:00;320;8,3;10;15,3;62,372;GOOD;GOOD;GOOD;0
2023-01-20T16:37:32+00:00;325;8,8;12,7;15,3;62,3721;GOOD;GOOD;GOOD;0
2023-01-20T16:38:35+00:00;325;8,1;12,3;15,4;62,3722;GOOD;GOOD;GOOD;0
2023-01-20T16:39:38+00:00;325;8,7;12,8;15,4;62,3723;GOOD;GOOD;GOOD;0
2023-01-20T16:40:40+00:00;330;12,2;16,6;15,4;62,3724;GOOD;GOOD;GOOD;0
2023-01-20T16:41:43+00:00;324;27,8;30,8;15,4;62,3725;GOOD;GOOD;GOOD;0
2023-01-20T16:42:46+00:00;332;36,1;43,8;15,4;62,3726;GOOD;GOOD;GOOD;0
2023-01-20T16:43:49+00:00;324;44,9;75,4;15,4;62,3727;GOOD;GOOD;GOOD;0
2023-01-20T16:44:52+00:00;327;35,5;50,9;15,4;62,3728;GOOD;GOOD;GOOD;0
2023-01-20T16:45:55+00:00;325;34;47,3;15,4;62,3729;GOOD;GOOD;GOOD;0
2023-01-20T16:46:58+00:00;319;38,2;48,8;15,5;62,373;GOOD;GOOD;GOOD;0
2023-01-20T16:48:00+00:00;319;31,5;41,3;15,5;62,3731;GOOD;GOOD;GOOD;0
2023-01-20T16:49:03+00:00;325;28,7;43,5;15,5;62,3732;GOOD;GOOD;GOOD;0
2023-01-20T16:50:06+00:00;319;29;36,7;15,6;62,3733;GOOD;GOOD;GOOD;0
2023-01-20T16:51:08+00:00;319;19,6;23,8;15,6;62,3734;GOOD;GOOD;GOOD;0
2023-01-20T16:52:11+00:00;319;17,6;19,7;15,6;62,3735;GOOD;GOOD;GOOD;0
2023-01-20T16:53:14+00:00;319;17,7;22;15,7;62,3736;GOOD;GOOD;GOOD;0
2023-01-20T16:54:17+00:00;327;16,4;20,4;15,7;62,3737;GOOD;GOOD;GOOD;0
2023-01-20T16:55:20+00:00;320;16,4;20,9;15,7;62,3738;GOOD;GOOD;GOOD;0
2023-01-20T16:56:22+00:00;320;16,6;20;15,7;62,3739;GOOD;GOOD;GOOD;0
2023-01-20T16:57:25+00:00;321;15,8;19,3;15,7;62,374;GOOD;GOOD;GOOD;0
2023-01-20T16:58:28+00:00;321;16,5;20,7;15,8;62,3741;GOOD;GOOD;GOOD;0
2023-01-20T16:59:31+00:00;321;17,4;19,9;15,8;62,3742;GOOD;GOOD;GOOD;0
2023-01-20T17:00:34+00:00;322;16,4;18,7;15,8;62,3743;GOOD;GOOD;GOOD;0
2023-01-20T17:01:37+00:00;321;17;21,6;15,9;62,3744;GOOD;GOOD;GOOD;0
2023-01-20T17:02:40+00:00;321;16,6;21;15,9;62,3745;GOOD;GOOD;GOOD;0
2023-01-20T17:03:43+00:00;322;14,9;17,1;15,9;62,3746;GOOD;GOOD;GOOD;0
2023-01-20T17:04:45+00:00;322;15,5;20,2;15,9;62,3747;GOOD;GOOD;GOOD;0
2023-01-20T17:05:48+00:00;322;14,8;18,7;16;62,3748;GOOD;GOOD;GOOD;0
2023-01-20T17:06:51+00:00;322;14,3;18,9;16;62,3749;GOOD;GOOD;GOOD;0
2023-01-20T17:07:54+00:00;324;14,5;17,5;16;62,375;GOOD;GOOD;GOOD;0
2023-01-20T17:08:57+00:00;324;13,9;18,4;16;62,3751;GOOD;GOOD;GOOD;0
2023-01-20T17:09:59+00:00;324;14,2;16,6;16,1;62,3752;GOOD;GOOD;GOOD;0
2023-01-20T17:11:02+00:00;324;13,9;18,4;16,1;62,3753;GOOD;GOOD;GOOD;0
2023-01-20T17:12:05+00:00;324;13,6;18,3;16,1;62,3754;GOOD;GOOD;GOOD;0
2023-01-20T17:13:08+00:00;324;13,5;15,1;16,1;62,3755;GOOD;GOOD;GOOD;0
2023-01-20T17:14:11+00:00;324;13,5;16;16,1;62,3756;GOOD;GOOD;GOOD;0
2023-01-20T17:15:14+00:00;324;12,6;14;16,1;62,3757;GOOD;GOOD;GOOD;0
2023-01-20T17:16:16+00:00;325;13;16;16,2;62,3758;GOOD;GOOD;GOOD;0
2023-01-20T17:17:19+00:00;324;12,8;14,3;16,2;62,3759;GOOD;GOOD;GOOD;0
2023-01-20T17:18:22+00:00;325;12,6;14,1;16,2;62,376;GOOD;GOOD;GOOD;0
2023-01-20T17:19:25+00:00;326;11,9;13,3;16,2;62,3761;GOOD;GOOD;GOOD;0
2023-01-20T17:20:28+00:00;325;12;14,9;16,2;62,3762;GOOD;GOOD;GOOD;0
2023-01-20T17:21:31+00:00;326;12,1;15,5;16,2;62,3763;GOOD;GOOD;GOOD;0
2023-01-20T17:22:34+00:00;326;10,6;12,4;16,2;62,3764;GOOD;GOOD;GOOD;0
2023-01-20T17:23:36+00:00;326;11,4;14,2;16,2;62,3765;GOOD;GOOD;GOOD;0
2023-01-20T17:24:39+00:00;326;10,5;11,7;16,1;62,3766;GOOD;GOOD;GOOD;0
2023-01-20T17:25:42+00:00;326;11;13;16;62,3767;GOOD;GOOD;GOOD;0
2023-01-20T17:26:45+00:00;326;10,6;12,1;16;62,3768;GOOD;GOOD;GOOD;0
2023-01-20T17:27:48+00:00;326;10,5;11,8;16;62,3769;GOOD;GOOD;GOOD;0
2023-01-20T17:28:51+00:00;326;9,6;13,2;15,9;62,377;GOOD;GOOD;GOOD;0
2023-01-20T17:29:54+00:00;327;10;12,1;15,9;62,3771;GOOD;GOOD;GOOD;0
2023-01-20T17:30:56+00:00;327;10,3;11,9;15,9;62,3772;GOOD;GOOD;GOOD;0
2023-01-20T17:31:59+00:00;327;9,5;10,8;15,9;62,3773;GOOD;GOOD;GOOD;0
2023-01-20T17:33:02+00:00;328;9,3;10,4;15,9;62,3774;GOOD;GOOD;GOOD;0
2023-01-20T17:34:05+00:00;334;9;10,8;15,9;62,3775;GOOD;GOOD;GOOD;0
2023-01-20T17:35:07+00:00;328;8,6;9,6;15,9;62,3776;GOOD;GOOD;GOOD;0
2023-01-20T17:36:10+00:00;329;8,9;10,5;15,9;62,3777;GOOD;GOOD;GOOD;0
2023-01-20T17:37:13+00:00;329;8,9;11;15,9;62,3778;GOOD;GOOD;GOOD;0
2023-01-20T17:38:15+00:00;329;8,5;10,5;15,9;62,3779;GOOD;GOOD;GOOD;0
2023-01-20T17:39:18+00:00;329;8,4;9,8;15,9;62,378;GOOD;GOOD;GOOD;0
2023-01-20T17:40:21+00:00;329;8,3;10,2;15,9;62,3781;GOOD;GOOD;GOOD;0
2023-01-20T17:41:24+00:00;330;8,3;9,3;15,9;62,3782;GOOD;GOOD;GOOD;0
2023-01-20T17:42:27+00:00;330;8,5;9,5;15,9;62,3783;GOOD;GOOD;GOOD;0
2023-01-20T17:43:30+00:00;330;8,3;11;15,9;62,3784;GOOD;GOOD;GOOD;0
2023-01-20T17:44:32+00:00;330;7,9;9,4;15,8;62,3785;GOOD;GOOD;GOOD;0
2023-01-20T17:45:35+00:00;331;8;9,2;15,8;62,3786;GOOD;GOOD;GOOD;0
2023-01-20T17:46:38+00:00;330;7,9;9,2;15,8;62,3787;GOOD;GOOD;GOOD;0
2023-01-20T17:47:41+00:00;337;8,4;9,4;15,8;62,3788;GOOD;GOOD;GOOD;0
2023-01-20T17:48:44+00:00;329;8,3;10,8;15,8;62,3789;GOOD;GOOD;GOOD;0
2023-01-20T17:49:47+00:00;329;8,1;9;15,8;62,379;GOOD;GOOD;GOOD;0
2023-01-20T17:50:49+00:00;330;7,8;8,7;15,8;62,3791;GOOD;GOOD;GOOD;0
2023-01-20T17:51:53+00:00;333;7,5;8,6;15,8;62,3792;GOOD;GOOD;GOOD;0
2023-01-20T17:52:56+00:00;332;7,7;9,6;15,9;62,3793;GOOD;GOOD;GOOD;0
2023-01-20T17:53:59+00:00;332;8;10,4;15,9;62,3794;GOOD;GOOD;GOOD;0
2023-01-20T17:55:01+00:00;332;7,4;8,4;15,9;62,3795;GOOD;GOOD;GOOD;0
2023-01-20T17:56:05+00:00;332;7,4;8,9;15,9;62,3796;GOOD;GOOD;GOOD;0
2023-01-20T17:57:07+00:00;333;7,3;11,4;16;62,3797;GOOD;GOOD;GOOD;0
2023-01-20T17:58:11+00:00;332;7,1;9,4;16;62,3798;GOOD;GOOD;GOOD;0
2023-01-20T17:59:13+00:00;333;7;9,1;15,9;62,3799;GOOD;GOOD;GOOD;0
2023-01-20T18:00:16+00:00;333;7,3;9,7;15,9;62,38;GOOD;GOOD;GOOD;0
2023-01-20T18:01:21+00:00;333;7,2;9,7;15,8;62,3801;GOOD;GOOD;GOOD;0
2023-01-20T18:02:24+00:00;332;6,8;9,9;15,6;62,3802;GOOD;GOOD;GOOD;0
2023-01-20T18:03:27+00:00;333;7;7,8;15,7;62,3803;GOOD;GOOD;GOOD;0
2023-01-20T18:04:30+00:00;333;7,1;11,1;15,7;62,3804;GOOD;GOOD;GOOD;0
2023-01-20T18:05:33+00:00;334;7,1;9,9;15,7;62,3805;GOOD;GOOD;GOOD;0
2023-01-20T18:06:35+00:00;334;6,8;8,4;15,8;62,3806;GOOD;GOOD;GOOD;0
2023-01-20T18:07:38+00:00;334;7;7,8;15,8;62,3807;GOOD;GOOD;GOOD;0
2023-01-20T18:08:41+00:00;334;6,8;7,8;15,9;62,3808;GOOD;GOOD;GOOD;0
2023-01-20T18:09:44+00:00;336;7;8,8;15,9;62,3809;GOOD;GOOD;GOOD;0
2023-01-20T18:10:47+00:00;336;6,6;7,8;15,9;62,381;GOOD;GOOD;GOOD;0
2023-01-20T18:11:49+00:00;338;7;9;15,9;62,3811;GOOD;GOOD;GOOD;0
2023-01-20T18:12:52+00:00;337;6,6;9,7;15,9;62,3812;GOOD;GOOD;GOOD;0
2023-01-20T18:13:55+00:00;336;6,5;8;16;62,3813;GOOD;GOOD;GOOD;0
2023-01-20T18:14:58+00:00;334;6,7;8,5;16;62,3814;GOOD;GOOD;GOOD;0
2023-01-20T18:16:01+00:00;334;6,6;7,4;16;62,3815;GOOD;GOOD;GOOD;0
2023-01-20T18:17:03+00:00;334;6,3;8,2;16;62,3816;GOOD;GOOD;GOOD;0
2023-01-20T18:18:06+00:00;334;6,4;11,7;16;62,3817;GOOD;GOOD;GOOD;0
2023-01-20T18:19:12+00:00;342;6,6;14,7;16;62,3818;GOOD;GOOD;GOOD;0
2023-01-20T18:20:12+00:00;334;6,8;12,7;16,1;62,3819;GOOD;GOOD;GOOD;0
2023-01-20T18:21:15+00:00;334;6,3;10,6;16,1;62,382;GOOD;GOOD;GOOD;0
2023-01-20T18:22:17+00:00;334;6,4;11,9;16;62,3821;GOOD;GOOD;GOOD;0
2023-01-20T18:23:20+00:00;336;6,5;14,8;16;62,3822;GOOD;GOOD;GOOD;0
2023-01-20T18:24:24+00:00;344;6,3;14,9;16;62,3823;GOOD;GOOD;GOOD;0
2023-01-20T18:25:26+00:00;348;6,2;11,6;16,1;62,3824;GOOD;GOOD;GOOD;0
2023-01-20T18:26:29+00:00;340;5,9;11,1;16,1;62,3825;GOOD;GOOD;GOOD;0
2023-01-20T18:27:32+00:00;341;6,5;9,9;16,1;62,3826;GOOD;GOOD;GOOD;0
2023-01-20T18:28:35+00:00;334;7,4;9,9;16,1;62,3827;GOOD;GOOD;GOOD;0
2023-01-20T18:29:38+00:00;341;8,5;13,8;16,1;62,3828;GOOD;GOOD;GOOD;0
2023-01-20T18:30:40+00:00;343;8,7;14,9;16,1;62,3829;GOOD;GOOD;GOOD;0
2023-01-20T18:31:44+00:00;334;9,5;13,3;16,1;62,383;GOOD;GOOD;GOOD;0
2023-01-20T18:32:46+00:00;333;7,7;13,2;16,1;62,3831;GOOD;GOOD;GOOD;0
2023-01-20T18:33:49+00:00;333;7,7;14,9;16,1;62,3832;GOOD;GOOD;GOOD;0
2023-01-20T18:34:52+00:00;333;7,2;13,4;16,1;62,3833;GOOD;GOOD;GOOD;0
2023-01-20T18:35:55+00:00;333;8,5;13,8;16,1;62,3834;GOOD;GOOD;GOOD;0
2023-01-20T18:36:58+00:00;333;6,9;11;16,1;62,3835;GOOD;GOOD;GOOD;0
2023-01-20T18:38:01+00:00;332;6,5;11,9;16,1;62,3836;GOOD;GOOD;GOOD;0
2023-01-20T18:39:03+00:00;331;6,6;12,7;16,1;62,3837;GOOD;GOOD;GOOD;0
2023-01-20T18:40:06+00:00;331;6,4;15,6;16,1;62,3838;GOOD;GOOD;GOOD;0
2023-01-20T18:41:09+00:00;331;5,6;12,4;16,1;62,3839;GOOD;GOOD;GOOD;0
2023-01-20T18:42:12+00:00;331;5,6;8,8;16,1;62,384;GOOD;GOOD;GOOD;0
2023-01-20T18:43:14+00:00;331;6,1;12,6;16,1;62,3841;GOOD;GOOD;GOOD;0
2023-01-20T18:44:17+00:00;331;6,3;13,3;16,1;62,3842;GOOD;GOOD;GOOD;0
2023-01-20T18:45:20+00:00;331;5,9;13,8;16;62,3843;GOOD;GOOD;GOOD;0
2023-01-20T18:46:23+00:00;330;5,5;13,8;16;62,3844;GOOD;GOOD;GOOD;0
2023-01-20T18:47:26+00:00;329;5,8;13,5;16;62,3845;GOOD;GOOD;GOOD;0
2023-01-20T18:48:28+00:00;330;5,1;12,6;16;62,3846;GOOD;GOOD;GOOD;0
2023-01-20T18:49:31+00:00;330;5,6;9,6;16;62,3847;GOOD;GOOD;GOOD;0
2023-01-20T18:50:34+00:00;330;5,3;12,7;16;62,3848;GOOD;GOOD;GOOD;0
2023-01-20T18:51:37+00:00;330;5,1;12,8;16;62,3849;GOOD;GOOD;GOOD;0
2023-01-20T18:52:39+00:00;331;5,2;10,4;16;62,385;GOOD;GOOD;GOOD;0
2023-01-20T18:53:42+00:00;331;4,6;9,7;16;62,3851;GOOD;GOOD;GOOD;0
2023-01-20T18:54:45+00:00;339;5,2;12,8;16;62,3852;GOOD;GOOD;GOOD;0
2023-01-20T18:55:48+00:00;332;5,3;10,8;16;62,3853;GOOD;GOOD;GOOD;0
2023-01-20T18:56:50+00:00;331;5;12,1;15,9;62,3854;GOOD;GOOD;GOOD;0
2023-01-20T18:57:53+00:00;333;5,4;12,9;16;62,3855;GOOD;GOOD;GOOD;0
2023-01-20T18:58:56+00:00;332;4,8;12,4;16;62,3856;GOOD;GOOD;GOOD;0
2023-01-20T18:59:59+00:00;332;5,1;11,6;16,1;62,3857;GOOD;GOOD;GOOD;0
2023-01-20T19:01:02+00:00;333;5,6;11;16,1;62,3858;GOOD;GOOD;GOOD;0
2023-01-20T19:02:04+00:00;333;5,3;9,8;16,1;62,3859;GOOD;GOOD;GOOD;0
2023-01-20T19:03:07+00:00;333;4,9;9,7;16,2;62,386;GOOD;GOOD;GOOD;0
2023-01-20T19:04:10+00:00;333;4,4;8,3;16,2;62,3861;GOOD;GOOD;GOOD;0
2023-01-20T19:05:13+00:00;333;4,8;8,3;16,2;62,3862;GOOD;GOOD;GOOD;0
2023-01-20T19:06:16+00:00;333;4,6;7,1;16,3;62,3863;GOOD;GOOD;GOOD;0
2023-01-20T19:07:19+00:00;333;4,7;8,9;16,3;62,3864;GOOD;GOOD;GOOD;0
2023-01-20T19:08:22+00:00;332;4,4;12,2;16,3;62,3865;GOOD;GOOD;GOOD;0
2023-01-20T19:09:25+00:00;333;4,4;9,5;16,3;62,3866;GOOD;GOOD;GOOD;0
2023-01-20T19:10:27+00:00;332;4,3;8,1;16,3;62,3867;GOOD;GOOD;GOOD;0
2023-01-20T19:11:30+00:00;333;4,3;10,2;16,4;62,3868;GOOD;GOOD;GOOD;0
2023-01-20T19:12:34+00:00;333;13,6;16,8;16,3;62,3869;GOOD;GOOD;GOOD;0
2023-01-20T19:13:37+00:00;332;28,2;31,5;16,2;62,387;GOOD;GOOD;GOOD;0
2023-01-20T19:14:39+00:00;332;20,6;23,8;16,2;62,3871;GOOD;GOOD;GOOD;0
2023-01-20T19:15:43+00:00;332;17,8;19,9;16,2;62,3872;GOOD;GOOD;GOOD;0
2023-01-20T19:16:46+00:00;332;22;24,6;16,3;62,3873;GOOD;GOOD;GOOD;0
2023-01-20T19:17:49+00:00;332;17,9;20,6;16,3;62,3874;GOOD;GOOD;GOOD;0
2023-01-20T19:18:51+00:00;332;13,4;15,4;16,3;62,3875;GOOD;GOOD;GOOD;0
2023-01-20T19:19:54+00:00;332;10,5;13,9;16,3;62,3876;GOOD;GOOD;GOOD;0
2023-01-20T19:20:57+00:00;331;10;14;16,4;62,3877;GOOD;GOOD;GOOD;0
2023-01-20T19:22:00+00:00;331;9,5;13,4;16,4;62,3878;GOOD;GOOD;GOOD;0
2023-01-20T19:23:03+00:00;331;10;18,5;16,4;62,3879;GOOD;GOOD;GOOD;0
2023-01-20T19:24:07+00:00;330;9,8;12,7;16,4;62,388;GOOD;GOOD;GOOD;0
2023-01-20T19:25:09+00:00;329;9,9;14,6;16,5;62,3881;GOOD;GOOD;GOOD;0
2023-01-20T19:26:12+00:00;328;10,3;16,5;16,5;62,3882;GOOD;GOOD;GOOD;0
2023-01-20T19:27:15+00:00;326;10,3;13,3;16,5;62,3883;GOOD;GOOD;GOOD;0
2023-01-20T19:28:19+00:00;324;9,9;13,9;16,5;62,3884;GOOD;GOOD;GOOD;0
2023-01-20T19:29:22+00:00;322;9,8;12,6;16,5;62,3885;GOOD;GOOD;GOOD;0
2023-01-20T19:30:24+00:00;321;10,3;16,3;16,6;62,3886;GOOD;GOOD;GOOD;0
2023-01-20T19:31:27+00:00;320;9,5;19;16,6;62,3887;GOOD;GOOD;GOOD;0
2023-01-20T19:32:30+00:00;318;9;14,8;16,6;62,3888;GOOD;GOOD;GOOD;0
2023-01-20T19:33:33+00:00;315;9,1;14,3;16,6;62,3889;GOOD;GOOD;GOOD;0
2023-01-20T19:34:36+00:00;314;8,5;14,5;16,6;62,389;GOOD;GOOD;GOOD;0
2023-01-20T19:35:39+00:00;314;7,7;13,7;16,6;62,3891;GOOD;GOOD;GOOD;0
2023-01-20T19:36:42+00:00;312;6,5;17,8;16,4;62,3892;GOOD;GOOD;GOOD;0
2023-01-20T19:37:45+00:00;312;7,7;24,3;16,3;62,3893;GOOD;GOOD;GOOD;0
2023-01-20T19:38:48+00:00;310;7,6;24,1;16,2;62,3894;GOOD;GOOD;GOOD;0
2023-01-20T19:39:51+00:00;312;7,5;17,4;16,2;62,3895;GOOD;GOOD;GOOD;0
2023-01-20T19:40:54+00:00;310;8,1;19;16,2;62,3896;GOOD;GOOD;GOOD;0
2023-01-20T19:41:57+00:00;316;7,3;13,3;16,2;62,3897;GOOD;GOOD;GOOD;0
2023-01-20T19:43:00+00:00;309;8,2;16,5;16,3;62,3898;GOOD;GOOD;GOOD;0
2023-01-20T19:44:02+00:00;307;11,2;19,5;16,3;62,3899;GOOD;GOOD;GOOD;0
2023-01-20T19:45:05+00:00;308;15,3;23;16,2;62,39;GOOD;GOOD;GOOD;0
2023-01-20T19:46:08+00:00;307;15,4;21,9;16,2;62,3901;GOOD;GOOD;GOOD;0
2023-01-20T19:47:11+00:00;306;17,9;24,6;16,2;62,3902;GOOD;GOOD;GOOD;0
2023-01-20T19:48:13+00:00;306;18,8;25,7;16,3;62,3903;GOOD;GOOD;GOOD;0
2023-01-20T19:49:17+00:00;305;18,4;27,1;16,3;62,3904;GOOD;GOOD;GOOD;0
2023-01-20T19:50:20+00:00;305;19,1;26;16,3;62,3905;GOOD;GOOD;GOOD;0
2023-01-20T19:51:22+00:00;305;16,9;23,6;16,3;62,3906;GOOD;GOOD;GOOD;0
2023-01-20T19:52:25+00:00;305;20,2;26,9;16,3;62,3907;GOOD;GOOD;GOOD;0
2023-01-20T19:53:29+00:00;304;20,1;28,8;16,3;62,3908;GOOD;GOOD;GOOD;0
2023-01-20T19:54:31+00:00;304;20;29,6;16,3;62,3909;GOOD;GOOD;GOOD;0
2023-01-20T19:55:34+00:00;303;19,3;30,2;16,3;62,391;GOOD;GOOD;GOOD;0
2023-01-20T19:56:37+00:00;303;14,5;21;16,3;62,3911;GOOD;GOOD;GOOD;0
2023-01-20T19:57:40+00:00;304;15,1;20,4;16,3;62,3912;GOOD;GOOD;GOOD;0
2023-01-20T19:58:43+00:00;302;14,6;23,7;16,3;62,3913;GOOD;GOOD;GOOD;0
2023-01-20T19:59:45+00:00;302;12,3;22,4;16,3;62,3914;GOOD;GOOD;GOOD;0
2023-01-20T20:00:48+00:00;303;12,2;22,2;16,3;62,3915;GOOD;GOOD;GOOD;0
2023-01-20T20:01:51+00:00;302;11,9;23,1;16,4;62,3916;GOOD;GOOD;GOOD;0
2023-01-20T20:02:54+00:00;302;11,3;19,4;16,4;62,3917;GOOD;GOOD;GOOD;0
2023-01-20T20:03:57+00:00;300;10,1;18,8;16,4;62,3918;GOOD;GOOD;GOOD;0
2023-01-20T20:05:00+00:00;298;9,5;19,4;16,5;62,3919;GOOD;GOOD;GOOD;0
2023-01-20T20:06:02+00:00;300;9,5;18,7;16,5;62,392;GOOD;GOOD;GOOD;0
2023-01-20T20:07:05+00:00;298;10,8;19,4;16,5;62,3921;GOOD;GOOD;GOOD;0
2023-01-20T20:08:08+00:00;298;14,3;22,8;16,4;62,3922;GOOD;GOOD;GOOD;0
2023-01-20T20:09:11+00:00;298;14,4;26,8;16,3;62,3923;GOOD;GOOD;GOOD;0
2023-01-20T20:10:14+00:00;298;14,1;23;16,3;62,3924;GOOD;GOOD;GOOD;0
2023-01-20T20:11:16+00:00;298;11,6;19,1;16,3;62,3925;GOOD;GOOD;GOOD;0
2023-01-20T20:12:19+00:00;305;13,8;20,2;16,2;62,3926;GOOD;GOOD;GOOD;0
2023-01-20T20:13:22+00:00;298;15,2;27,2;16,2;62,3927;GOOD;GOOD;GOOD;0
2023-01-20T20:14:25+00:00;298;15,6;23,9;16,2;62,3928;GOOD;GOOD;GOOD;0
2023-01-20T20:15:27+00:00;297;15,6;22,7;16,2;62,3929;GOOD;GOOD;GOOD;0
2023-01-20T20:16:30+00:00;297;15;21,3;16,2;62,393;GOOD;GOOD;GOOD;0
2023-01-20T20:17:33+00:00;300;13,8;22,5;16,1;62,3931;GOOD;GOOD;GOOD;0
2023-01-20T20:18:36+00:00;297;13,6;24,4;16,1;62,3932;GOOD;GOOD;GOOD;0
2023-01-20T20:19:38+00:00;298;13,1;23,5;16,1;62,3933;GOOD;GOOD;GOOD;0
2023-01-20T20:20:41+00:00;297;13,5;23,1;16,1;62,3934;GOOD;GOOD;GOOD;0
2023-01-20T20:21:44+00:00;298;12,7;19,7;16,1;62,3935;GOOD;GOOD;GOOD;0
2023-01-20T20:22:47+00:00;296;12,2;19,8;16,1;62,3936;GOOD;GOOD;GOOD;0
2023-01-20T20:23:49+00:00;297;12,4;18,4;16,1;62,3937;GOOD;GOOD;GOOD;0
2023-01-20T20:24:52+00:00;297;12;18,7;16,1;62,3938;GOOD;GOOD;GOOD;0
2023-01-20T20:25:55+00:00;296;10,8;21,3;16,1;62,3939;GOOD;GOOD;GOOD;0
2023-01-20T20:26:58+00:00;297;10,9;19,8;16,2;62,394;GOOD;GOOD;GOOD;0
2023-01-20T20:28:01+00:00;296;10,2;21,9;16,2;62,3941;GOOD;GOOD;GOOD;0
2023-01-20T20:29:04+00:00;296;9,7;21,1;16,2;62,3942;GOOD;GOOD;GOOD;0
2023-01-20T20:30:07+00:00;296;9,9;18,5;16,2;62,3943;GOOD;GOOD;GOOD;0
2023-01-20T20:31:10+00:00;296;9,4;15,1;16,2;62,3944;GOOD;GOOD;GOOD;0
2023-01-20T20:32:13+00:00;297;10,1;17,5;16,2;62,3945;GOOD;GOOD;GOOD;0
2023-01-20T20:33:16+00:00;296;9,1;16,3;16,2;62,3946;GOOD;GOOD;GOOD;0
2023-01-20T20:34:19+00:00;297;9,2;22;16,2;62,3947;GOOD;GOOD;GOOD;0
2023-01-20T20:35:22+00:00;297;9,6;18;16,2;62,3948;GOOD;GOOD;GOOD;0
2023-01-20T20:36:25+00:00;297;9,5;17,2;16,2;62,3949;GOOD;GOOD;GOOD;0
2023-01-20T20:37:28+00:00;297;10,4;18,4;16,2;62,395;GOOD;GOOD;GOOD;0
2023-01-20T20:38:31+00:00;297;10,3;21,5;16,3;62,3951;GOOD;GOOD;GOOD;0
2023-01-20T20:39:33+00:00;297;10;20,4;16,3;62,3952;GOOD;GOOD;GOOD;0
2023-01-20T20:40:36+00:00;297;7,1;13,2;16,4;62,3953;GOOD;GOOD;GOOD;0
2023-01-20T20:41:39+00:00;297;6,5;11,3;16,4;62,3954;GOOD;GOOD;GOOD;0
2023-01-20T20:42:42+00:00;297;5,9;13,1;16,5;62,3955;GOOD;GOOD;GOOD;0
2023-01-20T20:43:45+00:00;297;6;10,5;16,5;62,3956;GOOD;GOOD;GOOD;0
2023-01-20T20:44:48+00:00;297;5,3;9,2;16,5;62,3957;GOOD;GOOD;GOOD;0
2023-01-20T20:45:50+00:00;297;5,7;13,1;16,6;62,3958;GOOD;GOOD;GOOD;0
2023-01-20T20:46:53+00:00;297;5,2;8,9;16,6;62,3959;GOOD;GOOD;GOOD;0
2023-01-20T20:47:56+00:00;297;4,8;9,6;16,6;62,396;GOOD;GOOD;GOOD;0
2023-01-20T20:48:58+00:00;298;5,4;10,9;16,7;62,3961;GOOD;GOOD;GOOD;0
2023-01-20T20:50:01+00:00;297;5,3;10,7;16,6;62,3962;GOOD;GOOD;GOOD;0
2023-01-20T20:51:04+00:00;297;5,6;13,7;16,6;62,3963;GOOD;GOOD;GOOD;0
2023-01-20T20:52:09+00:00;297;4,9;10,5;16,5;62,3964;GOOD;GOOD;GOOD;0
2023-01-20T20:53:10+00:00;296;9;12,6;16,5;62,3965;GOOD;GOOD;GOOD;0
2023-01-20T20:54:13+00:00;297;10,6;18,1;16,4;62,3966;GOOD;GOOD;GOOD;0
2023-01-20T20:55:16+00:00;297;12,9;24,2;16,3;62,3967;GOOD;GOOD;GOOD;0
2023-01-20T20:56:18+00:00;297;13,5;21,1;16,4;62,3968;GOOD;GOOD;GOOD;0
2023-01-20T20:57:21+00:00;297;14;22,2;16,4;62,3969;GOOD;GOOD;GOOD;0
2023-01-20T20:58:24+00:00;297;14,8;24,1;16,4;62,397;GOOD;GOOD;GOOD;0
2023-01-20T20:59:27+00:00;297;14,3;23;16,3;62,3971;GOOD;GOOD;GOOD;0
2023-01-20T21:00:30+00:00;297;12,7;20,7;16,3;62,3972;GOOD;GOOD;GOOD;0
2023-01-20T21:01:33+00:00;297;11,8;22;16,3;62,3973;GOOD;GOOD;GOOD;0
2023-01-20T21:02:36+00:00;297;11,5;22,7;16,3;62,3974;GOOD;GOOD;GOOD;0
2023-01-20T21:03:39+00:00;298;9;16,6;16,2;62,3975;GOOD;GOOD;GOOD;0
2023-01-20T21:04:41+00:00;298;9;16,6;16,2;62,3976;GOOD;GOOD;GOOD;0
2023-01-20T21:05:44+00:00;298;8,5;19,4;16,2;62,3977;GOOD;GOOD;GOOD;0
2023-01-20T21:06:47+00:00;300;8,7;16;16,2;62,3978;GOOD;GOOD;GOOD;0
2023-01-20T21:07:50+00:00;300;8,2;17,8;16,2;62,3979;GOOD;GOOD;GOOD;0
2023-01-20T21:08:52+00:00;300;8,6;16;16,2;62,398;GOOD;GOOD;GOOD;0
2023-01-20T21:09:55+00:00;300;7,7;12,3;16,1;62,3981;GOOD;GOOD;GOOD;0
2023-01-20T21:10:58+00:00;300;7,5;15,1;16,1;62,3982;GOOD;GOOD;GOOD;0
2023-01-20T21:12:01+00:00;300;7,7;17,2;16,1;62,3983;GOOD;GOOD;GOOD;0
2023-01-20T21:13:04+00:00;300;8;16,8;16,1;62,3984;GOOD;GOOD;GOOD;0
2023-01-20T21:14:07+00:00;301;7,2;15,1;16,1;62,3985;GOOD;GOOD;GOOD;0
2023-01-20T21:15:10+00:00;301;6,7;10,6;16,1;62,3986;GOOD;GOOD;GOOD;0
2023-01-20T21:16:13+00:00;300;6,9;13,3;16,1;62,3987;GOOD;GOOD;GOOD;0
2023-01-20T21:17:15+00:00;300;6,2;11,7;16,1;62,3988;GOOD;GOOD;GOOD;0
2023-01-20T21:18:18+00:00;301;6,1;10,4;16;62,3989;GOOD;GOOD;GOOD;0
2023-01-20T21:19:21+00:00;301;6,4;11;16,1;62,399;GOOD;GOOD;GOOD;0
2023-01-20T21:20:24+00:00;301;6,7;12,6;16;62,3991;GOOD;GOOD;GOOD;0
2023-01-20T21:21:27+00:00;301;6,7;14,1;16;62,3992;GOOD;GOOD;GOOD;0
2023-01-20T21:22:30+00:00;302;6,3;12,4;16;62,3993;GOOD;GOOD;GOOD;0
2023-01-20T21:23:33+00:00;307;6,4;11;16;62,3994;GOOD;GOOD;GOOD;0
2023-01-20T21:24:36+00:00;302;6,4;14,3;16;62,3995;GOOD;GOOD;GOOD;0
2023-01-20T21:25:39+00:00;302;6,5;14,1;16;62,3996;GOOD;GOOD;GOOD;0
2023-01-20T21:26:41+00:00;302;6;11;16;62,3997;GOOD;GOOD;GOOD;0
2023-01-20T21:27:44+00:00;301;6,4;12,9;16;62,3998;GOOD;GOOD;GOOD;0
2023-01-20T21:28:47+00:00;301;6,4;10,8;16;62,3999;GOOD;GOOD;GOOD;0
2023-01-20T21:29:50+00:00;301;6;13,8;16;62,4;GOOD;GOOD;GOOD;0
2023-01-20T21:30:52+00:00;302;6;14,7;16;62,4001;GOOD;GOOD;GOOD;0
2023-01-20T21:31:55+00:00;301;6,1;13,5;16;62,4002;GOOD;GOOD;GOOD;0
2023-01-20T21:32:58+00:00;301;5,5;10,5;16;62,4003;GOOD;GOOD;GOOD;0
2023-01-20T21:34:01+00:00;302;5,6;11,5;16;62,4004;GOOD;GOOD;GOOD;0
2023-01-20T21:35:04+00:00;301;5,9;10,6;16;62,4005;GOOD;GOOD;GOOD;0
2023-01-20T21:36:06+00:00;301;5,1;10,1;16;62,4006;GOOD;GOOD;GOOD;0
2023-01-20T21:37:09+00:00;301;4,6;7,6;16;62,4007;GOOD;GOOD;GOOD;0
2023-01-20T21:38:12+00:00;301;4,2;7,2;16;62,4008;GOOD;GOOD;GOOD;0
2023-01-20T21:39:15+00:00;301;4,5;7,2;16;62,4009;GOOD;GOOD;GOOD;0
2023-01-20T21:40:18+00:00;302;4,8;9,5;16;62,401;GOOD;GOOD;GOOD;0
2023-01-20T21:41:21+00:00;302;4,8;10,8;16,1;62,4011;GOOD;GOOD;GOOD;0
2023-01-20T21:42:23+00:00;303;4,1;7,8;16,1;62,4012;GOOD;GOOD;GOOD;0
2023-01-20T21:43:26+00:00;303;14,1;21,2;16,1;62,4013;GOOD;GOOD;GOOD;0
2023-01-20T21:44:29+00:00;303;15,7;20,6;16,1;62,4014;GOOD;GOOD;GOOD;0
2023-01-20T21:45:31+00:00;302;17,1;23,9;16,1;62,4015;GOOD;GOOD;GOOD;0
2023-01-20T21:46:34+00:00;304;17;26;16,1;62,4016;GOOD;GOOD;GOOD;0
2023-01-20T21:47:37+00:00;304;22,4;28,7;16,1;62,4017;GOOD;GOOD;GOOD;0
2023-01-20T21:48:40+00:00;304;19,7;26,7;16,1;62,4018;GOOD;GOOD;GOOD;0
2023-01-20T21:49:43+00:00;304;21,6;28,7;16,1;62,4019;GOOD;GOOD;GOOD;0
2023-01-20T21:50:45+00:00;304;20,4;28,1;16,1;62,402;GOOD;GOOD;GOOD;0
2023-01-20T21:51:48+00:00;305;22,1;28,9;16;62,4021;GOOD;GOOD;GOOD;0
2023-01-20T21:52:51+00:00;305;20,4;23,9;16;62,4022;GOOD;GOOD;GOOD;0
2023-01-20T21:53:54+00:00;306;19,8;26,3;16;62,4023;GOOD;GOOD;GOOD;0
2023-01-20T21:54:56+00:00;306;20,2;23,3;16;62,4024;GOOD;GOOD;GOOD;0
2023-01-20T21:55:59+00:00;306;19,5;24,2;16;62,4025;GOOD;GOOD;GOOD;0
2023-01-20T21:57:02+00:00;306;14,8;17,4;16;62,4026;GOOD;GOOD;GOOD;0
2023-01-20T21:58:05+00:00;307;14,3;18,6;16;62,4027;GOOD;GOOD;GOOD;0
2023-01-20T21:59:08+00:00;307;14,5;19,5;16;62,4028;GOOD;GOOD;GOOD;0
2023-01-20T22:00:11+00:00;307;13,8;19,6;16;62,4029;GOOD;GOOD;GOOD;0
2023-01-20T22:01:13+00:00;308;13,3;20,7;16;62,403;GOOD;GOOD;GOOD;0
2023-01-20T22:02:16+00:00;308;11,8;17,7;16;62,4031;GOOD;GOOD;GOOD;0
2023-01-20T22:03:19+00:00;309;9,6;13;16;62,4032;GOOD;GOOD;GOOD;0
2023-01-20T22:04:22+00:00;309;10,3;15,1;15,9;62,4033;GOOD;GOOD;GOOD;0
2023-01-20T22:05:25+00:00;309;10,5;16,7;16;62,4034;GOOD;GOOD;GOOD;0
2023-01-20T22:06:28+00:00;309;11,2;15,4;16;62,4035;GOOD;GOOD;GOOD;0
2023-01-20T22:07:31+00:00;310;10,8;14,2;15,9;62,4036;GOOD;GOOD;GOOD;0
2023-01-20T22:08:34+00:00;310;10,8;14,1;15,9;62,4037;GOOD;GOOD;GOOD;0
2023-01-20T22:09:36+00:00;310;10,4;13,7;16;62,4038;GOOD;GOOD;GOOD;0
2023-01-20T22:10:39+00:00;312;9,6;13,3;15,9;62,4039;GOOD;GOOD;GOOD;0
2023-01-20T22:11:42+00:00;310;9,6;16;15,9;62,404;GOOD;GOOD;GOOD;0
2023-01-20T22:12:45+00:00;312;9,2;13,9;15,9;62,4041;GOOD;GOOD;GOOD;0
2023-01-20T22:13:48+00:00;310;9,2;12,5;15,9;62,4042;GOOD;GOOD;GOOD;0
2023-01-20T22:14:51+00:00;313;8,9;14,4;15,9;62,4043;GOOD;GOOD;GOOD;0
2023-01-20T22:15:53+00:00;313;9,9;15,7;15,9;62,4044;GOOD;GOOD;GOOD;0
2023-01-20T22:16:56+00:00;313;9,1;12,4;15,9;62,4045;GOOD;GOOD;GOOD;0
2023-01-20T22:17:59+00:00;313;9,6;12,6;15,9;62,4046;GOOD;GOOD;GOOD;0
2023-01-20T22:19:02+00:00;314;8,6;13,1;15,9;62,4047;GOOD;GOOD;GOOD;0
2023-01-20T22:20:04+00:00;319;8,4;13,8;15,9;62,4048;GOOD;GOOD;GOOD;0
2023-01-20T22:21:08+00:00;313;9,2;14,5;15,9;62,4049;GOOD;GOOD;GOOD;0
2023-01-20T22:22:10+00:00;314;8,6;10,5;15,9;62,405;GOOD;GOOD;GOOD;0
2023-01-20T22:23:13+00:00;314;8,5;15,5;15,9;62,4051;GOOD;GOOD;GOOD;0
2023-01-20T22:24:16+00:00;314;8;10,7;15,9;62,4052;GOOD;GOOD;GOOD;0
2023-01-20T22:25:22+00:00;315;8;10,5;15,9;62,4053;GOOD;GOOD;GOOD;0
2023-01-20T22:26:24+00:00;315;7,4;10,5;15,9;62,4054;GOOD;GOOD;GOOD;0
2023-01-20T22:27:27+00:00;315;7,6;11,3;15,9;62,4055;GOOD;GOOD;GOOD;0
2023-01-20T22:28:30+00:00;316;7,3;9;15,9;62,4056;GOOD;GOOD;GOOD;0
2023-01-20T22:29:32+00:00;316;7,2;10,4;15,8;62,4057;GOOD;GOOD;GOOD;0
2023-01-20T22:30:36+00:00;317;7,6;10,8;15,8;62,4058;GOOD;GOOD;GOOD;0
2023-01-20T22:31:38+00:00;317;6,8;10,6;15,8;62,4059;GOOD;GOOD;GOOD;0
2023-01-20T22:32:41+00:00;324;7,3;11,5;15,8;62,406;GOOD;GOOD;GOOD;0
2023-01-20T22:33:44+00:00;317;7;9,8;15,8;62,4061;GOOD;GOOD;GOOD;0
2023-01-20T22:34:47+00:00;318;7,2;10,1;15,8;62,4062;GOOD;GOOD;GOOD;0
2023-01-20T22:35:49+00:00;318;7,6;14,1;15,8;62,4063;GOOD;GOOD;GOOD;0
2023-01-20T22:36:52+00:00;318;6,9;11,2;15,8;62,4064;GOOD;GOOD;GOOD;0
2023-01-20T22:37:55+00:00;319;6,5;8,7;15,8;62,4065;GOOD;GOOD;GOOD;0
2023-01-20T22:38:58+00:00;319;6,8;9,9;15,8;62,4066;GOOD;GOOD;GOOD;0
2023-01-20T22:40:00+00:00;320;7,2;12,2;15,8;62,4067;GOOD;GOOD;GOOD;0
2023-01-20T22:41:03+00:00;319;6,9;9,2;15,8;62,4068;GOOD;GOOD;GOOD;0
2023-01-20T22:42:06+00:00;320;6,8;8,4;15,8;62,4069;GOOD;GOOD;GOOD;0
2023-01-20T22:43:09+00:00;320;7;10,6;15,8;62,407;GOOD;GOOD;GOOD;0
2023-01-20T22:44:12+00:00;327;6,8;9,9;15,8;62,4071;GOOD;GOOD;GOOD;0
2023-01-20T22:45:15+00:00;320;6,9;12,8;15,9;62,4072;GOOD;GOOD;GOOD;0
2023-01-20T22:46:17+00:00;321;6,5;9,8;15,8;62,4073;GOOD;GOOD;GOOD;0
2023-01-20T22:47:20+00:00;321;10,2;15,7;15,9;62,4074;GOOD;GOOD;GOOD;0
2023-01-20T22:48:23+00:00;322;9;16,3;16;62,4075;GOOD;GOOD;GOOD;0
2023-01-20T22:49:26+00:00;324;6,7;12,4;16;62,4076;GOOD;GOOD;GOOD;0
2023-01-20T22:50:29+00:00;325;10,6;12,1;16,1;62,4077;GOOD;GOOD;GOOD;0
2023-01-20T22:51:31+00:00;326;10,3;15,9;16,1;62,4078;GOOD;GOOD;GOOD;0
2023-01-20T22:52:34+00:00;327;9,6;13,6;16,2;62,4079;GOOD;GOOD;GOOD;0
2023-01-20T22:53:37+00:00;329;9,6;17,9;16,2;62,408;GOOD;GOOD;GOOD;0
2023-01-20T22:54:40+00:00;330;8,1;12,2;16,2;62,4081;GOOD;GOOD;GOOD;0
2023-01-20T22:55:43+00:00;330;6,4;12,9;16,1;62,4082;GOOD;GOOD;GOOD;0
2023-01-20T22:56:45+00:00;339;6,2;13;16,1;62,4083;GOOD;GOOD;GOOD;0
2023-01-20T22:57:48+00:00;332;6,6;12,9;16,1;62,4084;GOOD;GOOD;GOOD;0
2023-01-20T22:58:51+00:00;333;6,7;9,7;16;62,4085;GOOD;GOOD;GOOD;0
2023-01-20T22:59:55+00:00;340;6,6;10,4;16;62,4086;GOOD;GOOD;GOOD;0
2023-01-20T23:00:57+00:00;333;7;11,6;15,9;62,4087;GOOD;GOOD;GOOD;0
2023-01-20T23:02:00+00:00;334;6,8;12,3;15,9;62,4088;GOOD;GOOD;GOOD;0
2023-01-20T23:03:03+00:00;334;6,8;11;15,9;62,4089;GOOD;GOOD;GOOD;0
2023-01-20T23:04:06+00:00;334;6,3;10;15,9;62,409;GOOD;GOOD;GOOD;0
2023-01-20T23:05:08+00:00;336;6,7;10,6;15,9;62,4091;GOOD;GOOD;GOOD;0
2023-01-20T23:06:11+00:00;334;6,5;12,2;15,9;62,4092;GOOD;GOOD;GOOD;0
2023-01-20T23:07:14+00:00;336;6,6;11,9;15,9;62,4093;GOOD;GOOD;GOOD;0
2023-01-20T23:08:17+00:00;337;6,1;10;15,9;62,4094;GOOD;GOOD;GOOD;0
2023-01-20T23:09:20+00:00;338;6,2;11,8;15,8;62,4095;GOOD;GOOD;GOOD;0
2023-01-20T23:10:22+00:00;338;6,2;11,6;15,8;62,4096;GOOD;GOOD;GOOD;0
2023-01-20T23:11:25+00:00;338;6,1;11,5;15,8;62,4097;GOOD;GOOD;GOOD;0
2023-01-20T23:12:28+00:00;339;6,3;9,7;15,8;62,4098;GOOD;GOOD;GOOD;0
2023-01-20T23:13:31+00:00;339;6,4;7,7;15,8;62,4099;GOOD;GOOD;GOOD;0
2023-01-20T23:14:34+00:00;339;5,9;9,4;15,8;62,41;GOOD;GOOD;GOOD;0
2023-01-20T23:15:37+00:00;340;6,1;10,2;15,8;62,4101;GOOD;GOOD;GOOD;0
2023-01-20T23:16:40+00:00;340;6;9,7;15,8;62,4102;GOOD;GOOD;GOOD;0
2023-01-20T23:17:43+00:00;340;5,8;8,8;15,8;62,4103;GOOD;GOOD;GOOD;0
2023-01-20T23:18:46+00:00;341;5,5;10,4;15,7;62,4104;GOOD;GOOD;GOOD;0
2023-01-20T23:19:48+00:00;342;5,3;8;15,7;62,4105;GOOD;GOOD;GOOD;0
2023-01-20T23:20:51+00:00;342;5,6;7,6;15,7;62,4106;GOOD;GOOD;GOOD;0
2023-01-20T23:21:54+00:00;342;5,8;10;15,7;62,4107;GOOD;GOOD;GOOD;0
2023-01-20T23:22:57+00:00;342;5,7;10,6;15,7;62,4108;GOOD;GOOD;GOOD;0
2023-01-20T23:24:00+00:00;343;5,1;8,3;15,7;62,4109;GOOD;GOOD;GOOD;0
2023-01-20T23:25:02+00:00;343;4,9;8,6;15,7;62,411;GOOD;GOOD;GOOD;0
2023-01-20T23:26:05+00:00;343;5,1;7,5;15,7;62,4111;GOOD;GOOD;GOOD;0
2023-01-20T23:27:08+00:00;343;5,3;10,8;15,7;62,4112;GOOD;GOOD;GOOD;0
2023-01-20T23:28:13+00:00;343;5,4;8,8;15,7;62,4113;GOOD;GOOD;GOOD;0
2023-01-20T23:29:14+00:00;344;5;7,1;15,7;62,4114;GOOD;GOOD;GOOD;0
2023-01-20T23:30:17+00:00;344;4,9;8,7;15,7;62,4115;GOOD;GOOD;GOOD;0
2023-01-20T23:31:19+00:00;345;4,8;9,2;15,7;62,4116;GOOD;GOOD;GOOD;0
2023-01-20T23:32:22+00:00;345;5,2;8,1;15,7;62,4117;GOOD;GOOD;GOOD;0
2023-01-20T23:33:25+00:00;345;4,6;6,8;15,6;62,4118;GOOD;GOOD;GOOD;0
2023-01-20T23:34:28+00:00;346;4,8;6,6;15,6;62,4119;GOOD;GOOD;GOOD;0
2023-01-20T23:35:31+00:00;346;4,6;8,8;15,6;62,412;GOOD;GOOD;GOOD;0
2023-01-20T23:36:34+00:00;346;4,5;6,7;15,6;62,4121;GOOD;GOOD;GOOD;0
2023-01-20T23:37:36+00:00;346;4,8;8,8;15,6;62,4122;GOOD;GOOD;GOOD;0
2023-01-20T23:38:39+00:00;346;4;7,6;15,6;62,4123;GOOD;GOOD;GOOD;0
2023-01-20T23:39:42+00:00;348;-1;-1;15,6;62,4124;GOOD;GOOD;GOOD;0
2023-01-20T23:40:45+00:00;348;4,8;9,2;15,6;62,4125;GOOD;GOOD;GOOD;0
2023-01-20T23:41:47+00:00;348;4,5;10,4;15,6;62,4126;GOOD;GOOD;GOOD;0
2023-01-20T23:42:50+00:00;349;4,4;6,7;15,6;62,4127;GOOD;GOOD;GOOD;0
2023-01-20T23:43:53+00:00;350;4,5;7,2;15,6;62,4128;GOOD;GOOD;GOOD;0
2023-01-20T23:44:55+00:00;350;4,5;5,7;15,6;62,4129;GOOD;GOOD;GOOD;0
2023-01-20T23:45:59+00:00;350;4,3;7,5;15,6;62,413;GOOD;GOOD;GOOD;0
2023-01-20T23:47:01+00:00;350;4,2;6,4;15,6;62,4131;GOOD;GOOD;GOOD;0
2023-01-20T23:48:04+00:00;351;4,1;7,1;15,6;62,4132;GOOD;GOOD;GOOD;0
2023-01-20T23:49:07+00:00;351;4,3;6,6;15,5;62,4133;GOOD;GOOD;GOOD;0
2023-01-20T23:50:10+00:00;351;3,7;5,8;15,5;62,4134;GOOD;GOOD;GOOD;0
2023-01-20T23:51:13+00:00;351;4,2;6,1;15,6;62,4135;GOOD;GOOD;GOOD;0
2023-01-20T23:52:15+00:00;351;3,9;6,4;15,5;62,4136;GOOD;GOOD;GOOD;0
2023-01-20T23:53:18+00:00;352;4,4;8,2;15,6;62,4137;GOOD;GOOD;GOOD;0
2023-01-20T23:54:21+00:00;352;3,9;6,9;15,6;62,4138;GOOD;GOOD;GOOD;0
2023-01-20T23:55:24+00:00;352;4,1;6,9;15,5;62,4139;GOOD;GOOD;GOOD;0
2023-01-20T23:56:28+00:00;353;4,1;8;15,5;62,414;GOOD;GOOD;GOOD;0
2023-01-20T23:57:30+00:00;353;3,7;7;15,5;62,4141;GOOD;GOOD;GOOD;0
2023-01-20T23:58:33+00:00;353;3,8;5,5;15,5;62,4142;GOOD;GOOD;GOOD;0
2023-01-20T23:59:36+00:00;354;4;6,1;15,5;62,4143;GOOD;GOOD;GOOD;0
2023-01-21T00:00:38+00:00;353;3,7;5,9;15,5;62,4144;GOOD;GOOD;GOOD;0
2023-01-21T00:01:41+00:00;361;3,5;5,4;15,5;62,4145;GOOD;GOOD;GOOD;0
2023-01-21T00:02:44+00:00;353;3,7;7,3;15,5;62,4146;GOOD;GOOD;GOOD;0
2023-01-21T00:03:46+00:00;354;3,6;5,1;15,5;62,4147;GOOD;GOOD;GOOD;0
2023-01-21T00:04:50+00:00;355;3,4;6,2;15,5;62,4148;GOOD;GOOD;GOOD;0
2023-01-21T00:05:53+00:00;356;3,9;6,9;15,5;62,4149;GOOD;GOOD;GOOD;0
2023-01-21T00:06:56+00:00;355;3,9;9,1;15,5;62,415;GOOD;GOOD;GOOD;0
2023-01-21T00:07:58+00:00;355;3,3;8;15,5;62,4151;GOOD;GOOD;GOOD;0
2023-01-21T00:09:01+00:00;355;3,6;7,3;15,5;62,4152;GOOD;GOOD;GOOD;0
2023-01-21T00:10:04+00:00;357;3,8;10;15,5;62,4153;GOOD;GOOD;GOOD;0
2023-01-21T00:11:07+00:00;357;3,7;8,1;15,5;62,4154;GOOD;GOOD;GOOD;0
2023-01-21T00:12:10+00:00;358;3,5;7,6;15,5;62,4155;GOOD;GOOD;GOOD;0
2023-01-21T00:13:12+00:00;358;3,4;6,5;15,5;62,4156;GOOD;GOOD;GOOD;0
2023-01-21T00:14:18+00:00;360;3,6;8;15,5;62,4157;GOOD;GOOD;GOOD;0
2023-01-21T00:15:18+00:00;360;3,7;7,1;15,5;62,4158;GOOD;GOOD;GOOD;0
2023-01-21T00:16:21+00:00;360;3,3;7,2;15,5;62,4159;GOOD;GOOD;GOOD;0
2023-01-21T00:17:24+00:00;360;3,4;8;15,5;62,416;GOOD;GOOD;GOOD;0
2023-01-21T00:18:27+00:00;361;3,7;11,3;15,5;62,4161;GOOD;GOOD;GOOD;0
2023-01-21T00:19:30+00:00;361;3,5;10,7;15,5;62,4162;GOOD;GOOD;GOOD;0
2023-01-21T00:20:32+00:00;361;3,7;8,1;15,5;62,4163;GOOD;GOOD;GOOD;0
2023-01-21T00:21:35+00:00;361;3,5;11;15,5;62,4164;GOOD;GOOD;GOOD;0
2023-01-21T00:22:38+00:00;362;3,6;10,9;15,5;62,4165;GOOD;GOOD;GOOD;0
2023-01-21T00:23:41+00:00;362;3,3;8,4;15,5;62,4166;GOOD;GOOD;GOOD;0
2023-01-21T00:24:44+00:00;363;3,5;11,5;15,5;62,4167;GOOD;GOOD;GOOD;0
2023-01-21T00:25:47+00:00;363;3,7;12;15,5;62,4168;GOOD;GOOD;GOOD;0
2023-01-21T00:26:49+00:00;364;3,1;9,2;15,5;62,4169;GOOD;GOOD;GOOD;0
2023-01-21T00:27:52+00:00;372;3;7,6;15,5;62,417;GOOD;GOOD;GOOD;0
2023-01-21T00:28:55+00:00;364;3,2;7;15,5;62,4171;GOOD;GOOD;GOOD;0
2023-01-21T00:29:57+00:00;370;3,2;5,6;15,5;62,4172;GOOD;GOOD;GOOD;0
2023-01-21T00:31:00+00:00;365;3,3;7,8;15,5;62,4173;GOOD;GOOD;GOOD;0
2023-01-21T00:32:03+00:00;366;2,8;5,9;15,5;62,4174;GOOD;GOOD;GOOD;0
2023-01-21T00:33:06+00:00;366;3,1;6;15,5;62,4175;GOOD;GOOD;GOOD;0
2023-01-21T00:34:08+00:00;365;3;6,5;15,5;62,4176;GOOD;GOOD;GOOD;0
2023-01-21T00:35:11+00:00;366;2,8;6,4;15,5;62,4177;GOOD;GOOD;GOOD;0
2023-01-21T00:36:14+00:00;366;2,9;5,6;15,5;62,4178;GOOD;GOOD;GOOD;0
2023-01-21T00:37:17+00:00;366;3;6,5;15,5;62,4179;GOOD;GOOD;GOOD;0
2023-01-21T00:38:20+00:00;368;2,8;6,6;15,5;62,418;GOOD;GOOD;GOOD;0
2023-01-21T00:39:23+00:00;367;2,8;6,5;15,4;62,4181;GOOD;GOOD;GOOD;0
2023-01-21T00:40:28+00:00;367;3,3;6,9;15,4;62,4182;GOOD;GOOD;GOOD;0
2023-01-21T00:41:28+00:00;368;2,6;7,3;15,5;62,4183;GOOD;GOOD;GOOD;0
2023-01-21T00:42:31+00:00;368;2,6;5,7;15,5;62,4184;GOOD;GOOD;GOOD;0
2023-01-21T00:43:34+00:00;368;2,5;5,1;15,5;62,4185;GOOD;GOOD;GOOD;0
2023-01-21T00:44:36+00:00;369;2,9;5,1;15,4;62,4186;GOOD;GOOD;GOOD;0
2023-01-21T00:45:39+00:00;368;2,5;5,4;15,4;62,4187;GOOD;GOOD;GOOD;0
2023-01-21T00:46:42+00:00;368;2,5;6,9;15,4;62,4188;GOOD;GOOD;GOOD;0
2023-01-21T00:47:45+00:00;370;2,6;4,6;15,5;62,4189;GOOD;GOOD;GOOD;0
2023-01-21T00:48:47+00:00;370;2,5;5,5;15,4;62,419;GOOD;GOOD;GOOD;0
2023-01-21T00:49:50+00:00;369;2,3;4,2;15,4;62,4191;GOOD;GOOD;GOOD;0
2023-01-21T00:50:53+00:00;369;2,4;5;15,4;62,4192;GOOD;GOOD;GOOD;0
2023-01-21T00:51:56+00:00;370;2,6;4,4;15,4;62,4193;GOOD;GOOD;GOOD;0
2023-01-21T00:52:59+00:00;370;2,3;4,8;15,4;62,4194;GOOD;GOOD;GOOD;0
2023-01-21T00:54:02+00:00;370;2,4;4,2;15,4;62,4195;GOOD;GOOD;GOOD;0
2023-01-21T00:55:04+00:00;372;2,6;5,2;15,4;62,4196;GOOD;GOOD;GOOD;0
2023-01-21T00:56:07+00:00;372;2,3;4,3;15,4;62,4197;GOOD;GOOD;GOOD;0
2023-01-21T00:57:10+00:00;372;2,6;6,1;15,4;62,4198;GOOD;GOOD;GOOD;0
2023-01-21T00:58:13+00:00;372;2,5;7,8;15,4;62,4199;GOOD;GOOD;GOOD;0
2023-01-21T00:59:17+00:00;373;2,7;6;15,4;62,42;GOOD;GOOD;GOOD;0
2023-01-21T01:00:19+00:00;372;2,1;5,9;15,4;62,4201;GOOD;GOOD;GOOD;0
2023-01-21T01:01:22+00:00;372;2,3;5,6;15,4;62,4202;GOOD;GOOD;GOOD;0
2023-01-21T01:02:25+00:00;373;2,1;5,7;15,4;62,4203;GOOD;GOOD;GOOD;0
2023-01-21T01:03:27+00:00;374;2,4;5,3;15,4;62,4204;GOOD;GOOD;GOOD;0
2023-01-21T01:04:30+00:00;374;2,2;5;15,4;62,4205;GOOD;GOOD;GOOD;0
2023-01-21T01:05:33+00:00;381;2,5;6,6;15,4;62,4206;GOOD;GOOD;GOOD;0
2023-01-21T01:06:36+00:00;376;2,6;6,9;15,4;62,4207;GOOD;GOOD;GOOD;0
2023-01-21T01:07:39+00:00;375;2,4;5,5;15,4;62,4208;GOOD;GOOD;GOOD;0
2023-01-21T01:08:45+00:00;375;2,1;4;15,4;62,4209;GOOD;GOOD;GOOD;0
2023-01-21T01:09:45+00:00;376;2,3;4,3;15,3;62,421;GOOD;GOOD;GOOD;0
2023-01-21T01:10:48+00:00;375;2;5,4;15,4;62,4211;GOOD;GOOD;GOOD;0
2023-01-21T01:11:51+00:00;376;2;6,7;15,4;62,4212;GOOD;GOOD;GOOD;0
2023-01-21T01:12:54+00:00;376;2;3,8;15,3;62,4213;GOOD;GOOD;GOOD;0
2023-01-21T01:13:56+00:00;382;2,4;5,2;15,3;62,4214;GOOD;GOOD;GOOD;0
2023-01-21T01:14:59+00:00;377;2,3;6;15,4;62,4215;GOOD;GOOD;GOOD;0
2023-01-21T01:16:02+00:00;377;2,1;6,1;15,3;62,4216;GOOD;GOOD;GOOD;0
2023-01-21T01:17:05+00:00;385;2,1;6;15,4;62,4217;GOOD;GOOD;GOOD;0
2023-01-21T01:18:08+00:00;380;2;4,1;15,3;62,4218;GOOD;GOOD;GOOD;0
2023-01-21T01:19:11+00:00;384;2,2;5,6;15,3;62,4219;GOOD;GOOD;GOOD;0
2023-01-21T01:20:13+00:00;384;1,9;4,7;15,3;62,422;GOOD;GOOD;GOOD;0
2023-01-21T01:21:16+00:00;378;1,8;3,7;15,4;62,4221;GOOD;GOOD;GOOD;0
2023-01-21T01:22:19+00:00;378;2;5,8;15,3;62,4222;GOOD;GOOD;GOOD;0
2023-01-21T01:23:22+00:00;385;1,6;4,5;15,3;62,4223;GOOD;GOOD;GOOD;0
2023-01-21T01:24:25+00:00;379;2,1;4,7;15,3;62,4224;GOOD;GOOD;GOOD;0
2023-01-21T01:25:28+00:00;379;2;5,8;15,3;62,4225;GOOD;GOOD;GOOD;0
2023-01-21T01:26:31+00:00;378;2,1;5,5;15,3;62,4226;GOOD;GOOD;GOOD;0
2023-01-21T01:27:35+00:00;378;2,1;5,8;15,3;62,4227;GOOD;GOOD;GOOD;0
2023-01-21T01:28:38+00:00;380;2,2;5,2;15,4;62,4228;GOOD;GOOD;GOOD;0
2023-01-21T01:29:41+00:00;381;2,3;14,2;15,4;62,4229;GOOD;GOOD;GOOD;0
2023-01-21T01:30:43+00:00;380;2,4;8,8;15,3;62,423;GOOD;GOOD;GOOD;0
2023-01-21T01:31:46+00:00;380;2,4;9,3;15,3;62,4231;GOOD;GOOD;GOOD;0
2023-01-21T01:32:49+00:00;380;2;11,8;15,3;62,4232;GOOD;GOOD;GOOD;0
2023-01-21T01:33:51+00:00;380;2,1;8,2;15,3;62,4233;GOOD;GOOD;GOOD;0
2023-01-21T01:34:54+00:00;388;2;7,7;15,3;62,4234;GOOD;GOOD;GOOD;0
2023-01-21T01:35:57+00:00;381;2,2;11,3;15,3;62,4235;GOOD;GOOD;GOOD;0
2023-01-21T01:37:00+00:00;381;1,6;4,5;15,3;62,4236;GOOD;GOOD;GOOD;0
2023-01-21T01:38:03+00:00;382;2;5,7;15,3;62,4237;GOOD;GOOD;GOOD;0
2023-01-21T01:39:05+00:00;382;1,9;6,1;15,3;62,4238;GOOD;GOOD;GOOD;0
2023-01-21T01:40:08+00:00;382;1,8;5,6;15,3;62,4239;GOOD;GOOD;GOOD;0
2023-01-21T01:41:11+00:00;384;2;9,7;15,3;62,424;GOOD;GOOD;GOOD;0
2023-01-21T01:42:14+00:00;390;2;4,1;15,3;62,4241;GOOD;GOOD;GOOD;0
2023-01-21T01:43:17+00:00;385;1,9;7,2;15,3;62,4242;GOOD;GOOD;GOOD;0
2023-01-21T01:44:20+00:00;385;2,5;9,9;15,3;62,4243;GOOD;GOOD;GOOD;0
2023-01-21T01:45:23+00:00;386;2,2;8,5;15,2;62,4244;GOOD;GOOD;GOOD;0
2023-01-21T01:46:25+00:00;390;1,9;8,1;15,3;62,4245;GOOD;GOOD;GOOD;0
2023-01-21T01:47:28+00:00;385;1,9;6,1;15,3;62,4246;GOOD;GOOD;GOOD;0
2023-01-21T01:48:31+00:00;386;2,1;8,2;15,3;62,4247;GOOD;GOOD;GOOD;0
2023-01-21T01:49:34+00:00;386;2;6,2;15,3;62,4248;GOOD;GOOD;GOOD;0
2023-01-21T01:50:37+00:00;387;2,1;5,8;15,3;62,4249;GOOD;GOOD;GOOD;0
2023-01-21T01:51:40+00:00;393;1,8;6,9;15,3;62,425;GOOD;GOOD;GOOD;0
2023-01-21T01:52:42+00:00;386;1,9;5,3;15,2;62,4251;GOOD;GOOD;GOOD;0
2023-01-21T01:53:45+00:00;386;2,3;7,4;15,2;62,4252;GOOD;GOOD;GOOD;0
2023-01-21T01:54:48+00:00;386;1,6;4,4;15,2;62,4253;GOOD;GOOD;GOOD;0
2023-01-21T01:55:51+00:00;387;1,7;6,6;15,3;62,4254;GOOD;GOOD;GOOD;0
2023-01-21T01:56:54+00:00;386;1,8;3,7;15,3;62,4255;GOOD;GOOD;GOOD;0
2023-01-21T01:57:57+00:00;387;1,8;5,3;15,2;62,4256;GOOD;GOOD;GOOD;0
2023-01-21T01:58:59+00:00;387;1,8;6,3;15,3;62,4257;GOOD;GOOD;GOOD;0
2023-01-21T02:00:03+00:00;387;1,8;5,3;15,3;62,4258;GOOD;GOOD;GOOD;0
2023-01-21T02:01:05+00:00;387;1,7;5,8;15,2;62,4259;GOOD;GOOD;GOOD;0
2023-01-21T02:02:08+00:00;387;1,8;6,4;15,2;62,426;GOOD;GOOD;GOOD;0
2023-01-21T02:03:11+00:00;388;1,7;5,3;15,2;62,4261;GOOD;GOOD;GOOD;0
2023-01-21T02:04:14+00:00;394;1,7;4,7;15,2;62,4262;GOOD;GOOD;GOOD;0
2023-01-21T02:05:17+00:00;388;1,6;3,3;15,2;62,4263;GOOD;GOOD;GOOD;0
2023-01-21T02:06:20+00:00;389;1,7;4,7;15,2;62,4264;GOOD;GOOD;GOOD;0
2023-01-21T02:07:23+00:00;389;1,6;4,7;15,2;62,4265;GOOD;GOOD;GOOD;0
2023-01-21T02:08:25+00:00;396;1,8;3,9;15,2;62,4266;GOOD;GOOD;GOOD;0
2023-01-21T02:09:28+00:00;389;1,6;5,8;15,2;62,4267;GOOD;GOOD;GOOD;0
2023-01-21T02:10:31+00:00;396;1,7;5,9;15,2;62,4268;GOOD;GOOD;GOOD;0
2023-01-21T02:11:34+00:00;389;1,8;5,7;15,2;62,4269;GOOD;GOOD;GOOD;0
2023-01-21T02:12:37+00:00;397;1,7;4,3;15,2;62,427;GOOD;GOOD;GOOD;0
2023-01-21T02:13:40+00:00;390;1,4;4,2;15,2;62,4271;GOOD;GOOD;GOOD;0
2023-01-21T02:14:43+00:00;390;1,5;4,7;15,2;62,4272;GOOD;GOOD;GOOD;0
2023-01-21T02:15:45+00:00;398;1,6;4,4;15,2;62,4273;GOOD;GOOD;GOOD;0
2023-01-21T02:16:48+00:00;398;1,7;6,4;15,2;62,4274;GOOD;GOOD;GOOD;0
2023-01-21T02:17:51+00:00;390;1,8;7;15,2;62,4275;GOOD;GOOD;GOOD;0
2023-01-21T02:18:54+00:00;391;1,6;5,9;15,2;62,4276;GOOD;GOOD;GOOD;0
2023-01-21T02:19:57+00:00;398;1,4;3,6;15,2;62,4277;GOOD;GOOD;GOOD;0
2023-01-21T02:21:00+00:00;391;1,4;4,9;15,2;62,4278;GOOD;GOOD;GOOD;0
2023-01-21T02:22:02+00:00;398;1,6;3,9;15,2;62,4279;GOOD;GOOD;GOOD;0
2023-01-21T02:23:05+00:00;399;1,7;5,8;15,2;62,428;GOOD;GOOD;GOOD;0
2023-01-21T02:24:09+00:00;399;1,3;4,8;15,2;62,4281;GOOD;GOOD;GOOD;0
2023-01-21T02:25:11+00:00;400;1,6;5,1;15,2;62,4282;GOOD;GOOD;GOOD;0
2023-01-21T02:26:14+00:00;394;1,3;5,9;15,2;62,4283;GOOD;GOOD;GOOD;0
2023-01-21T02:27:17+00:00;392;1,4;4,5;15,2;62,4284;GOOD;GOOD;GOOD;0
2023-01-21T02:28:20+00:00;400;1,4;3,4;15,2;62,4285;GOOD;GOOD;GOOD;0
2023-01-21T02:29:23+00:00;396;1,5;2,9;15,2;62,4286;GOOD;GOOD;GOOD;0
2023-01-21T02:30:25+00:00;394;1,6;4,7;15,2;62,4287;GOOD;GOOD;GOOD;0
2023-01-21T02:31:28+00:00;392;1,3;3,1;15,1;62,4288;GOOD;GOOD;GOOD;0
2023-01-21T02:32:31+00:00;391;1,3;3,9;15,1;62,4289;GOOD;GOOD;GOOD;0
2023-01-21T02:33:34+00:00;391;1,7;3,7;15,1;62,429;GOOD;GOOD;GOOD;0
2023-01-21T02:34:37+00:00;391;1,4;3,8;15,1;62,4291;GOOD;GOOD;GOOD;0
2023-01-21T02:35:40+00:00;399;1,4;2,9;15,1;62,4292;GOOD;GOOD;GOOD;0
2023-01-21T02:36:43+00:00;391;1,5;3,1;15,1;62,4293;GOOD;GOOD;GOOD;0
2023-01-21T02:37:45+00:00;392;1,6;5,8;15,1;62,4294;GOOD;GOOD;GOOD;0
2023-01-21T02:38:48+00:00;399;1,5;7,3;15,1;62,4295;GOOD;GOOD;GOOD;0
2023-01-21T02:39:51+00:00;392;1,8;4,6;15,1;62,4296;GOOD;GOOD;GOOD;0
2023-01-21T02:40:54+00:00;392;1,8;4;15,1;62,4297;GOOD;GOOD;GOOD;0
2023-01-21T02:41:57+00:00;393;1,4;3,9;15,1;62,4298;GOOD;GOOD;GOOD;0
2023-01-21T02:43:00+00:00;400;1,5;4,2;15,1;62,4299;GOOD;GOOD;GOOD;0
2023-01-21T02:44:03+00:00;392;1,5;4,6;15,1;62,43;GOOD;GOOD;GOOD;0
2023-01-21T02:45:05+00:00;400;1,7;5,5;15,1;62,4301;GOOD;GOOD;GOOD;0
2023-01-21T02:46:08+00:00;393;1,4;5,3;15,1;62,4302;GOOD;GOOD;GOOD;0
2023-01-21T02:47:11+00:00;392;1,5;4,3;15,1;62,4303;GOOD;GOOD;GOOD;0
2023-01-21T02:48:14+00:00;393;1,6;4,2;15,1;62,4304;GOOD;GOOD;GOOD;0
2023-01-21T02:49:17+00:00;393;1,4;4,4;15,1;62,4305;GOOD;GOOD;GOOD;0
2023-01-21T02:50:19+00:00;394;1,4;3,7;15,1;62,4306;GOOD;GOOD;GOOD;0
2023-01-21T02:51:22+00:00;393;1,6;3,4;15,1;62,4307;GOOD;GOOD;GOOD;0
2023-01-21T02:52:25+00:00;401;1,5;4,6;15,1;62,4308;GOOD;GOOD;GOOD;0
2023-01-21T02:53:28+00:00;394;1,4;3,3;15,1;62,4309;GOOD;GOOD;GOOD;0
2023-01-21T02:54:30+00:00;394;1,4;3,5;15,1;62,431;GOOD;GOOD;GOOD;0
2023-01-21T02:55:33+00:00;394;1,4;3,2;15,1;62,4311;GOOD;GOOD;GOOD;0
2023-01-21T02:56:36+00:00;394;1,6;4,9;15,1;62,4312;GOOD;GOOD;GOOD;0
2023-01-21T02:57:39+00:00;396;1,4;4,1;15,1;62,4313;GOOD;GOOD;GOOD;0
2023-01-21T02:58:41+00:00;396;1,2;4;15,1;62,4314;GOOD;GOOD;GOOD;0
2023-01-21T02:59:44+00:00;402;1,4;4,1;15,1;62,4315;GOOD;GOOD;GOOD;0
2023-01-21T03:00:47+00:00;401;1,4;4,8;15,1;62,4316;GOOD;GOOD;GOOD;0
2023-01-21T03:01:50+00:00;394;1,3;4,1;15,1;62,4317;GOOD;GOOD;GOOD;0
2023-01-21T03:02:53+00:00;396;1,4;4,7;15,1;62,4318;GOOD;GOOD;GOOD;0
2023-01-21T03:03:56+00:00;402;1,2;4,1;15,1;62,4319;GOOD;GOOD;GOOD;0
2023-01-21T03:04:59+00:00;398;1,4;3,6;15,1;62,432;GOOD;GOOD;GOOD;0
2023-01-21T03:06:01+00:00;397;1,6;6,3;15,1;62,4321;GOOD;GOOD;GOOD;0
2023-01-21T03:07:04+00:00;397;1,4;4,3;15,1;62,4322;GOOD;GOOD;GOOD;0
2023-01-21T03:08:08+00:00;403;1,2;2,5;15,1;62,4323;GOOD;GOOD;GOOD;0
2023-01-21T03:09:10+00:00;398;1,5;4,5;15,1;62,4324;GOOD;GOOD;GOOD;0
2023-01-21T03:10:13+00:00;397;1,3;4,8;15,1;62,4325;GOOD;GOOD;GOOD;0
2023-01-21T03:11:16+00:00;401;1,4;3,5;15,1;62,4326;GOOD;GOOD;GOOD;0
2023-01-21T03:12:19+00:00;396;1,4;4,3;15,1;62,4327;GOOD;GOOD;GOOD;0
2023-01-21T03:13:21+00:00;402;1,4;4,7;15;62,4328;GOOD;GOOD;GOOD;0
2023-01-21T03:14:24+00:00;396;1,6;6,1;15,1;62,4329;GOOD;GOOD;GOOD;0
2023-01-21T03:15:27+00:00;397;1,3;3,7;15,1;62,433;GOOD;GOOD;GOOD;0
2023-01-21T03:16:33+00:00;398;1,6;4,1;15,1;62,4331;GOOD;GOOD;GOOD;0
2023-01-21T03:17:33+00:00;403;1,4;4,1;15;62,4332;GOOD;GOOD;GOOD;0
2023-01-21T03:18:39+00:00;397;1,3;3,1;15;62,4333;GOOD;GOOD;GOOD;0
2023-01-21T03:19:39+00:00;398;1,2;3,6;15;62,4334;GOOD;GOOD;GOOD;0
2023-01-21T03:20:41+00:00;397;1,2;3,5;15;62,4335;GOOD;GOOD;GOOD;0
2023-01-21T03:21:44+00:00;398;1,2;3,6;15;62,4336;GOOD;GOOD;GOOD;0
2023-01-21T03:22:47+00:00;398;1,4;3,8;15;62,4337;GOOD;GOOD;GOOD;0
2023-01-21T03:23:50+00:00;403;1,2;3,3;15;62,4338;GOOD;GOOD;GOOD;0
2023-01-21T03:24:53+00:00;397;1,4;5;15;62,4339;GOOD;GOOD;GOOD;0
2023-01-21T03:25:56+00:00;398;1,1;4,5;15;62,434;GOOD;GOOD;GOOD;0
2023-01-21T03:26:59+00:00;398;1,3;4,1;15;62,4341;GOOD;GOOD;GOOD;0
2023-01-21T03:28:01+00:00;397;1,3;3,8;15;62,4342;GOOD;GOOD;GOOD;0
2023-01-21T03:29:04+00:00;403;1,3;4,2;15;62,4343;GOOD;GOOD;GOOD;0
2023-01-21T03:30:07+00:00;402;1,1;3,2;15;62,4344;GOOD;GOOD;GOOD;0
2023-01-21T03:31:10+00:00;397;1,1;2,7;15;62,4345;GOOD;GOOD;GOOD;0
2023-01-21T03:32:13+00:00;397;1,2;4;15;62,4346;GOOD;GOOD;GOOD;0
2023-01-21T03:33:16+00:00;398;1,3;5,1;15;62,4347;GOOD;GOOD;GOOD;0
2023-01-21T03:34:19+00:00;397;1,2;4,2;15;62,4348;GOOD;GOOD;GOOD;0
2023-01-21T03:35:21+00:00;404;1,3;4,5;15;62,4349;GOOD;GOOD;GOOD;0
2023-01-21T03:36:24+00:00;403;1,3;5;15;62,435;GOOD;GOOD;GOOD;0
2023-01-21T03:37:27+00:00;399;1,4;4,8;15;62,4351;GOOD;GOOD;GOOD;0
2023-01-21T03:38:30+00:00;398;1,5;7,1;15;62,4352;GOOD;GOOD;GOOD;0
2023-01-21T03:39:33+00:00;404;1,3;3,6;15;62,4353;GOOD;GOOD;GOOD;0
2023-01-21T03:40:36+00:00;398;1,4;4,2;15;62,4354;GOOD;GOOD;GOOD;0
2023-01-21T03:41:39+00:00;399;1,2;3,2;15;62,4355;GOOD;GOOD;GOOD;0
2023-01-21T03:42:42+00:00;399;1,3;3,8;15;62,4356;GOOD;GOOD;GOOD;0
2023-01-21T03:43:44+00:00;399;1,4;3,3;15;62,4357;GOOD;GOOD;GOOD;0
2023-01-21T03:44:47+00:00;398;1,2;3,4;14,9;62,4358;GOOD;GOOD;GOOD;0
2023-01-21T03:45:50+00:00;398;1,4;4;15;62,4359;GOOD;GOOD;GOOD;0
2023-01-21T03:46:53+00:00;398;1,2;3,1;15;62,436;GOOD;GOOD;GOOD;0
2023-01-21T03:47:56+00:00;400;1,4;3,9;14,9;62,4361;GOOD;GOOD;GOOD;0
2023-01-21T03:48:59+00:00;401;1,1;3,7;15;62,4362;GOOD;GOOD;GOOD;0
2023-01-21T03:50:01+00:00;405;1,4;4,7;15;62,4363;GOOD;GOOD;GOOD;0
2023-01-21T03:51:04+00:00;400;1,3;3,6;15;62,4364;GOOD;GOOD;GOOD;0
2023-01-21T03:52:07+00:00;399;1,3;3,8;14,9;62,4365;GOOD;GOOD;GOOD;0
2023-01-21T03:53:10+00:00;399;1,5;3,8;14,9;62,4366;GOOD;GOOD;GOOD;0
2023-01-21T03:54:13+00:00;400;1,3;4,4;14,9;62,4367;GOOD;GOOD;GOOD;0
2023-01-21T03:55:15+00:00;399;1,2;3,8;14,9;62,4368;GOOD;GOOD;GOOD;0
2023-01-21T03:56:18+00:00;399;1,2;3,8;14,9;62,4369;GOOD;GOOD;GOOD;0
2023-01-21T03:57:21+00:00;406;1,2;3,7;14,9;62,437;GOOD;GOOD;GOOD;0
2023-01-21T03:58:24+00:00;400;1,3;5,5;14,9;62,4371;GOOD;GOOD;GOOD;0
2023-01-21T03:59:26+00:00;400;1,8;7,3;14,9;62,4372;GOOD;GOOD;GOOD;0
2023-01-21T04:00:29+00:00;406;1,8;7,8;14,9;62,4373;GOOD;GOOD;GOOD;0
2023-01-21T04:01:32+00:00;401;1,5;6,4;14,9;62,4374;GOOD;GOOD;GOOD;0
2023-01-21T04:02:35+00:00;401;1,2;3,1;14,9;62,4375;GOOD;GOOD;GOOD;0
2023-01-21T04:03:38+00:00;406;1,5;6,3;14,9;62,4376;GOOD;GOOD;GOOD;0
2023-01-21T04:04:41+00:00;401;1,6;5,3;14,9;62,4377;GOOD;GOOD;GOOD;0
2023-01-21T04:05:43+00:00;408;1,5;3,8;14,9;62,4378;GOOD;GOOD;GOOD;0
2023-01-21T04:06:46+00:00;408;1,5;5,2;14,9;62,4379;GOOD;GOOD;GOOD;0
2023-01-21T04:07:49+00:00;401;1,6;4,9;14,9;62,438;GOOD;GOOD;GOOD;0
2023-01-21T04:08:52+00:00;406;1,2;3,5;14,9;62,4381;GOOD;GOOD;GOOD;0
2023-01-21T04:09:55+00:00;408;1,5;5,5;14,9;62,4382;GOOD;GOOD;GOOD;0
2023-01-21T04:10:57+00:00;400;1,6;5,6;14,9;62,4383;GOOD;GOOD;GOOD;0
2023-01-21T04:12:00+00:00;408;1,3;5,8;15;62,4384;GOOD;GOOD;GOOD;0
2023-01-21T04:13:03+00:00;402;1,7;8,5;15;62,4385;GOOD;GOOD;GOOD;0
2023-01-21T04:14:06+00:00;408;1,8;10,4;15;62,4386;GOOD;GOOD;GOOD;0
2023-01-21T04:15:09+00:00;401;1,7;7,1;15;62,4387;GOOD;GOOD;GOOD;0
2023-01-21T04:16:12+00:00;409;1,4;5;15;62,4388;GOOD;GOOD;GOOD;0
2023-01-21T04:17:15+00:00;402;12,1;17,7;14,9;62,4389;GOOD;GOOD;GOOD;0
2023-01-21T04:18:17+00:00;409;8,4;12,8;14,9;62,439;GOOD;GOOD;GOOD;0
2023-01-21T04:19:20+00:00;402;4,7;8,2;14,9;62,4391;GOOD;GOOD;GOOD;0
2023-01-21T04:20:23+00:00;402;13,9;18,8;14,9;62,4392;GOOD;GOOD;GOOD;0
2023-01-21T04:21:26+00:00;409;14,5;22,8;15;62,4393;GOOD;GOOD;GOOD;0
2023-01-21T04:22:28+00:00;410;33,8;330;14,9;62,4394;GOOD;GOOD;Very Unhealthy;1
2023-01-21T04:23:31+00:00;403;34;500;14,9;62,4395;GOOD;GOOD;Very Unhealthy;1
2023-01-21T04:24:34+00:00;402;44,1;550;14,9;62,4396;GOOD;GOOD;Very Unhealthy;1
2023-01-21T04:25:37+00:00;403;41,6;300;14,9;62,4397;GOOD;GOOD;Very Unhealthy;1
2023-01-21T04:26:39+00:00;404;35,9;453;14,9;62,4398;GOOD;GOOD;Very Unhealthy;1
2023-01-21T04:27:42+00:00;411;30,7;456;14,9;62,4399;GOOD;GOOD;Very Unhealthy;1
2023-01-21T04:28:45+00:00;405;35;674;14,9;62,44;GOOD;GOOD;Very Unhealthy;1
2023-01-21T04:29:48+00:00;406;37,9;444;14,9;62,4401;GOOD;GOOD;Very Unhealthy;1
2023-01-21T04:30:51+00:00;402;37,3;700;14,9;62,4402;GOOD;GOOD;Very Unhealthy;1
2023-01-21T04:31:54+00:00;403;41,3;500;14,9;62,4403;GOOD;GOOD;Very Unhealthy;1
2023-01-21T04:32:56+00:00;404;42,3;601;14,9;62,4404;GOOD;GOOD;Very Unhealthy;1
2023-01-21T04:33:59+00:00;404;42,9;700;14,9;62,4405;GOOD;GOOD;Very Unhealthy;1
2023-01-21T04:35:02+00:00;410;56,4;444;15;62,4406;GOOD;GOOD;Very Unhealthy;1
2023-01-21T04:36:05+00:00;404;45,2;444;15;62,4407;GOOD;GOOD;Very Unhealthy;1
2023-01-21T04:37:08+00:00;403;47,1;367;15;62,4408;GOOD;GOOD;Very Unhealthy;1
2023-01-21T04:38:11+00:00;412;42,5;376;14,9;62,4409;GOOD;GOOD;Very Unhealthy;1
2023-01-21T04:39:14+00:00;413;42,3;666;14,9;62,441;GOOD;GOOD;Very Unhealthy;1
2023-01-21T04:40:16+00:00;408;43,6;880;14,8;62,4411;GOOD;GOOD;Very Unhealthy;1
2023-01-21T04:41:19+00:00;416;55,5;666;14,7;62,4412;GOOD;GOOD;Very Unhealthy;1
2023-01-21T04:42:22+00:00;409;55,9;466;14,7;62,4413;GOOD;GOOD;Very Unhealthy;1
2023-01-21T04:43:25+00:00;400;61,7;399;14,7;62,4414;GOOD;GOOD;Very Unhealthy;1
2023-01-21T04:44:28+00:00;406;62,7;200;14,6;62,4415;GOOD;GOOD;Moderate;1
2023-01-21T04:45:30+00:00;406;66,7;200;14,7;62,4416;GOOD;Moderate;Moderate;1
2023-01-21T04:46:33+00:00;404;69,1;200;14,7;62,4417;GOOD;Moderate;Moderate;1
2023-01-21T04:47:36+00:00;409;66,6;200;14,7;62,4418;GOOD;Moderate;Moderate;1
2023-01-21T04:48:39+00:00;409;65,4;200;14,7;62,4419;GOOD;Moderate;Moderate;1
2023-01-21T04:49:42+00:00;408;56,1;200;14,7;62,442;GOOD;GOOD;Moderate;1
2023-01-21T04:50:45+00:00;408;51,7;200;14,8;62,4421;GOOD;GOOD;Moderate;1
2023-01-21T04:51:48+00:00;411;49,9;200;14,8;62,4422;GOOD;GOOD;Moderate;1
2023-01-21T04:52:51+00:00;405;49,5;200;14,8;62,4423;GOOD;GOOD;Moderate;1
2023-01-21T04:53:53+00:00;410;44,7;200;14,8;62,4424;GOOD;GOOD;Moderate;1
2023-01-21T04:54:56+00:00;411;43,9;200;14,8;62,4425;GOOD;GOOD;Moderate;1
2023-01-21T04:55:59+00:00;414;43,6;200;14,8;62,4426;GOOD;GOOD;Moderate;1
2023-01-21T04:57:02+00:00;415;41;200;14,8;62,4427;GOOD;GOOD;Moderate;1
2023-01-21T04:58:05+00:00;410;37,8;200;14,8;62,4428;GOOD;GOOD;Moderate;1
2023-01-21T04:59:07+00:00;401;38,5;200;14,8;62,4429;GOOD;GOOD;Moderate;1
2023-01-21T05:00:10+00:00;406;37,2;200;14,8;62,443;GOOD;GOOD;Moderate;1
2023-01-21T05:01:13+00:00;414;39,4;200;14,9;62,4431;GOOD;GOOD;Moderate;1
2023-01-21T05:02:16+00:00;406;35,6;200;14,9;62,4432;GOOD;GOOD;Moderate;1
2023-01-21T05:03:18+00:00;406;33,8;200;14,8;62,4433;GOOD;GOOD;Moderate;1
2023-01-21T05:04:21+00:00;409;40,5;200;14,9;62,4434;GOOD;GOOD;Moderate;1
2023-01-21T05:05:24+00:00;415;38,2;200;14,8;62,4435;GOOD;GOOD;Moderate;1
2023-01-21T05:06:27+00:00;416;38,7;200;14,9;62,4436;GOOD;GOOD;Moderate;1
2023-01-21T05:07:30+00:00;422;37,1;200;14,9;62,4437;GOOD;GOOD;Moderate;1
2023-01-21T05:08:32+00:00;411;39,1;200;15;62,4438;GOOD;GOOD;Moderate;1
2023-01-21T05:09:35+00:00;418;35,3;200;14,9;62,4439;GOOD;GOOD;Moderate;1
2023-01-21T05:10:38+00:00;414;32,8;200;15;62,444;GOOD;GOOD;Moderate;1
2023-01-21T05:11:41+00:00;413;30,5;200;15;62,4441;GOOD;GOOD;Moderate;1
2023-01-21T05:12:44+00:00;414;28,9;200;15;62,4442;GOOD;GOOD;Moderate;1
2023-01-21T05:13:47+00:00;415;26,9;200;15;62,4443;GOOD;GOOD;Moderate;1
2023-01-21T05:14:49+00:00;421;26,5;200;15;62,4444;GOOD;GOOD;Moderate;1
2023-01-21T05:15:52+00:00;411;25;200;15;62,4445;GOOD;GOOD;Moderate;1
2023-01-21T05:16:55+00:00;410;27,2;200;14,9;62,4446;GOOD;GOOD;Moderate;1
2023-01-21T05:17:58+00:00;411;27,9;200;15;62,4447;GOOD;GOOD;Moderate;1
2023-01-21T05:19:00+00:00;411;30,7;200;15;62,4448;GOOD;GOOD;Moderate;1
2023-01-21T05:20:04+00:00;417;28,5;200;15;62,4449;GOOD;GOOD;Moderate;1
2023-01-21T05:21:06+00:00;412;22,2;200;15,1;62,445;GOOD;GOOD;Moderate;1
2023-01-21T05:22:10+00:00;402;16,5;200;15,1;62,4451;GOOD;GOOD;Moderate;1
2023-01-21T05:23:12+00:00;409;17,8;200;15,1;62,4452;GOOD;GOOD;Moderate;1
2023-01-21T05:24:15+00:00;406;18,8;200;15,1;62,4453;GOOD;GOOD;Moderate;1
2023-01-21T05:25:18+00:00;414;21,6;200;15,1;62,4454;GOOD;GOOD;Moderate;1
2023-01-21T05:26:21+00:00;403;24,6;200;15,1;62,4455;GOOD;GOOD;Moderate;1
2023-01-21T05:27:24+00:00;410;26,2;200;15;62,4456;GOOD;GOOD;Moderate;1
2023-01-21T05:28:27+00:00;402;21,9;200;15,1;62,4457;GOOD;GOOD;Moderate;1
2023-01-21T05:29:29+00:00;402;20,5;200;15,1;62,4458;GOOD;GOOD;Moderate;1
2023-01-21T05:30:32+00:00;402;23,1;200;15,1;62,4459;GOOD;GOOD;Moderate;1
2023-01-21T05:31:35+00:00;409;29,4;200;15,2;62,446;GOOD;GOOD;Moderate;1
2023-01-21T05:32:37+00:00;411;18,3;200;15,2;62,4461;GOOD;GOOD;Moderate;1
2023-01-21T05:33:40+00:00;403;16,7;200;15,2;62,4462;GOOD;GOOD;Moderate;1
2023-01-21T05:34:43+00:00;406;17,4;200;15,2;62,4463;GOOD;GOOD;Moderate;1
2023-01-21T05:35:46+00:00;410;17,6;200;15,2;62,4464;GOOD;GOOD;Moderate;1
2023-01-21T05:36:49+00:00;406;16;200;15,1;62,4465;GOOD;GOOD;Moderate;1
2023-01-21T05:37:51+00:00;408;15,4;200;15,1;62,4466;GOOD;GOOD;Moderate;1
2023-01-21T05:38:54+00:00;405;15,4;200;15,1;62,4467;GOOD;GOOD;Moderate;1
2023-01-21T05:39:57+00:00;402;16;200;15,1;62,4468;GOOD;GOOD;Moderate;1
2023-01-21T05:41:00+00:00;402;16,6;200;15,1;62,4469;GOOD;GOOD;Moderate;1
2023-01-21T05:42:03+00:00;403;14,8;200;15;62,447;GOOD;GOOD;Moderate;1
2023-01-21T05:43:06+00:00;410;14;200;15;62,4471;GOOD;GOOD;Moderate;1
2023-01-21T05:44:09+00:00;405;14;200;15;62,4472;GOOD;GOOD;Moderate;1
2023-01-21T05:45:11+00:00;403;14,7;200;15;62,4473;GOOD;GOOD;Moderate;1
2023-01-21T05:46:15+00:00;397;14,7;200;15;62,4474;GOOD;GOOD;Moderate;1
2023-01-21T05:47:17+00:00;401;14,1;200;15;62,4475;GOOD;GOOD;Moderate;1
2023-01-21T05:48:20+00:00;402;13,4;200;15;62,4476;GOOD;GOOD;Moderate;1
2023-01-21T05:49:23+00:00;410;13;200;15;62,4477;GOOD;GOOD;Moderate;1
2023-01-21T05:50:26+00:00;404;12,5;200;15;62,4478;GOOD;GOOD;Moderate;1
2023-01-21T05:51:29+00:00;406;13,7;200;15;62,4479;GOOD;GOOD;Moderate;1
2023-01-21T05:52:31+00:00;411;13,4;200;15;62,448;GOOD;GOOD;Moderate;1
2023-01-21T05:53:34+00:00;404;12,6;200;15;62,4481;GOOD;GOOD;Moderate;1
2023-01-21T05:54:37+00:00;404;12;200;15;62,4482;GOOD;GOOD;Moderate;1
2023-01-21T05:55:40+00:00;411;11,7;200;15;62,4483;GOOD;GOOD;Moderate;1
2023-01-21T05:56:43+00:00;403;11,5;200;15;62,4484;GOOD;GOOD;Moderate;1
2023-01-21T05:57:46+00:00;408;11,3;200;15,1;62,4485;GOOD;GOOD;Moderate;1
2023-01-21T05:58:49+00:00;388;10,6;200;15,1;62,4486;GOOD;GOOD;Moderate;1
2023-01-21T05:59:51+00:00;408;9,8;200;15;62,4487;GOOD;GOOD;Moderate;1
2023-01-21T06:00:54+00:00;405;10,1;200;15;62,4488;GOOD;GOOD;Moderate;1
2023-01-21T06:01:57+00:00;400;9,8;200;15;62,4489;GOOD;GOOD;Moderate;1
2023-01-21T06:03:00+00:00;410;9,5;200;15;62,449;GOOD;GOOD;Moderate;1
2023-01-21T06:04:03+00:00;399;9,2;200;15;62,4491;GOOD;GOOD;Moderate;1
2023-01-21T06:05:06+00:00;396;9,6;200;15;62,4492;GOOD;GOOD;Moderate;1
2023-01-21T06:06:08+00:00;398;9,2;200;15,1;62,4493;GOOD;GOOD;Moderate;1
2023-01-21T06:07:11+00:00;404;12,7;200;15;62,4494;GOOD;GOOD;Moderate;1
2023-01-21T06:08:14+00:00;400;11,6;200;14,6;62,4495;GOOD;GOOD;Moderate;1
2023-01-21T06:09:17+00:00;408;12;200;14,5;62,4496;GOOD;GOOD;Moderate;1
2023-01-21T06:10:19+00:00;406;13,5;200;14,6;62,4497;GOOD;GOOD;Moderate;1
2023-01-21T06:11:22+00:00;399;16,7;200;14,5;62,4498;GOOD;GOOD;Moderate;1
2023-01-21T06:12:25+00:00;410;25,5;200;14,6;62,4499;GOOD;GOOD;Moderate;1
2023-01-21T06:13:28+00:00;401;25,1;45,6;14,7;62,45;GOOD;GOOD;GOOD;0
2023-01-21T06:14:30+00:00;401;23,8;38,1;14,7;62,4501;GOOD;GOOD;GOOD;0
2023-01-21T06:15:33+00:00;405;23,2;39,5;14,8;62,4502;GOOD;GOOD;GOOD;0
2023-01-21T06:16:36+00:00;403;23,5;37,6;14,8;62,4503;GOOD;GOOD;GOOD;0
2023-01-21T06:17:39+00:00;405;17,4;37,2;14,8;62,4504;GOOD;GOOD;GOOD;0
2023-01-21T06:18:42+00:00;398;15,4;31,8;14,8;62,4505;GOOD;GOOD;GOOD;0
2023-01-21T06:19:45+00:00;398;13,6;29,7;14,8;62,4506;GOOD;GOOD;GOOD;0
2023-01-21T06:20:47+00:00;399;14,8;39,3;14,8;62,4507;GOOD;GOOD;GOOD;0
2023-01-21T06:21:50+00:00;393;14,7;41,9;14,8;62,4508;GOOD;GOOD;GOOD;0
2023-01-21T06:22:53+00:00;392;17,3;72,7;14,9;62,4509;GOOD;GOOD;GOOD;0
2023-01-21T06:23:56+00:00;394;15,9;55,2;14,8;62,451;GOOD;GOOD;GOOD;0
2023-01-21T06:24:58+00:00;398;15,2;51,7;14,8;62,4511;GOOD;GOOD;GOOD;0
2023-01-21T06:26:01+00:00;400;14,2;43,4;14,8;62,4512;GOOD;GOOD;GOOD;0
2023-01-21T06:27:04+00:00;409;12,8;36,8;14,5;62,4513;GOOD;GOOD;GOOD;0
2023-01-21T06:28:07+00:00;404;11,8;39,8;14,5;62,4514;GOOD;GOOD;GOOD;0
2023-01-21T06:29:09+00:00;406;11,8;35,9;14,6;62,4515;GOOD;GOOD;GOOD;0
2023-01-21T06:30:12+00:00;410;11,9;36;14,6;62,4516;GOOD;GOOD;GOOD;0
2023-01-21T06:31:15+00:00;408;11,6;35,3;14,7;62,4517;GOOD;GOOD;GOOD;0
2023-01-21T06:32:18+00:00;408;12,5;38,3;14,7;62,4518;GOOD;GOOD;GOOD;0
2023-01-21T06:33:21+00:00;415;11;32,1;14,8;62,4519;GOOD;GOOD;GOOD;0
2023-01-21T06:34:24+00:00;409;11,7;33,7;14,8;62,452;GOOD;GOOD;GOOD;0
2023-01-21T06:35:26+00:00;410;11,3;28,8;14,8;62,4521;GOOD;GOOD;GOOD;0
2023-01-21T06:36:29+00:00;410;11,2;37,7;14,9;62,4522;GOOD;GOOD;GOOD;0
2023-01-21T06:37:32+00:00;410;10,7;46,3;14,8;62,4523;GOOD;GOOD;GOOD;0
2023-01-21T06:38:35+00:00;411;10,8;53,1;14,7;62,4524;GOOD;GOOD;GOOD;0
2023-01-21T06:39:38+00:00;410;10,3;42,6;14,8;62,4525;GOOD;GOOD;GOOD;0
2023-01-21T06:40:41+00:00;410;9,8;42,1;14,8;62,4526;GOOD;GOOD;GOOD;0
2023-01-21T06:41:43+00:00;410;10,1;43,3;14,8;62,4527;GOOD;GOOD;GOOD;0
2023-01-21T06:42:46+00:00;410;9,1;35,1;14,9;62,4528;GOOD;GOOD;GOOD;0
2023-01-21T06:43:49+00:00;417;9;32,9;14,9;62,4529;GOOD;GOOD;GOOD;0
2023-01-21T06:44:52+00:00;411;10,1;26,6;14,9;62,453;GOOD;GOOD;GOOD;0
2023-01-21T06:45:55+00:00;418;23,4;47;14,8;62,4531;GOOD;GOOD;GOOD;0
2023-01-21T06:46:58+00:00;418;27,1;46,7;14,3;62,4532;GOOD;GOOD;GOOD;0
2023-01-21T06:48:01+00:00;417;34,7;58,1;14,4;62,4533;GOOD;GOOD;GOOD;0
2023-01-21T06:49:04+00:00;412;39,5;60,7;14,4;62,4534;GOOD;GOOD;GOOD;0
2023-01-21T06:50:06+00:00;418;37,5;60,8;14,5;62,4535;GOOD;GOOD;GOOD;0
2023-01-21T06:51:09+00:00;409;39,2;62;14,5;62,4536;GOOD;GOOD;GOOD;0
2023-01-21T06:52:12+00:00;408;45,9;67,1;14,6;62,4537;GOOD;GOOD;GOOD;0
2023-01-21T06:53:15+00:00;413;29,6;51,2;14,7;62,4538;GOOD;GOOD;GOOD;0
2023-01-21T06:54:18+00:00;427;26,2;43,5;14,7;62,4539;GOOD;GOOD;GOOD;0
2023-01-21T06:55:21+00:00;426;23,5;43;14,7;62,454;GOOD;GOOD;GOOD;0
2023-01-21T06:56:24+00:00;416;24,4;49,6;14,8;62,4541;GOOD;GOOD;GOOD;0
2023-01-21T06:57:26+00:00;416;24,6;42,7;14,8;62,4542;GOOD;GOOD;GOOD;0
2023-01-21T06:58:29+00:00;413;25,5;46,7;14,8;62,4543;GOOD;GOOD;GOOD;0
2023-01-21T06:59:32+00:00;414;25,8;46,6;14,8;62,4544;GOOD;GOOD;GOOD;0
2023-01-21T07:00:35+00:00;414;26,5;44,4;14,8;62,4545;GOOD;GOOD;GOOD;0
2023-01-21T07:01:38+00:00;415;26,8;48,2;14,9;62,4546;GOOD;GOOD;GOOD;0
2023-01-21T07:02:40+00:00;412;29,2;50,2;14,9;62,4547;GOOD;GOOD;GOOD;0
2023-01-21T07:03:45+00:00;411;27,6;41;14,9;62,4548;GOOD;GOOD;GOOD;0
2023-01-21T07:04:46+00:00;409;27,5;43,5;14,9;62,4549;GOOD;GOOD;GOOD;0
2023-01-21T07:05:49+00:00;405;26,1;43,1;14,9;62,455;GOOD;GOOD;GOOD;0
2023-01-21T07:06:51+00:00;404;27,9;43,3;14,9;62,4551;GOOD;GOOD;GOOD;0
2023-01-21T07:07:54+00:00;409;27,4;46,9;14,9;62,4552;GOOD;GOOD;GOOD;0
2023-01-21T07:08:57+00:00;416;27,1;44,2;15;62,4553;GOOD;GOOD;GOOD;0
2023-01-21T07:10:00+00:00;410;26,8;42,1;15;62,4554;GOOD;GOOD;GOOD;0
2023-01-21T07:11:03+00:00;410;25,6;39,7;14,9;62,4555;GOOD;GOOD;GOOD;0
2023-01-21T07:12:05+00:00;410;25,2;40;14,9;62,4556;GOOD;GOOD;GOOD;0
2023-01-21T07:13:08+00:00;410;24,9;41,5;14,9;62,4557;GOOD;GOOD;GOOD;0
2023-01-21T07:14:12+00:00;409;24,4;42,5;14,9;62,4558;GOOD;GOOD;GOOD;0
2023-01-21T07:15:15+00:00;409;24,4;35,7;14,8;62,4559;GOOD;GOOD;GOOD;0
2023-01-21T07:16:17+00:00;409;20,8;35,8;14,8;62,456;GOOD;GOOD;GOOD;0
2023-01-21T07:17:20+00:00;408;20,9;32,5;14,7;62,4561;GOOD;GOOD;GOOD;0
2023-01-21T07:18:23+00:00;408;20,5;34,8;14,7;62,4562;GOOD;GOOD;GOOD;0
2023-01-21T07:19:26+00:00;409;17,8;31,6;14,6;62,4563;GOOD;GOOD;GOOD;0
2023-01-21T07:20:29+00:00;406;18,3;31,8;14,6;62,4564;GOOD;GOOD;GOOD;0
2023-01-21T07:21:32+00:00;406;16;27,9;14,6;62,4565;GOOD;GOOD;GOOD;0
2023-01-21T07:22:34+00:00;406;16;25,8;14,6;62,4566;GOOD;GOOD;GOOD;0
2023-01-21T07:23:37+00:00;414;16,1;26,2;14,6;62,4567;GOOD;GOOD;GOOD;0
2023-01-21T07:24:40+00:00;413;15;29,7;14,6;62,4568;GOOD;GOOD;GOOD;0
2023-01-21T07:25:43+00:00;413;16,3;24,8;14,6;62,4569;GOOD;GOOD;GOOD;0
2023-01-21T07:26:46+00:00;414;16,8;32,7;14,6;62,457;GOOD;GOOD;GOOD;0
2023-01-21T07:27:48+00:00;414;15,5;24,4;14,7;62,4571;GOOD;GOOD;GOOD;0
2023-01-21T07:28:51+00:00;408;15;26,9;14,7;62,4572;GOOD;GOOD;GOOD;0
2023-01-21T07:29:54+00:00;408;16;36;14,7;62,4573;GOOD;GOOD;GOOD;0
2023-01-21T07:30:57+00:00;413;14,7;25,9;14,8;62,4574;GOOD;GOOD;GOOD;0
2023-01-21T07:32:00+00:00;406;14,8;26,9;14,8;62,4575;GOOD;GOOD;GOOD;0
2023-01-21T07:33:03+00:00;405;14,3;26,3;14,8;62,4576;GOOD;GOOD;GOOD;0
2023-01-21T07:34:05+00:00;411;14,6;27,5;14,8;62,4577;GOOD;GOOD;GOOD;0
2023-01-21T07:35:08+00:00;405;14,2;25,5;14,8;62,4578;GOOD;GOOD;GOOD;0
2023-01-21T07:36:11+00:00;406;12,8;23,2;14,9;62,4579;GOOD;GOOD;GOOD;0
2023-01-21T07:37:13+00:00;412;13;25,3;14,9;62,458;GOOD;GOOD;GOOD;0
2023-01-21T07:38:16+00:00;406;12,5;19,6;14,8;62,4581;GOOD;GOOD;GOOD;0
2023-01-21T07:39:20+00:00;406;11,5;18,6;14,8;62,4582;GOOD;GOOD;GOOD;0
2023-01-21T07:40:23+00:00;403;11,8;22,8;14,7;62,4583;GOOD;GOOD;GOOD;0
2023-01-21T07:41:25+00:00;405;11,2;19,6;14,7;62,4584;GOOD;GOOD;GOOD;0
2023-01-21T07:42:29+00:00;404;11,3;19,2;14,7;62,4585;GOOD;GOOD;GOOD;0
2023-01-21T07:43:31+00:00;402;9,5;17;14,7;62,4586;GOOD;GOOD;GOOD;0
2023-01-21T07:44:34+00:00;401;10,1;18,7;14,7;62,4587;GOOD;GOOD;GOOD;0
2023-01-21T07:45:37+00:00;402;10;18,1;14,7;62,4588;GOOD;GOOD;GOOD;0
2023-01-21T07:46:40+00:00;410;8,8;16,2;14,6;62,4589;GOOD;GOOD;GOOD;0
2023-01-21T07:47:43+00:00;402;9;18,6;14,6;62,459;GOOD;GOOD;GOOD;0
2023-01-21T07:48:46+00:00;402;9,7;20,5;14,6;62,4591;GOOD;GOOD;GOOD;0
2023-01-21T07:49:49+00:00;400;8,7;14,9;14,6;62,4592;GOOD;GOOD;GOOD;0
2023-01-21T07:50:52+00:00;401;8,7;15,7;14,6;62,4593;GOOD;GOOD;GOOD;0
2023-01-21T07:51:54+00:00;401;8,3;14,4;14,6;62,4594;GOOD;GOOD;GOOD;0
2023-01-21T07:52:57+00:00;402;8,4;17,2;14,6;62,4595;GOOD;GOOD;GOOD;0
2023-01-21T07:54:00+00:00;402;8,3;16,1;14,6;62,4596;GOOD;GOOD;GOOD;0
2023-01-21T07:55:03+00:00;402;7,9;14;14,7;62,4597;GOOD;GOOD;GOOD;0
2023-01-21T07:56:06+00:00;402;8,2;14,6;14,7;62,4598;GOOD;GOOD;GOOD;0
2023-01-21T07:57:08+00:00;410;7,9;14,3;14,7;62,4599;GOOD;GOOD;GOOD;0
2023-01-21T07:58:11+00:00;402;7,3;12,1;14,7;62,46;GOOD;GOOD;GOOD;0
2023-01-21T07:59:14+00:00;402;7,1;14;14,8;62,4601;GOOD;GOOD;GOOD;0
2023-01-21T08:00:17+00:00;402;7,4;18,5;14,8;62,4602;GOOD;GOOD;GOOD;0
2023-01-21T08:01:20+00:00;401;6,8;14,4;14,8;62,4603;GOOD;GOOD;GOOD;0
2023-01-21T08:02:22+00:00;400;6,9;12,6;14,8;62,4604;GOOD;GOOD;GOOD;0
2023-01-21T08:03:25+00:00;400;6,3;13,1;14,8;62,4605;GOOD;GOOD;GOOD;0
2023-01-21T08:04:28+00:00;400;7;13,7;14,8;62,4606;GOOD;GOOD;GOOD;0
2023-01-21T08:05:31+00:00;406;6,7;14,4;14,8;62,4607;GOOD;GOOD;GOOD;0
2023-01-21T08:06:34+00:00;400;6,2;12,3;14,8;62,4608;GOOD;GOOD;GOOD;0
2023-01-21T08:07:39+00:00;400;6,3;11,9;14,8;62,4609;GOOD;GOOD;GOOD;0
2023-01-21T08:08:40+00:00;400;6,2;14,3;14,8;62,461;GOOD;GOOD;GOOD;0
2023-01-21T08:09:42+00:00;399;5,8;11,6;14,8;62,4611;GOOD;GOOD;GOOD;0
2023-01-21T08:10:45+00:00;400;5,9;11,4;14,8;62,4612;GOOD;GOOD;GOOD;0
2023-01-21T08:11:48+00:00;405;5,8;14,8;14,9;62,4613;GOOD;GOOD;GOOD;0
2023-01-21T08:12:51+00:00;399;5,3;8,7;14,8;62,4614;GOOD;GOOD;GOOD;0
2023-01-21T08:13:54+00:00;399;5,5;11,5;14,8;62,4615;GOOD;GOOD;GOOD;0
2023-01-21T08:14:57+00:00;399;6,2;11,5;14,8;62,4616;GOOD;GOOD;GOOD;0
2023-01-21T08:16:00+00:00;397;5,3;12,3;14,8;62,4617;GOOD;GOOD;GOOD;0
2023-01-21T08:17:02+00:00;397;5,2;9,9;14,8;62,4618;GOOD;GOOD;GOOD;0
2023-01-21T08:18:05+00:00;397;5,1;11,3;14,8;62,4619;GOOD;GOOD;GOOD;0
2023-01-21T08:19:08+00:00;397;5;9,9;14,8;62,462;GOOD;GOOD;GOOD;0
2023-01-21T08:20:11+00:00;397;5,1;10,5;14,8;62,4621;GOOD;GOOD;GOOD;0
2023-01-21T08:21:14+00:00;398;4,7;9,3;14,8;62,4622;GOOD;GOOD;GOOD;0
2023-01-21T08:22:17+00:00;399;5,4;10,8;14,8;62,4623;GOOD;GOOD;GOOD;0
2023-01-21T08:23:19+00:00;398;4,9;9;14,7;62,4624;GOOD;GOOD;GOOD;0
2023-01-21T08:24:22+00:00;393;4,6;9,3;14,7;62,4625;GOOD;GOOD;GOOD;0
2023-01-21T08:25:25+00:00;396;4,8;11,2;14,8;62,4626;GOOD;GOOD;GOOD;0
2023-01-21T08:26:28+00:00;397;4,8;8,8;14,7;62,4627;GOOD;GOOD;GOOD;0
2023-01-21T08:27:31+00:00;404;4,4;8,3;14,7;62,4628;GOOD;GOOD;GOOD;0
2023-01-21T08:28:33+00:00;398;4,6;9,7;14,7;62,4629;GOOD;GOOD;GOOD;0
2023-01-21T08:29:36+00:00;397;4,8;10,6;14,7;62,463;GOOD;GOOD;GOOD;0
2023-01-21T08:30:39+00:00;397;4,4;10,7;14,6;62,4631;GOOD;GOOD;GOOD;0
2023-01-21T08:31:42+00:00;398;4,4;11,2;14,6;62,4632;GOOD;GOOD;GOOD;0
2023-01-21T08:32:44+00:00;399;3,9;9,2;14,6;62,4633;GOOD;GOOD;GOOD;0
2023-01-21T08:33:47+00:00;399;4,4;11,4;14,5;62,4634;GOOD;GOOD;GOOD;0
2023-01-21T08:34:50+00:00;400;3,9;11,6;14,5;62,4635;GOOD;GOOD;GOOD;0
2023-01-21T08:35:53+00:00;401;4;12,1;14,5;62,4636;GOOD;GOOD;GOOD;0
2023-01-21T08:36:56+00:00;403;3,7;11,2;14,5;62,4637;GOOD;GOOD;GOOD;0
2023-01-21T08:37:59+00:00;392;4,2;10,2;14,5;62,4638;GOOD;GOOD;GOOD;0
2023-01-21T08:39:01+00:00;391;3,8;12,4;14,5;62,4639;GOOD;GOOD;GOOD;0
2023-01-21T08:40:04+00:00;391;3,8;13,3;14,5;62,464;GOOD;GOOD;GOOD;0
2023-01-21T08:41:07+00:00;390;3,8;12,9;14,6;62,4641;GOOD;GOOD;GOOD;0
2023-01-21T08:42:10+00:00;391;3,7;13,7;14,6;62,4642;GOOD;GOOD;GOOD;0
2023-01-21T08:43:13+00:00;391;4;14,4;14,6;62,4643;GOOD;GOOD;GOOD;0
2023-01-21T08:44:16+00:00;391;3,7;10,5;14,6;62,4644;GOOD;GOOD;GOOD;0
2023-01-21T08:45:18+00:00;398;3,6;9,6;14,6;62,4645;GOOD;GOOD;GOOD;0
2023-01-21T08:46:21+00:00;390;3,7;13,1;14,7;62,4646;GOOD;GOOD;GOOD;0
2023-01-21T08:47:24+00:00;390;3,5;9,7;14,7;62,4647;GOOD;GOOD;GOOD;0
2023-01-21T08:48:27+00:00;389;3,6;11,4;14,8;62,4648;GOOD;GOOD;GOOD;0
2023-01-21T08:49:30+00:00;389;3,5;9,5;14,8;62,4649;GOOD;GOOD;GOOD;0
2023-01-21T08:50:33+00:00;389;3,7;8,8;14,8;62,465;GOOD;GOOD;GOOD;0
2023-01-21T08:51:36+00:00;389;3,4;8,5;14,8;62,4651;GOOD;GOOD;GOOD;0
2023-01-21T08:52:38+00:00;389;3,3;9,5;14,8;62,4652;GOOD;GOOD;GOOD;0
2023-01-21T08:53:41+00:00;389;3;9,2;14,8;62,4653;GOOD;GOOD;GOOD;0
2023-01-21T08:54:44+00:00;389;3,1;9;14,8;62,4654;GOOD;GOOD;GOOD;0
2023-01-21T08:55:47+00:00;390;3,5;9,6;14,9;62,4655;GOOD;GOOD;GOOD;0
2023-01-21T08:56:50+00:00;390;3,2;10;14,9;62,4656;GOOD;GOOD;GOOD;0
2023-01-21T08:57:53+00:00;390;3,4;9,2;14,9;62,4657;GOOD;GOOD;GOOD;0
2023-01-21T08:58:56+00:00;390;2,8;8,6;14,9;62,4658;GOOD;GOOD;GOOD;0
2023-01-21T08:59:59+00:00;391;3,2;11,8;14,9;62,4659;GOOD;GOOD;GOOD;0
2023-01-21T09:01:02+00:00;394;2,8;8,6;15;62,466;GOOD;GOOD;GOOD;0
2023-01-21T09:02:04+00:00;400;3,1;9,6;14,9;62,4661;GOOD;GOOD;GOOD;0
2023-01-21T09:03:07+00:00;391;2,6;5,9;15;62,4662;GOOD;GOOD;GOOD;0
2023-01-21T09:04:10+00:00;389;2,8;11,1;15;62,4663;GOOD;GOOD;GOOD;0
2023-01-21T09:05:13+00:00;389;3;9,7;15;62,4664;GOOD;GOOD;GOOD;0
2023-01-21T09:06:16+00:00;388;2,6;8,3;15;62,4665;GOOD;GOOD;GOOD;0
2023-01-21T09:07:18+00:00;388;2,8;7,5;15;62,4666;GOOD;GOOD;GOOD;0
2023-01-21T09:08:21+00:00;388;3;9,9;15;62,4667;GOOD;GOOD;GOOD;0
2023-01-21T09:09:24+00:00;388;2,6;6,8;15;62,4668;GOOD;GOOD;GOOD;0
2023-01-21T09:10:27+00:00;388;2,7;9,9;15;62,4669;GOOD;GOOD;GOOD;0
2023-01-21T09:11:30+00:00;388;3;9,4;15;62,467;GOOD;GOOD;GOOD;0
2023-01-21T09:12:33+00:00;388;3;9,3;15;62,4671;GOOD;GOOD;GOOD;0
2023-01-21T09:13:36+00:00;388;2,2;8,4;15;62,4672;GOOD;GOOD;GOOD;0
2023-01-21T09:14:38+00:00;388;2,5;7,9;15;62,4673;GOOD;GOOD;GOOD;0
2023-01-21T09:15:41+00:00;388;2,4;8,6;15;62,4674;GOOD;GOOD;GOOD;0
2023-01-21T09:16:44+00:00;388;2,6;9,8;15;62,4675;GOOD;GOOD;GOOD;0
2023-01-21T09:17:47+00:00;388;2,4;9;15;62,4676;GOOD;GOOD;GOOD;0
2023-01-21T09:18:50+00:00;388;2,5;10,4;14,9;62,4677;GOOD;GOOD;GOOD;0
2023-01-21T09:19:53+00:00;388;2,2;7,6;14,9;62,4678;GOOD;GOOD;GOOD;0
2023-01-21T09:20:56+00:00;394;2,3;6,4;14,9;62,4679;GOOD;GOOD;GOOD;0
2023-01-21T09:21:59+00:00;389;2,1;6;14,9;62,468;GOOD;GOOD;GOOD;0
2023-01-21T09:23:03+00:00;396;2;7,1;14,9;62,4681;GOOD;GOOD;GOOD;0
2023-01-21T09:24:06+00:00;389;2;6,3;14,9;62,4682;GOOD;GOOD;GOOD;0
2023-01-21T09:25:08+00:00;388;2,2;7,6;14,9;62,4683;GOOD;GOOD;GOOD;0
2023-01-21T09:26:11+00:00;388;2,2;8;15;62,4684;GOOD;GOOD;GOOD;0
2023-01-21T09:27:14+00:00;387;2,2;10,3;15;62,4685;GOOD;GOOD;GOOD;0
2023-01-21T09:28:17+00:00;391;2,2;8,1;15;62,4686;GOOD;GOOD;GOOD;0
2023-01-21T09:29:20+00:00;385;2,3;6,8;15;62,4687;GOOD;GOOD;GOOD;0
2023-01-21T09:30:22+00:00;385;1,9;6,2;15;62,4688;GOOD;GOOD;GOOD;0
2023-01-21T09:31:25+00:00;382;2,1;7;15;62,4689;GOOD;GOOD;GOOD;0
2023-01-21T09:32:28+00:00;381;2;6,1;15;62,469;GOOD;GOOD;GOOD;0
2023-01-21T09:33:31+00:00;381;1,7;7;15;62,4691;GOOD;GOOD;GOOD;0
2023-01-21T09:34:34+00:00;381;2;6;15;62,4692;GOOD;GOOD;GOOD;0
2023-01-21T09:35:37+00:00;380;2,2;7,5;15;62,4693;GOOD;GOOD;GOOD;0
2023-01-21T09:36:39+00:00;380;2;7,6;15;62,4694;GOOD;GOOD;GOOD;0
2023-01-21T09:37:42+00:00;380;2;7,6;15;62,4695;GOOD;GOOD;GOOD;0
2023-01-21T09:38:45+00:00;380;1,6;4,4;15;62,4696;GOOD;GOOD;GOOD;0
2023-01-21T09:39:47+00:00;380;1,7;5;15;62,4697;GOOD;GOOD;GOOD;0
2023-01-21T09:40:50+00:00;381;2;7,7;15;62,4698;GOOD;GOOD;GOOD;0
2023-01-21T09:41:53+00:00;380;2,2;10,2;14,9;62,4699;GOOD;GOOD;GOOD;0
2023-01-21T09:42:56+00:00;381;2,1;8,3;14,9;62,47;GOOD;GOOD;GOOD;0
2023-01-21T09:43:58+00:00;381;2,1;10,3;15;62,4701;GOOD;GOOD;GOOD;0
2023-01-21T09:45:01+00:00;381;2,2;10,9;15;62,4702;GOOD;GOOD;GOOD;0
2023-01-21T09:46:04+00:00;380;2,2;14,3;15;62,4703;GOOD;GOOD;GOOD;0
2023-01-21T09:47:07+00:00;380;2;8,7;15;62,4704;GOOD;GOOD;GOOD;0
2023-01-21T09:48:09+00:00;378;2;9,7;15;62,4705;GOOD;GOOD;GOOD;0
2023-01-21T09:49:12+00:00;380;2,1;9,2;15;62,4706;GOOD;GOOD;GOOD;0
2023-01-21T09:50:15+00:00;380;2,5;8,8;15;62,4707;GOOD;GOOD;GOOD;0
2023-01-21T09:51:18+00:00;387;1,8;9,4;15,1;62,4708;GOOD;GOOD;GOOD;0
2023-01-21T09:52:20+00:00;386;2;8,2;15,1;62,4709;GOOD;GOOD;GOOD;0
2023-01-21T09:53:23+00:00;379;1,8;8,2;15,1;62,471;GOOD;GOOD;GOOD;0
2023-01-21T09:54:26+00:00;379;1,7;5;15,1;62,4711;GOOD;GOOD;GOOD;0
2023-01-21T09:55:29+00:00;380;2,1;9,5;15,1;62,4712;GOOD;GOOD;GOOD;0
2023-01-21T09:56:32+00:00;379;1,8;10,1;15,1;62,4713;GOOD;GOOD;GOOD;0
2023-01-21T09:57:35+00:00;380;2;8,5;15,1;62,4714;GOOD;GOOD;GOOD;0
2023-01-21T09:58:37+00:00;379;1,7;7,1;15,1;62,4715;GOOD;GOOD;GOOD;0
2023-01-21T09:59:40+00:00;380;1,6;7,3;15,1;62,4716;GOOD;GOOD;GOOD;0
2023-01-21T10:00:43+00:00;380;2;7,4;15,1;62,4717;GOOD;GOOD;GOOD;0
2023-01-21T10:01:46+00:00;387;1,7;6,7;15,1;62,4718;GOOD;GOOD;GOOD;0
2023-01-21T10:02:48+00:00;380;1,5;6,7;15,1;62,4719;GOOD;GOOD;GOOD;0
2023-01-21T10:03:51+00:00;380;1,8;5,1;15,1;62,472;GOOD;GOOD;GOOD;0
2023-01-21T10:04:55+00:00;379;1,8;9,7;15,2;62,4721;GOOD;GOOD;GOOD;0
2023-01-21T10:05:57+00:00;380;1,8;6,3;15,2;62,4722;GOOD;GOOD;GOOD;0
2023-01-21T10:07:00+00:00;390;1,7;8,2;15,2;62,4723;GOOD;GOOD;GOOD;0
2023-01-21T10:08:03+00:00;382;1,8;6,5;15,1;62,4724;GOOD;GOOD;GOOD;0
2023-01-21T10:09:06+00:00;387;1,6;5,3;15,2;62,4725;GOOD;GOOD;GOOD;0
2023-01-21T10:10:09+00:00;382;1,9;5,9;15,2;62,4726;GOOD;GOOD;GOOD;0
2023-01-21T10:11:12+00:00;382;1,7;5,3;15,2;62,4727;GOOD;GOOD;GOOD;0
2023-01-21T10:12:15+00:00;381;1,9;7,3;15,2;62,4728;GOOD;GOOD;GOOD;0
2023-01-21T10:13:18+00:00;381;1,7;8,5;15,2;62,4729;GOOD;GOOD;GOOD;0
2023-01-21T10:14:21+00:00;381;2;9,6;15,2;62,473;GOOD;GOOD;GOOD;0
2023-01-21T10:15:24+00:00;381;1,7;7,5;15,3;62,4731;GOOD;GOOD;GOOD;0
2023-01-21T10:16:26+00:00;387;1,6;5,6;15,3;62,4732;GOOD;GOOD;GOOD;0
2023-01-21T10:17:29+00:00;381;1,8;7,8;15,3;62,4733;GOOD;GOOD;GOOD;0
2023-01-21T10:18:32+00:00;388;1,5;5,3;15,3;62,4734;GOOD;GOOD;GOOD;0
2023-01-21T10:19:34+00:00;385;1,6;7,2;15,3;62,4735;GOOD;GOOD;GOOD;0
2023-01-21T10:20:37+00:00;378;1,6;7,7;15,3;62,4736;GOOD;GOOD;GOOD;0
2023-01-21T10:21:40+00:00;378;1,7;4,9;15,3;62,4737;GOOD;GOOD;GOOD;0
2023-01-21T10:22:43+00:00;377;2,2;6,5;15,3;62,4738;GOOD;GOOD;GOOD;0
2023-01-21T10:23:46+00:00;377;2;5,1;15,2;62,4739;GOOD;GOOD;GOOD;0
2023-01-21T10:24:49+00:00;381;1,8;6,5;15,2;62,474;GOOD;GOOD;GOOD;0
2023-01-21T10:25:52+00:00;374;1,8;5,3;15,2;62,4741;GOOD;GOOD;GOOD;0
2023-01-21T10:26:55+00:00;373;1,6;8,5;15,2;62,4742;GOOD;GOOD;GOOD;0
2023-01-21T10:27:57+00:00;370;1,4;3,5;15,2;62,4743;GOOD;GOOD;GOOD;0
2023-01-21T10:29:00+00:00;376;1,9;6,3;15,2;62,4744;GOOD;GOOD;GOOD;0
2023-01-21T10:30:03+00:00;369;1,6;6,3;15,2;62,4745;GOOD;GOOD;GOOD;0
2023-01-21T10:31:06+00:00;368;1,8;8,7;15,3;62,4746;GOOD;GOOD;GOOD;0
2023-01-21T10:32:09+00:00;368;1,6;8,6;15,3;62,4747;GOOD;GOOD;GOOD;0
2023-01-21T10:33:12+00:00;368;1,8;5,7;15,3;62,4748;GOOD;GOOD;GOOD;0
2023-01-21T10:34:14+00:00;367;1,8;6,8;15,2;62,4749;GOOD;GOOD;GOOD;0
2023-01-21T10:35:17+00:00;374;1,6;5,7;15,3;62,475;GOOD;GOOD;GOOD;0
2023-01-21T10:36:20+00:00;365;1,6;5,9;15,3;62,4751;GOOD;GOOD;GOOD;0
2023-01-21T10:37:23+00:00;365;93;246;15,3;62,4752;GOOD;Moderate;Moderate;1
2023-01-21T10:38:26+00:00;361;27,8;41;15,9;62,4753;GOOD;GOOD;GOOD;0
2023-01-21T10:39:29+00:00;361;6,7;13,5;16,6;62,4754;GOOD;GOOD;GOOD;0
2023-01-21T10:40:32+00:00;360;10,6;19,4;16,4;62,4755;GOOD;GOOD;GOOD;0
2023-01-21T10:41:35+00:00;360;2,8;6,8;16,2;62,4756;GOOD;GOOD;GOOD;0
2023-01-21T10:42:37+00:00;358;2,4;9,1;16,1;62,4757;GOOD;GOOD;GOOD;0
2023-01-21T10:43:40+00:00;358;7,1;37,2;16;62,4758;GOOD;GOOD;GOOD;0
2023-01-21T10:44:43+00:00;358;11,2;74,9;15,8;62,4759;GOOD;GOOD;GOOD;0
2023-01-21T10:45:46+00:00;358;8,2;48;15,7;62,476;GOOD;GOOD;GOOD;0
2023-01-21T10:46:49+00:00;358;6,1;29,8;15,6;62,4761;GOOD;GOOD;GOOD;0
2023-01-21T10:47:52+00:00;358;4,9;22,9;15,5;62,4762;GOOD;GOOD;GOOD;0
2023-01-21T10:48:54+00:00;360;4,8;19,8;15,5;62,4763;GOOD;GOOD;GOOD;0
2023-01-21T10:49:57+00:00;366;3,8;13,9;15,4;62,4764;GOOD;GOOD;GOOD;0
2023-01-21T10:51:00+00:00;358;3,5;15,7;15,4;62,4765;GOOD;GOOD;GOOD;0
2023-01-21T10:52:03+00:00;358;3,2;10;15,4;62,4766;GOOD;GOOD;GOOD;0
2023-01-21T10:53:06+00:00;358;2,6;9,8;15,4;62,4767;GOOD;GOOD;GOOD;0
2023-01-21T10:54:09+00:00;358;2,6;11,2;15,4;62,4768;GOOD;GOOD;GOOD;0
2023-01-21T10:55:11+00:00;358;2,3;8,2;15,4;62,4769;GOOD;GOOD;GOOD;0
2023-01-21T10:56:14+00:00;357;2,2;7;15,4;62,477;GOOD;GOOD;GOOD;0
2023-01-21T10:57:17+00:00;357;2,3;10;15,4;62,4771;GOOD;GOOD;GOOD;0
2023-01-21T10:58:20+00:00;357;2,7;8,5;15,4;62,4772;GOOD;GOOD;GOOD;0
2023-01-21T10:59:22+00:00;357;2,5;7,2;15,4;62,4773;GOOD;GOOD;GOOD;0
2023-01-21T11:00:25+00:00;356;2,3;8,3;15,4;62,4774;GOOD;GOOD;GOOD;0
2023-01-21T11:01:28+00:00;356;2,4;9,2;15,4;62,4775;GOOD;GOOD;GOOD;0
2023-01-21T11:02:31+00:00;356;2,1;5,1;15,4;62,4776;GOOD;GOOD;GOOD;0
2023-01-21T11:03:34+00:00;356;2,5;10,3;15,4;62,4777;GOOD;GOOD;GOOD;0
2023-01-21T11:04:36+00:00;356;1,9;6,3;15,4;62,4778;GOOD;GOOD;GOOD;0
2023-01-21T11:05:39+00:00;355;2;6,9;15,4;62,4779;GOOD;GOOD;GOOD;0
2023-01-21T11:06:42+00:00;355;2,1;7,9;15,3;62,478;GOOD;GOOD;GOOD;0
2023-01-21T11:07:44+00:00;354;2,2;9,3;15,3;62,4781;GOOD;GOOD;GOOD;0
2023-01-21T11:08:47+00:00;354;1,7;5,8;15,3;62,4782;GOOD;GOOD;GOOD;0
2023-01-21T11:09:50+00:00;354;1,9;6,6;15,3;62,4783;GOOD;GOOD;GOOD;0
2023-01-21T11:10:53+00:00;353;2,3;7,2;15,3;62,4784;GOOD;GOOD;GOOD;0
2023-01-21T11:11:55+00:00;354;2;7,6;15,4;62,4785;GOOD;GOOD;GOOD;0
2023-01-21T11:12:59+00:00;353;2;8,5;15,4;62,4786;GOOD;GOOD;GOOD;0
2023-01-21T11:14:01+00:00;353;2,1;8,3;15,4;62,4787;GOOD;GOOD;GOOD;0
2023-01-21T11:15:04+00:00;353;2,3;8,3;15,5;62,4788;GOOD;GOOD;GOOD;0
2023-01-21T11:16:07+00:00;353;1,9;5,8;15,5;62,4789;GOOD;GOOD;GOOD;0
2023-01-21T11:17:10+00:00;353;1,8;7,4;15,5;62,479;GOOD;GOOD;GOOD;0
2023-01-21T11:18:13+00:00;352;2;6,2;15,5;62,4791;GOOD;GOOD;GOOD;0
2023-01-21T11:19:16+00:00;353;2,3;9,3;15,5;62,4792;GOOD;GOOD;GOOD;0
2023-01-21T11:20:20+00:00;352;1,7;5,2;15,6;62,4793;GOOD;GOOD;GOOD;0
2023-01-21T11:21:23+00:00;353;2;6,4;15,6;62,4794;GOOD;GOOD;GOOD;0
2023-01-21T11:22:25+00:00;353;2,2;6,8;15,6;62,4795;GOOD;GOOD;GOOD;0
2023-01-21T11:23:28+00:00;353;1,7;6,2;15,6;62,4796;GOOD;GOOD;GOOD;0
2023-01-21T11:24:31+00:00;353;1,9;5,8;15,6;62,4797;GOOD;GOOD;GOOD;0
2023-01-21T11:25:34+00:00;352;1,8;7,5;15,6;62,4798;GOOD;GOOD;GOOD;0
2023-01-21T11:26:36+00:00;353;1,7;5,7;15,5;62,4799;GOOD;GOOD;GOOD;0
2023-01-21T11:27:39+00:00;353;1,7;5,2;15,5;62,48;GOOD;GOOD;GOOD;0
2023-01-21T11:28:42+00:00;353;1,7;5,7;15,5;62,4801;GOOD;GOOD;GOOD;0
2023-01-21T11:29:45+00:00;353;1,9;4,3;15,5;62,4802;GOOD;GOOD;GOOD;0
2023-01-21T11:30:48+00:00;353;1,6;3,5;15,5;62,4803;GOOD;GOOD;GOOD;0
2023-01-21T11:31:50+00:00;353;1,4;4;15,5;62,4804;GOOD;GOOD;GOOD;0
2023-01-21T11:32:54+00:00;352;1,8;6,6;15,5;62,4805;GOOD;GOOD;GOOD;0
2023-01-21T11:33:56+00:00;353;2,1;5,2;15,5;62,4806;GOOD;GOOD;GOOD;0
2023-01-21T11:34:59+00:00;353;1,6;6,7;15,5;62,4807;GOOD;GOOD;GOOD;0
2023-01-21T11:36:02+00:00;353;1,6;6,6;15,5;62,4808;GOOD;GOOD;GOOD;0
2023-01-21T11:37:05+00:00;354;1,6;4;15,6;62,4809;GOOD;GOOD;GOOD;0
2023-01-21T11:38:08+00:00;353;1,7;5,1;15,6;62,481;GOOD;GOOD;GOOD;0
2023-01-21T11:39:10+00:00;353;1,4;6,7;15,6;62,4811;GOOD;GOOD;GOOD;0
2023-01-21T11:40:13+00:00;354;1,4;5,5;15,7;62,4812;GOOD;GOOD;GOOD;0
2023-01-21T11:41:16+00:00;353;1,5;3,5;15,7;62,4813;GOOD;GOOD;GOOD;0
2023-01-21T11:42:18+00:00;354;1,5;3,4;15,7;62,4814;GOOD;GOOD;GOOD;0
2023-01-21T11:43:21+00:00;354;1,5;5,4;15,7;62,4815;GOOD;GOOD;GOOD;0
2023-01-21T11:44:24+00:00;354;1,7;4,9;15,6;62,4816;GOOD;GOOD;GOOD;0
2023-01-21T11:45:27+00:00;353;1,5;4;15,6;62,4817;GOOD;GOOD;GOOD;0
2023-01-21T11:46:29+00:00;353;1,6;5,3;15,5;62,4818;GOOD;GOOD;GOOD;0
2023-01-21T11:47:33+00:00;354;1,7;5;15,5;62,4819;GOOD;GOOD;GOOD;0
2023-01-21T11:48:35+00:00;354;2,5;9,1;15,4;62,482;GOOD;GOOD;GOOD;0
2023-01-21T11:49:38+00:00;354;3,2;13,8;15,3;62,4821;GOOD;GOOD;GOOD;0
2023-01-21T11:50:41+00:00;313;3;11,8;15,5;62,4822;GOOD;GOOD;GOOD;0
2023-01-21T11:51:44+00:00;354;4,5;15,3;15,6;62,4823;GOOD;GOOD;GOOD;0
2023-01-21T11:52:46+00:00;363;3,7;14,3;15,7;62,4824;GOOD;GOOD;GOOD;0
2023-01-21T11:53:49+00:00;373;3,7;12,8;15,8;62,4825;GOOD;GOOD;GOOD;0
2023-01-21T11:54:52+00:00;381;3,8;13,2;15,9;62,4826;GOOD;GOOD;GOOD;0
2023-01-21T11:55:55+00:00;386;4,4;11,9;16;62,4827;GOOD;GOOD;GOOD;0
2023-01-21T11:57:00+00:00;388;4,5;14,9;16;62,4828;GOOD;GOOD;GOOD;0
2023-01-21T11:58:00+00:00;398;258,1;866,6;16,1;62,4829;GOOD;Very Unhealthy;Very Unhealthy;1
2023-01-21T11:59:03+00:00;392;317,3;666,2;16,7;62,483;GOOD;Very Unhealthy;Very Unhealthy;1
2023-01-21T12:00:06+00:00;400;201,9;397,4;17,8;62,4831;GOOD;Very Unhealthy;Very Unhealthy;1
2023-01-21T12:01:08+00:00;396;60,2;145,1;17,4;62,4832;GOOD;GOOD;GOOD;0
2023-01-21T12:02:11+00:00;394;24,9;55;17,2;62,4833;GOOD;GOOD;GOOD;0
2023-01-21T12:03:14+00:00;397;25;59,1;17;62,4834;GOOD;GOOD;GOOD;0
2023-01-21T12:04:17+00:00;396;22,3;96,1;16,9;62,4835;GOOD;GOOD;GOOD;0
2023-01-21T12:05:20+00:00;392;19,1;45,9;17,3;62,4836;GOOD;GOOD;GOOD;0
2023-01-21T12:06:23+00:00;400;19,1;40,9;17,4;62,4837;GOOD;GOOD;GOOD;0
2023-01-21T12:07:25+00:00;374;19,2;48,5;17,9;62,4838;GOOD;GOOD;GOOD;0
2023-01-21T12:08:28+00:00;386;17,5;37,5;18,2;62,4839;GOOD;GOOD;GOOD;0
2023-01-21T12:09:31+00:00;387;15,1;32;18,5;62,484;GOOD;GOOD;GOOD;0
2023-01-21T12:10:34+00:00;381;17,5;40;18,9;62,4841;GOOD;GOOD;GOOD;0
2023-01-21T12:11:36+00:00;374;16,1;37,2;19,1;62,4842;GOOD;GOOD;GOOD;0
2023-01-21T12:12:42+00:00;379;14,9;28,1;19,3;62,4843;GOOD;GOOD;GOOD;0
2023-01-21T17:13:46+00:00;382;14,1;32,2;19,5;62,4844;GOOD;GOOD;GOOD;0
2023-01-21T17:14:49+00:00;379;14,2;30,6;19,6;62,4845;GOOD;GOOD;GOOD;0
2023-01-21T17:15:52+00:00;374;13,6;28,9;19,7;62,4846;GOOD;GOOD;GOOD;0
2023-01-21T17:16:55+00:00;378;13,5;28,3;19,7;62,4847;GOOD;GOOD;GOOD;0
2023-01-21T17:17:57+00:00;377;13;27,2;19,8;62,4848;GOOD;GOOD;GOOD;0
2023-01-21T17:19:00+00:00;372;12,8;23,1;19,8;62,4849;GOOD;GOOD;GOOD;0
2023-01-21T17:20:03+00:00;370;11,8;21,3;19,9;62,485;GOOD;GOOD;GOOD;0
2023-01-21T17:21:06+00:00;373;11,4;21,8;19,9;62,4851;GOOD;GOOD;GOOD;0
2023-01-21T17:22:08+00:00;362;12,6;22,2;19,9;62,4852;GOOD;GOOD;GOOD;0
2023-01-21T17:23:11+00:00;365;10,5;20,3;20;62,4853;GOOD;GOOD;GOOD;0
2023-01-21T17:24:14+00:00;366;11;22,6;20;62,4854;GOOD;GOOD;GOOD;0
2023-01-21T17:25:17+00:00;357;11,2;24,2;20,1;62,4855;GOOD;GOOD;GOOD;0
2023-01-21T17:26:20+00:00;357;11,8;23,5;20,1;62,4856;GOOD;GOOD;GOOD;0
2023-01-21T17:27:23+00:00;367;10,6;21,7;20,2;62,4857;GOOD;GOOD;GOOD;0
2023-01-21T17:28:26+00:00;361;9,8;18;20,1;62,4858;GOOD;GOOD;GOOD;0
2023-01-21T17:29:34+00:00;361;10,2;20,8;20,1;62,4859;GOOD;GOOD;GOOD;0
2023-01-21T17:30:43+00:00;355;9,9;18,8;20,2;62,486;GOOD;GOOD;GOOD;0
2023-01-21T17:31:46+00:00;357;10,3;18,1;20,3;62,4861;GOOD;GOOD;GOOD;0
2023-01-21T17:32:49+00:00;351;9,7;18,6;20,3;62,4862;GOOD;GOOD;GOOD;0
2023-01-21T17:33:52+00:00;350;9,6;17,4;20,5;62,4863;GOOD;GOOD;GOOD;0
2023-01-21T17:35:00+00:00;355;9,8;17,7;20,4;62,4864;GOOD;GOOD;GOOD;0
2023-01-21T17:35:57+00:00;352;11,5;19,9;21,2;62,4865;GOOD;GOOD;GOOD;0
2023-01-21T17:37:01+00:00;357;11;17,4;21,2;62,4866;GOOD;GOOD;GOOD;0
2023-01-21T17:38:03+00:00;358;9,8;18,6;20,9;62,4867;GOOD;GOOD;GOOD;0
2023-01-21T17:39:07+00:00;348;9,3;16,7;20,4;62,4868;GOOD;GOOD;GOOD;0
2023-01-21T17:40:10+00:00;348;7,9;13,7;20;62,4869;GOOD;GOOD;GOOD;0
2023-01-21T17:41:12+00:00;361;8,1;15,6;19,6;62,487;GOOD;GOOD;GOOD;0
2023-01-21T17:42:15+00:00;363;8,7;16,8;19,4;62,4871;GOOD;GOOD;GOOD;0
2023-01-21T17:43:18+00:00;362;7,8;13,9;19,1;62,4872;GOOD;GOOD;GOOD;0
2023-01-21T17:44:21+00:00;360;8;15,1;18,8;62,4873;GOOD;GOOD;GOOD;0
2023-01-21T17:45:24+00:00;357;8,6;16,3;18,6;62,4874;GOOD;GOOD;GOOD;0
2023-01-21T17:46:26+00:00;351;7,3;11,8;16,8;62,4875;GOOD;GOOD;GOOD;0
2023-01-21T17:47:29+00:00;352;8,5;14,7;16,8;62,4876;GOOD;GOOD;GOOD;0
2023-01-21T17:48:33+00:00;391;8;13,3;16,8;62,4877;GOOD;GOOD;GOOD;0
2023-01-21T17:49:37+00:00;389;8,5;15,6;16,7;62,4878;GOOD;GOOD;GOOD;0
2023-01-21T17:50:39+00:00;389;7,6;13,4;16,6;62,4879;GOOD;GOOD;GOOD;0
2023-01-21T17:51:45+00:00;391;7,3;14,8;16,6;62,488;GOOD;GOOD;GOOD;0
2023-01-21T17:52:44+00:00;392;7,2;15,7;16,6;62,4881;GOOD;GOOD;GOOD;0
2023-01-21T17:53:47+00:00;390;7,9;15,6;16,5;62,4882;GOOD;GOOD;GOOD;0
2023-01-21T17:54:50+00:00;398;7,2;12,5;16,5;62,4883;GOOD;GOOD;GOOD;0
2023-01-21T17:55:53+00:00;389;7,2;14,5;16,5;62,4884;GOOD;GOOD;GOOD;0
2023-01-21T17:56:55+00:00;393;6,7;15,2;16,5;62,4885;GOOD;GOOD;GOOD;0
2023-01-21T17:57:58+00:00;390;6,6;12,2;16,5;62,4886;GOOD;GOOD;GOOD;0
2023-01-21T17:59:01+00:00;391;7,3;15,1;16,5;62,4887;GOOD;GOOD;GOOD;0
2023-01-21T18:00:04+00:00;398;6,5;11,3;16,4;62,4888;GOOD;GOOD;GOOD;0
2023-01-21T18:01:06+00:00;393;6,4;14,8;16,4;62,4889;GOOD;GOOD;GOOD;0
2023-01-21T18:02:11+00:00;382;6;12,6;16,4;62,489;GOOD;GOOD;GOOD;0
2023-01-21T18:03:14+00:00;388;5,4;10,9;16,4;62,4891;GOOD;GOOD;GOOD;0
2023-01-21T18:04:17+00:00;386;6,3;13,3;16,4;62,4892;GOOD;GOOD;GOOD;0
2023-01-21T18:05:20+00:00;381;6,4;15,3;16,4;62,4893;GOOD;GOOD;GOOD;0
2023-01-21T18:06:23+00:00;387;6,2;11,6;16,4;62,4894;GOOD;GOOD;GOOD;0
2023-01-21T18:07:26+00:00;380;6,2;14,5;16,4;62,4895;GOOD;GOOD;GOOD;0
2023-01-21T18:08:28+00:00;381;4,8;12,7;16,4;62,4896;GOOD;GOOD;GOOD;0
2023-01-21T18:09:31+00:00;388;5,3;9,7;16,4;62,4897;GOOD;GOOD;GOOD;0
2023-01-21T18:10:34+00:00;389;5,3;11;16,4;62,4898;GOOD;GOOD;GOOD;0
2023-01-21T18:18:07+00:00;391;5,2;11,6;16,3;62,4899;GOOD;GOOD;GOOD;0
2023-01-21T18:19:10+00:00;384;4,9;11,6;16,3;62,49;GOOD;GOOD;GOOD;0
2023-01-21T18:20:12+00:00;372;5;9,6;16,2;62,4901;GOOD;GOOD;GOOD;0
2023-01-21T18:21:15+00:00;369;4,8;10,5;16,2;62,4902;GOOD;GOOD;GOOD;0
2023-01-21T18:22:18+00:00;400;4,7;9;16,2;62,4903;GOOD;GOOD;GOOD;0
2023-01-21T18:23:21+00:00;400;4,3;8,5;16,1;62,4904;GOOD;GOOD;GOOD;0
2023-01-21T18:24:24+00:00;400;4,7;12,7;16,1;62,4905;GOOD;GOOD;GOOD;0
2023-01-21T18:25:27+00:00;400;4,8;12;16,1;62,4906;GOOD;GOOD;GOOD;0
2023-01-21T18:26:29+00:00;400;5,1;12,5;16,1;62,4907;GOOD;GOOD;GOOD;0
2023-01-21T18:27:32+00:00;400;4,5;8,6;16,1;62,4908;GOOD;GOOD;GOOD;0
2023-01-21T18:28:35+00:00;400;4,7;11,4;16,1;62,4909;GOOD;GOOD;GOOD;0
2023-01-21T18:29:38+00:00;400;4,5;9,9;16,2;62,491;GOOD;GOOD;GOOD;0
2023-01-21T18:30:41+00:00;500;4,5;10,3;16,1;62,4911;GOOD;GOOD;GOOD;0
2023-01-21T18:31:44+00:00;500;3,8;9,3;16,2;62,4912;GOOD;GOOD;GOOD;0
2023-01-21T18:32:47+00:00;500;4,8;14,7;16,2;62,4913;GOOD;GOOD;GOOD;0
2023-01-21T18:33:49+00:00;500;4,2;8,6;16,3;62,4914;GOOD;GOOD;GOOD;0
2023-01-21T18:34:53+00:00;500;3,5;6,6;16,3;62,4915;GOOD;GOOD;GOOD;0
2023-01-21T18:35:55+00:00;500;4,2;10,5;16,2;62,4916;GOOD;GOOD;GOOD;0
2023-01-21T18:36:58+00:00;500;4,2;8,6;16,2;62,4917;GOOD;GOOD;GOOD;0
2023-01-21T18:38:01+00:00;500;3,9;9,1;16,2;62,4918;GOOD;GOOD;GOOD;0
2023-01-21T18:39:04+00:00;660;3,8;12,2;16,2;62,4919;GOOD;GOOD;GOOD;0
2023-01-21T18:40:06+00:00;660;3,9;12,4;16,2;62,492;GOOD;GOOD;GOOD;0
2023-01-21T18:41:09+00:00;1000;4,3;14,8;16,2;62,4921;Moderate;GOOD;GOOD;1
2023-01-21T18:42:15+00:00;1600;4,1;13,7;16,2;62,4922;Moderate;GOOD;GOOD;1
2023-01-21T18:43:15+00:00;1600;4,2;14,7;16,2;62,4923;Moderate;GOOD;GOOD;1
2023-01-21T18:44:18+00:00;1600;4;12,7;16,2;62,4924;Moderate;GOOD;GOOD;1
2023-01-21T18:45:20+00:00;1600;4,2;13,3;16,2;62,4925;Moderate;GOOD;GOOD;1
2023-01-21T18:46:23+00:00;1600;4;12,6;16,2;62,4926;Moderate;GOOD;GOOD;1
2023-01-21T18:47:26+00:00;1600;4,3;10,9;16,3;62,4927;Moderate;GOOD;GOOD;1
2023-01-21T18:48:29+00:00;1600;4;10,2;16,3;62,4928;Moderate;GOOD;GOOD;1
2023-01-21T18:49:32+00:00;1600;3,6;11,6;16,3;62,4929;Moderate;GOOD;GOOD;1
2023-01-21T18:50:35+00:00;1600;3,4;8;16,3;62,493;Moderate;GOOD;GOOD;1
2023-01-21T18:51:37+00:00;2000;3,4;11,1;16,2;62,4931;Unhealthy;GOOD;GOOD;1
2023-01-21T18:52:40+00:00;2000;3,8;13,7;16,2;62,4932;Unhealthy;GOOD;GOOD;1
2023-01-21T18:53:46+00:00;2000;3,7;8,6;16,2;62,4933;Unhealthy;GOOD;GOOD;1
2023-01-21T18:54:46+00:00;2000;3,7;15,2;16,2;62,4934;Unhealthy;GOOD;GOOD;1
2023-01-21T18:55:49+00:00;2000;4,3;19,4;16,2;62,4935;Unhealthy;GOOD;GOOD;1
2023-01-21T18:56:52+00:00;2000;3,9;14,5;16,1;62,4936;Unhealthy;GOOD;GOOD;1
2023-01-21T18:57:55+00:00;2000;4;21,1;16,2;62,4937;Unhealthy;GOOD;GOOD;1
2023-01-21T18:58:58+00:00;2000;4;22,6;16,2;62,4938;Unhealthy;GOOD;GOOD;1
2023-01-21T19:00:00+00:00;2000;4,7;23,3;16,2;62,4939;Unhealthy;GOOD;GOOD;1
2023-01-21T19:01:03+00:00;2000;4,2;15,2;16,2;62,494;Unhealthy;GOOD;GOOD;1
2023-01-21T19:02:06+00:00;2000;4;19,3;16,2;62,4941;Unhealthy;GOOD;GOOD;1
2023-01-21T19:03:09+00:00;2000;3,6;22,3;16,2;62,4942;Unhealthy;GOOD;GOOD;1
2023-01-21T19:04:13+00:00;2000;3,6;24,1;16,2;62,4943;Unhealthy;GOOD;GOOD;1
2023-01-21T19:05:16+00:00;2000;3,8;23;16,2;62,4944;Unhealthy;GOOD;GOOD;1
2023-01-21T19:06:18+00:00;2000;3,9;20,4;16,3;62,4945;Unhealthy;GOOD;GOOD;1
2023-01-21T19:07:21+00:00;2000;3,4;16,2;16,3;62,4946;Unhealthy;GOOD;GOOD;1
2023-01-21T19:08:25+00:00;2000;4,7;24,3;16,3;62,4947;Unhealthy;GOOD;GOOD;1
2023-01-21T19:09:27+00:00;2000;4,5;20,7;16,4;62,4948;Unhealthy;GOOD;GOOD;1
2023-01-21T19:10:30+00:00;2000;5,7;20,3;16,4;62,4949;Unhealthy;GOOD;GOOD;1
2023-01-21T19:11:33+00:00;2000;16,2;56,5;16,4;62,495;Unhealthy;GOOD;GOOD;1
2023-01-21T19:12:36+00:00;2000;23,4;74,6;16,4;62,4951;Unhealthy;GOOD;GOOD;1
2023-01-21T19:13:39+00:00;2000;21,2;66,8;16,4;62,4952;Unhealthy;GOOD;GOOD;1
2023-01-21T19:14:42+00:00;2000;21,9;65;16,4;62,4953;Unhealthy;GOOD;GOOD;1
2023-01-21T19:15:46+00:00;2000;26,6;87,5;16,5;62,4954;Unhealthy;GOOD;GOOD;1
2023-01-21T19:16:49+00:00;2000;19,7;64,7;16,5;62,4955;Unhealthy;GOOD;GOOD;1
2023-01-21T19:17:53+00:00;2000;23,6;92,3;16,5;62,4956;Unhealthy;GOOD;GOOD;1
2023-01-21T19:18:56+00:00;2000;21,2;80,9;16,5;62,4957;Unhealthy;GOOD;GOOD;1
2023-01-21T19:19:59+00:00;2000;19,3;68,1;16,6;62,4958;Unhealthy;GOOD;GOOD;1
2023-01-21T19:21:02+00:00;2200;20,1;70,4;16,5;62,4959;Unhealthy;GOOD;GOOD;1
2023-01-21T19:22:04+00:00;1000;17,9;64,1;16,5;62,496;Moderate;GOOD;GOOD;1
2023-01-21T19:23:07+00:00;800;17,8;66,8;16,5;62,4961;Moderate;GOOD;GOOD;1
2023-01-21T19:24:10+00:00;800;16,5;58,8;16,5;62,4962;Moderate;GOOD;GOOD;1
2023-01-21T19:25:13+00:00;800;15,3;51,7;16,5;62,4963;Moderate;GOOD;GOOD;1
2023-01-21T19:26:16+00:00;800;13,6;42,9;16,5;62,4964;Moderate;GOOD;GOOD;1
2023-01-21T19:27:19+00:00;800;14,1;47,1;16,5;62,4965;Moderate;GOOD;GOOD;1
2023-01-21T19:28:22+00:00;800;12,9;44,6;16,5;62,4966;Moderate;GOOD;GOOD;1
2023-01-21T19:29:25+00:00;800;11,7;38,6;16,5;62,4967;Moderate;GOOD;GOOD;1
2023-01-21T19:30:28+00:00;800;11,4;43,3;16,5;62,4968;Moderate;GOOD;GOOD;1
2023-01-21T19:31:30+00:00;800;10,9;32,8;16,5;62,4969;Moderate;GOOD;GOOD;1
2023-01-21T19:32:33+00:00;800;11,2;40,2;16,5;62,497;Moderate;GOOD;GOOD;1
2023-01-21T19:33:36+00:00;800;12,5;53,6;16,5;62,4971;Moderate;GOOD;GOOD;1
2023-01-21T19:34:40+00:00;800;12,6;54,4;16,5;62,4972;Moderate;GOOD;GOOD;1
2023-01-21T19:35:42+00:00;800;14,4;57,5;16,4;62,4973;Moderate;GOOD;GOOD;1
2023-01-21T19:36:45+00:00;600;15;63,6;16,4;62,4974;GOOD;GOOD;GOOD;0
2023-01-21T19:37:48+00:00;379;14,7;63,2;16,3;62,4975;GOOD;GOOD;GOOD;0
2023-01-21T19:38:51+00:00;373;15;82,4;16,3;62,4976;GOOD;GOOD;GOOD;0
2023-01-21T19:39:54+00:00;373;16,6;100,9;16,3;62,4977;GOOD;GOOD;GOOD;0
2023-01-21T19:40:57+00:00;373;17,8;82,3;16,3;62,4978;GOOD;GOOD;GOOD;0
2023-01-21T19:42:00+00:00;374;17,8;85,5;16,3;62,4979;GOOD;GOOD;GOOD;0
2023-01-21T19:43:03+00:00;374;16,7;85,9;16,3;62,498;GOOD;GOOD;GOOD;0
2023-01-21T19:44:06+00:00;380;16,1;77,4;16,3;62,4981;GOOD;GOOD;GOOD;0
2023-01-21T19:45:09+00:00;380;15,6;84,7;16,3;62,4982;GOOD;GOOD;GOOD;0
2023-01-21T19:46:12+00:00;374;15,8;78,9;16,2;62,4983;GOOD;GOOD;GOOD;0
2023-01-21T19:47:15+00:00;374;15,6;80,2;16,2;62,4984;GOOD;GOOD;GOOD;0
2023-01-21T19:48:18+00:00;374;17,1;70,5;16,2;62,4985;GOOD;GOOD;GOOD;0
2023-01-21T19:49:21+00:00;375;19,4;106,7;16,3;62,4986;GOOD;GOOD;GOOD;0
2023-01-21T19:50:23+00:00;376;17,7;80,3;16,2;62,4987;GOOD;GOOD;GOOD;0
2023-01-21T19:51:26+00:00;370;18,7;106,9;16,3;62,4988;GOOD;GOOD;GOOD;0
2023-01-21T19:52:29+00:00;370;19,1;112,8;16,3;62,4989;GOOD;GOOD;GOOD;0
2023-01-21T19:53:32+00:00;377;19,8;114,1;16,3;62,499;GOOD;GOOD;GOOD;0
2023-01-21T19:54:37+00:00;384;14,1;67,4;16,3;62,4991;GOOD;GOOD;GOOD;0
2023-01-21T19:55:37+00:00;378;12,8;67,5;16,3;62,4992;GOOD;GOOD;GOOD;0
2023-01-21T19:56:40+00:00;386;10,7;48,1;16,3;62,4993;GOOD;GOOD;GOOD;0
2023-01-21T19:57:43+00:00;386;10,7;61,4;16,3;62,4994;GOOD;GOOD;GOOD;0
2023-01-21T19:58:46+00:00;379;20;53;16,3;62,4995;GOOD;GOOD;GOOD;0
2023-01-21T19:59:49+00:00;379;20;38,8;16,3;62,4996;GOOD;GOOD;GOOD;0
2023-01-21T20:00:52+00:00;387;20;39,3;16,3;62,4997;GOOD;GOOD;GOOD;0
2023-01-21T20:01:55+00:00;379;20;46,4;16,3;62,4998;GOOD;GOOD;GOOD;0
2023-01-21T20:02:57+00:00;378;20;32,2;16,3;62,4999;GOOD;GOOD;GOOD;0
2023-01-21T20:04:00+00:00;379;20;27,8;16,3;62,5;GOOD;GOOD;GOOD;0
2023-01-21T20:05:03+00:00;386;20;39,7;16,3;62,5001;GOOD;GOOD;GOOD;0
2023-01-21T20:06:06+00:00;379;44;25,2;16,3;62,5002;GOOD;GOOD;GOOD;0
2023-01-21T20:07:09+00:00;381;44;23,7;16,3;62,5003;GOOD;GOOD;GOOD;0
2023-01-21T20:08:12+00:00;376;44;24,6;16,3;62,5004;GOOD;GOOD;GOOD;0
2023-01-21T20:09:14+00:00;376;79;21,4;16,3;62,5005;GOOD;Moderate;GOOD;1
2023-01-21T20:10:19+00:00;376;79;20,5;16,3;62,5006;GOOD;Moderate;GOOD;1
2023-01-21T20:11:20+00:00;377;79;18,1;16,3;62,5007;GOOD;Moderate;GOOD;1
2023-01-21T20:12:23+00:00;376;79;22,3;16,3;62,5008;GOOD;Moderate;GOOD;1
2023-01-21T20:13:26+00:00;377;79;24,2;16,3;62,5009;GOOD;Moderate;GOOD;1
2023-01-21T20:14:29+00:00;376;79;23;16,3;62,501;GOOD;Moderate;GOOD;1
2023-01-21T20:15:32+00:00;376;79;19;16,3;62,5011;GOOD;Moderate;GOOD;1
2023-01-21T20:16:34+00:00;377;200;20,7;16,2;62,5012;GOOD;Very Unhealthy;GOOD;1
2023-01-21T20:17:37+00:00;384;200;18;16,2;62,5013;GOOD;Very Unhealthy;GOOD;1
2023-01-21T20:18:40+00:00;382;200;17,8;16,2;62,5014;GOOD;Very Unhealthy;GOOD;1
2023-01-21T20:19:43+00:00;377;200;24,6;16,2;62,5015;GOOD;Very Unhealthy;GOOD;1
2023-01-21T20:20:46+00:00;378;200;18,1;16,2;62,5016;GOOD;Very Unhealthy;GOOD;1
2023-01-21T20:21:49+00:00;378;200;12;16,2;62,5017;GOOD;Very Unhealthy;GOOD;1
2023-01-21T20:22:52+00:00;384;200;18;16,2;62,5018;GOOD;Very Unhealthy;GOOD;1
2023-01-21T20:24:00+00:00;378;100;18,6;16,2;62,5019;GOOD;Unhealthy;GOOD;1
2023-01-21T20:24:58+00:00;378;100;22,5;16,2;62,502;GOOD;Unhealthy;GOOD;1
2023-01-21T20:26:03+00:00;378;100;17,8;16,2;62,5021;GOOD;Unhealthy;GOOD;1
2023-01-21T20:27:06+00:00;378;100;12,3;16,2;62,5022;GOOD;Unhealthy;GOOD;1
2023-01-21T20:28:09+00:00;378;66;15,9;16,2;62,5023;GOOD;Moderate;GOOD;1
2023-01-21T20:29:12+00:00;378;66;14;16,2;62,5024;GOOD;Moderate;GOOD;1
2023-01-21T20:30:15+00:00;378;66;10,3;16,2;62,5025;GOOD;Moderate;GOOD;1
2023-01-21T20:31:18+00:00;378;66;14,6;16,2;62,5026;GOOD;Moderate;GOOD;1
2023-01-21T20:32:23+00:00;378;66;20,4;16,2;62,5027;GOOD;Moderate;GOOD;1
2023-01-21T20:33:24+00:00;378;66;19,4;16,2;62,5028;GOOD;Moderate;GOOD;1
2023-01-21T20:34:26+00:00;379;66;18;16,2;62,5029;GOOD;Moderate;GOOD;1
2023-01-21T20:35:29+00:00;378;66;18,5;16,2;62,503;GOOD;Moderate;GOOD;1
2023-01-21T20:36:32+00:00;385;66;13;16,2;62,5031;GOOD;Moderate;GOOD;1
2023-01-21T20:37:35+00:00;379;66;13,3;16,2;62,5032;GOOD;Moderate;GOOD;1
2023-01-21T20:38:38+00:00;379;66;10,1;16,2;62,5033;GOOD;Moderate;GOOD;1
2023-01-21T20:39:41+00:00;379;66;14,4;16,2;62,5034;GOOD;Moderate;GOOD;1
2023-01-21T20:40:44+00:00;379;66;11,1;16,2;62,5035;GOOD;Moderate;GOOD;1
2023-01-21T20:41:46+00:00;379;66;12,5;16,3;62,5036;GOOD;Moderate;GOOD;1
2023-01-21T20:42:49+00:00;386;66;11;16,2;62,5037;GOOD;Moderate;GOOD;1
2023-01-21T20:43:52+00:00;379;66;15,5;16,1;62,5038;GOOD;Moderate;GOOD;1
2023-01-21T20:44:55+00:00;379;66;13,4;16,1;62,5039;GOOD;Moderate;GOOD;1
2023-01-21T20:45:58+00:00;386;66;12,8;16,1;62,504;GOOD;Moderate;GOOD;1
2023-01-21T20:47:01+00:00;380;66;13,4;16,1;62,5041;GOOD;Moderate;GOOD;1
2023-01-21T20:48:04+00:00;380;66;12;16,1;62,5042;GOOD;Moderate;GOOD;1
2023-01-21T20:49:07+00:00;381;66;17,7;16,1;62,5043;GOOD;Moderate;GOOD;1
2023-01-21T20:50:09+00:00;379;66;10,1;16,2;62,5044;GOOD;Moderate;GOOD;1
2023-01-21T20:51:12+00:00;380;66;9,6;16,2;62,5045;GOOD;Moderate;GOOD;1
2023-01-21T20:52:17+00:00;380;66;10,5;16,2;62,5046;GOOD;Moderate;GOOD;1
2023-01-21T20:53:18+00:00;380;6,4;12,8;16,2;62,5047;GOOD;GOOD;GOOD;0
2023-01-21T20:54:21+00:00;380;6,4;9,1;16,2;62,5048;GOOD;GOOD;GOOD;0
2023-01-21T20:55:24+00:00;380;6,4;12,3;16,2;62,5049;GOOD;GOOD;GOOD;0
2023-01-21T20:56:26+00:00;381;6,4;8,2;16,2;62,505;GOOD;GOOD;GOOD;0
2023-01-21T20:57:29+00:00;388;6,4;14,2;16,2;62,5051;GOOD;GOOD;GOOD;0
2023-01-21T20:58:32+00:00;388;6,4;45,9;16,2;62,5052;GOOD;GOOD;GOOD;0
2023-01-21T20:59:35+00:00;388;6,4;10,4;16,2;62,5053;GOOD;GOOD;GOOD;0
2023-01-21T21:00:38+00:00;354;6,4;15,3;16,2;62,5054;GOOD;GOOD;GOOD;0
2023-01-21T21:01:41+00:00;352;6,4;19,9;16,2;62,5055;GOOD;GOOD;GOOD;0
2023-01-21T21:02:43+00:00;355;6,4;14,1;16,1;62,5056;GOOD;GOOD;GOOD;0
2023-01-21T21:03:46+00:00;355;6,4;24,2;16;62,5057;GOOD;GOOD;GOOD;0
2023-01-21T21:04:49+00:00;363;6,4;24,2;15,9;62,5058;GOOD;GOOD;GOOD;0
2023-01-21T21:05:52+00:00;357;6,4;38,8;15,7;62,5059;GOOD;GOOD;GOOD;0
2023-01-21T21:06:54+00:00;358;6,4;43,4;15,7;62,506;GOOD;GOOD;GOOD;0
2023-01-21T21:07:57+00:00;358;6,4;52,4;15,6;62,5061;GOOD;GOOD;GOOD;0
2023-01-21T21:09:00+00:00;360;6,4;43,5;15,5;62,5062;GOOD;GOOD;GOOD;0
2023-01-21T21:10:03+00:00;360;6,4;44,8;15,6;62,5063;GOOD;GOOD;GOOD;0
2023-01-21T21:11:06+00:00;361;6,4;57,6;15,7;62,5064;GOOD;GOOD;GOOD;0
2023-01-21T21:12:09+00:00;361;6,4;48,5;15,7;62,5065;GOOD;GOOD;GOOD;0
2023-01-21T21:13:12+00:00;361;6,4;31,3;15,6;62,5066;GOOD;GOOD;GOOD;0
2023-01-21T21:14:15+00:00;361;6,4;33;15,7;62,5067;GOOD;GOOD;GOOD;0
2023-01-21T21:15:18+00:00;368;6,4;33,1;15,8;62,5068;GOOD;GOOD;GOOD;0
2023-01-21T21:16:21+00:00;369;6,4;32,1;15,9;62,5069;GOOD;GOOD;GOOD;0
2023-01-21T21:17:23+00:00;363;6,4;21,8;15,9;62,507;GOOD;GOOD;GOOD;0
2023-01-21T21:18:26+00:00;364;6,4;28,8;15,9;62,5071;GOOD;GOOD;GOOD;0
2023-01-21T21:19:29+00:00;363;6,4;17,8;16;62,5072;GOOD;GOOD;GOOD;0
2023-01-21T21:20:32+00:00;370;6,4;23;15,9;62,5073;GOOD;GOOD;GOOD;0
2023-01-21T21:21:35+00:00;363;6,4;21,6;15,8;62,5074;GOOD;GOOD;GOOD;0
2023-01-21T21:22:38+00:00;370;6,4;21,1;15,8;62,5075;GOOD;GOOD;GOOD;0
2023-01-21T21:23:41+00:00;364;6,4;20,9;15,7;62,5076;GOOD;GOOD;GOOD;0
2023-01-21T21:24:44+00:00;364;6,4;20,7;15,6;62,5077;GOOD;GOOD;GOOD;0
2023-01-21T21:25:46+00:00;364;6,4;24;15,6;62,5078;GOOD;GOOD;GOOD;0
2023-01-21T21:26:49+00:00;364;6,4;23,7;15,6;62,5079;GOOD;GOOD;GOOD;0
2023-01-21T21:27:52+00:00;365;6,4;21;15,5;62,508;GOOD;GOOD;GOOD;0
2023-01-21T21:28:55+00:00;364;6,4;21,3;15,6;62,5081;GOOD;GOOD;GOOD;0
2023-01-21T21:29:58+00:00;364;6,4;24,5;15,6;62,5082;GOOD;GOOD;GOOD;0
2023-01-21T21:31:01+00:00;364;6,4;18,7;15,5;62,5083;GOOD;GOOD;GOOD;0
2023-01-21T21:32:03+00:00;365;6,4;21,2;15,5;62,5084;GOOD;GOOD;GOOD;0
2023-01-21T21:33:06+00:00;365;6,4;16,6;15,5;62,5085;GOOD;GOOD;GOOD;0
2023-01-21T21:34:09+00:00;364;6,4;18,1;15,5;62,5086;GOOD;GOOD;GOOD;0
2023-01-21T21:35:12+00:00;365;6,4;14,3;15,6;62,5087;GOOD;GOOD;GOOD;0
2023-01-21T21:36:15+00:00;370;6,4;17,6;15,5;62,5088;GOOD;GOOD;GOOD;0
2023-01-21T21:37:18+00:00;365;6,4;13,6;15,5;62,5089;GOOD;GOOD;GOOD;0
2023-01-21T21:38:21+00:00;365;6,4;13,7;15,5;62,509;GOOD;GOOD;GOOD;0
2023-01-21T21:39:23+00:00;365;6,4;13,8;15,5;62,5091;GOOD;GOOD;GOOD;0
2023-01-21T21:40:26+00:00;366;6,4;15,3;15,5;62,5092;GOOD;GOOD;GOOD;0
2023-01-21T21:41:29+00:00;366;6,4;9,5;15,5;62,5093;GOOD;GOOD;GOOD;0
2023-01-21T21:42:32+00:00;365;6,4;12,6;15,5;62,5094;GOOD;GOOD;GOOD;0
2023-01-21T21:43:35+00:00;366;6,4;14,7;15,5;62,5095;GOOD;GOOD;GOOD;0
2023-01-21T21:44:37+00:00;366;6,4;12,6;15,6;62,5096;GOOD;GOOD;GOOD;0
2023-01-21T21:45:40+00:00;366;6,4;13,7;15,7;62,5097;GOOD;GOOD;GOOD;0
2023-01-21T21:46:43+00:00;373;6,4;17,4;15,7;62,5098;GOOD;GOOD;GOOD;0
2023-01-21T21:47:46+00:00;366;6,4;12,3;15,8;62,5099;GOOD;GOOD;GOOD;0
2023-01-21T21:48:49+00:00;367;6,4;13,1;15,7;62,51;GOOD;GOOD;GOOD;0
2023-01-21T21:49:52+00:00;368;6,4;14,5;15,7;62,5101;GOOD;GOOD;GOOD;0
2023-01-21T21:50:55+00:00;368;6,4;13,8;15,7;62,5102;GOOD;GOOD;GOOD;0
2023-01-21T21:51:57+00:00;368;6,4;11,8;15,7;62,5103;GOOD;GOOD;GOOD;0
2023-01-21T21:53:00+00:00;369;6,4;15,9;15,6;62,5104;GOOD;GOOD;GOOD;0
2023-01-21T21:54:03+00:00;369;6,4;10,8;15,6;62,5105;GOOD;GOOD;GOOD;0
2023-01-21T21:55:06+00:00;369;6,4;10,9;15,6;62,5106;GOOD;GOOD;GOOD;0
2023-01-21T21:56:11+00:00;369;6,4;13,1;15,6;62,5107;GOOD;GOOD;GOOD;0
2023-01-21T21:57:11+00:00;369;6,4;9,9;15,6;62,5108;GOOD;GOOD;GOOD;0
2023-01-21T21:58:14+00:00;369;6,4;11,9;15,6;62,5109;GOOD;GOOD;GOOD;0
2023-01-21T21:59:17+00:00;369;6,4;7,7;15,6;62,511;GOOD;GOOD;GOOD;0
2023-01-21T22:00:19+00:00;369;6,4;10,5;15,5;62,5111;GOOD;GOOD;GOOD;0
2023-01-21T22:01:22+00:00;370;6,4;9,6;15,5;62,5112;GOOD;GOOD;GOOD;0
2023-01-21T22:02:25+00:00;369;6,4;10,2;15,6;62,5113;GOOD;GOOD;GOOD;0
2023-01-21T22:03:28+00:00;370;6,4;8;15,5;62,5114;GOOD;GOOD;GOOD;0
2023-01-21T22:04:31+00:00;370;6,4;8,5;15,5;62,5115;GOOD;GOOD;GOOD;0
2023-01-21T22:05:34+00:00;370;6,4;9,8;15,5;62,5116;GOOD;GOOD;GOOD;0
2023-01-21T22:06:37+00:00;370;6,4;6,6;15,5;62,5117;GOOD;GOOD;GOOD;0
2023-01-21T22:07:39+00:00;372;6,4;8,4;15,5;62,5118;GOOD;GOOD;GOOD;0
2023-01-21T22:08:42+00:00;372;6,4;9,5;15,5;62,5119;GOOD;GOOD;GOOD;0
2023-01-21T22:09:45+00:00;372;6,4;8,9;15,5;62,512;GOOD;GOOD;GOOD;0
2023-01-21T22:10:48+00:00;372;6,4;8,5;15,5;62,5121;GOOD;GOOD;GOOD;0
2023-01-21T22:11:51+00:00;372;6,4;8,2;15,5;62,5122;GOOD;GOOD;GOOD;0
2023-01-21T22:12:54+00:00;372;6,4;8,4;15,5;62,5123;GOOD;GOOD;GOOD;0
2023-01-21T22:13:57+00:00;373;6,4;5,8;15,5;62,5124;GOOD;GOOD;GOOD;0
2023-01-21T22:14:59+00:00;373;6,4;11,2;15,5;62,5125;GOOD;GOOD;GOOD;0
2023-01-21T22:16:02+00:00;374;6,4;8,1;15,5;62,5126;GOOD;GOOD;GOOD;0
2023-01-21T22:17:05+00:00;380;6,4;7,7;15,4;62,5127;GOOD;GOOD;GOOD;0
2023-01-21T22:18:08+00:00;374;6,4;7,9;15,4;62,5128;GOOD;GOOD;GOOD;0
2023-01-21T22:19:11+00:00;374;6,4;8,8;15,5;62,5129;GOOD;GOOD;GOOD;0
2023-01-21T22:20:14+00:00;375;6,4;6,2;15,4;62,513;GOOD;GOOD;GOOD;0
2023-01-21T22:21:17+00:00;375;6,4;6,6;15,5;62,5131;GOOD;GOOD;GOOD;0
2023-01-21T22:22:20+00:00;376;6,4;8,2;15,5;62,5132;GOOD;GOOD;GOOD;0
2023-01-21T22:23:22+00:00;376;6,4;9,6;15,5;62,5133;GOOD;GOOD;GOOD;0
2023-01-21T22:24:25+00:00;375;6,4;6;15,5;62,5134;GOOD;GOOD;GOOD;0
2023-01-21T22:25:28+00:00;376;6,4;6,9;15,4;62,5135;GOOD;GOOD;GOOD;0
2023-01-21T22:26:31+00:00;376;6,4;5,4;15,4;62,5136;GOOD;GOOD;GOOD;0
2023-01-21T22:27:34+00:00;382;6,4;7,6;15,4;62,5137;GOOD;GOOD;GOOD;0
2023-01-21T22:28:37+00:00;376;6,4;5,5;15,4;62,5138;GOOD;GOOD;GOOD;0
2023-01-21T22:29:40+00:00;375;6,4;5,8;15,4;62,5139;GOOD;GOOD;GOOD;0
2023-01-21T22:30:43+00:00;381;6,4;5,3;15,4;62,514;GOOD;GOOD;GOOD;0
2023-01-21T22:31:45+00:00;377;6,4;6,1;15,4;62,5141;GOOD;GOOD;GOOD;0
2023-01-21T22:32:48+00:00;376;6,4;4,7;15,4;62,5142;GOOD;GOOD;GOOD;0
2023-01-21T22:33:52+00:00;376;6,4;4,3;15,3;62,5143;GOOD;GOOD;GOOD;0
2023-01-21T22:34:54+00:00;376;6,4;7,1;15,4;62,5144;GOOD;GOOD;GOOD;0
2023-01-21T22:35:57+00:00;376;6,4;5,6;15,3;62,5145;GOOD;GOOD;GOOD;0
2023-01-21T22:37:00+00:00;375;6,4;4;15,3;62,5146;GOOD;GOOD;GOOD;0
2023-01-21T22:38:03+00:00;376;6,4;5,1;15,3;62,5147;GOOD;GOOD;GOOD;0
2023-01-21T22:39:06+00:00;377;6,4;4,5;15,3;62,5148;GOOD;GOOD;GOOD;0
2023-01-21T22:40:08+00:00;377;6,4;5,7;15,3;62,5149;GOOD;GOOD;GOOD;0
2023-01-21T22:41:11+00:00;376;6,4;4,2;15,2;62,515;GOOD;GOOD;GOOD;0
2023-01-21T22:42:14+00:00;377;6,4;4,9;15,3;62,5151;GOOD;GOOD;GOOD;0
2023-01-21T22:43:17+00:00;376;6,4;4,1;15,3;62,5152;GOOD;GOOD;GOOD;0
2023-01-21T22:44:20+00:00;377;6,4;4;15,2;62,5153;GOOD;GOOD;GOOD;0
2023-01-21T22:45:23+00:00;377;6,4;4,2;15,2;62,5154;GOOD;GOOD;GOOD;0
2023-01-21T22:46:25+00:00;377;6,4;18,2;14,9;62,5155;GOOD;GOOD;GOOD;0
2023-01-21T22:47:28+00:00;377;6,4;15,4;14,9;62,5156;GOOD;GOOD;GOOD;0
2023-01-21T22:48:31+00:00;379;6,4;15,1;14,9;62,5157;GOOD;GOOD;GOOD;0
2023-01-21T22:49:33+00:00;379;6,4;15,8;14,9;62,5158;GOOD;GOOD;GOOD;0
2023-01-21T22:50:36+00:00;386;6,4;12,9;14,8;62,5159;GOOD;GOOD;GOOD;0
2023-01-21T22:51:39+00:00;379;6,4;15;14,8;62,516;GOOD;GOOD;GOOD;0
2023-01-21T22:52:42+00:00;379;6,4;12,7;14,8;62,5161;GOOD;GOOD;GOOD;0
2023-01-21T22:53:45+00:00;379;6,4;14,4;14,8;62,5162;GOOD;GOOD;GOOD;0
2023-01-21T22:54:48+00:00;379;6,4;12,9;14,8;62,5163;GOOD;GOOD;GOOD;0
2023-01-21T22:55:51+00:00;387;6,4;14,3;14,8;62,5164;GOOD;GOOD;GOOD;0
2023-01-21T22:56:54+00:00;379;6,4;13,1;14,8;62,5165;GOOD;GOOD;GOOD;0
2023-01-21T22:57:57+00:00;380;6,4;12,5;14,8;62,5166;GOOD;GOOD;GOOD;0
2023-01-21T22:59:00+00:00;379;6,4;11,9;14,9;62,5167;GOOD;GOOD;GOOD;0
2023-01-21T23:00:02+00:00;387;6,4;13,9;14,8;62,5168;GOOD;GOOD;GOOD;0
2023-01-21T23:01:05+00:00;387;6,4;12;14,9;62,5169;GOOD;GOOD;GOOD;0
2023-01-21T23:02:08+00:00;387;6,4;12,8;14,8;62,517;GOOD;GOOD;GOOD;0
2023-01-21T23:03:11+00:00;380;6,4;11,8;14,9;62,5171;GOOD;GOOD;GOOD;0
2023-01-21T23:04:14+00:00;380;6,4;13;14,8;62,5172;GOOD;GOOD;GOOD;0
2023-01-21T23:05:16+00:00;380;6,4;12;14,9;62,5173;GOOD;GOOD;GOOD;0
2023-01-21T23:06:19+00:00;387;6,4;12,4;14,9;62,5174;GOOD;GOOD;GOOD;0
2023-01-21T23:07:22+00:00;380;6,4;12,1;14,9;62,5175;GOOD;GOOD;GOOD;0
2023-01-21T23:08:25+00:00;381;6,4;13,3;14,9;62,5176;GOOD;GOOD;GOOD;0
2023-01-21T23:09:28+00:00;381;6,4;13,3;14,9;62,5177;GOOD;GOOD;GOOD;0
2023-01-21T23:10:31+00:00;381;6,4;12,1;14,9;62,5178;GOOD;GOOD;GOOD;0
2023-01-21T23:51:13+00:00;381;6,4;11,6;14,9;62,5179;GOOD;GOOD;GOOD;0
2023-01-21T23:52:16+00:00;381;6,4;11,4;14,9;62,518;GOOD;GOOD;GOOD;0
2023-01-21T23:53:18+00:00;388;6,4;12,3;14,9;62,5181;GOOD;GOOD;GOOD;0
2023-01-21T23:54:21+00:00;381;6,4;10,8;14,9;62,5182;GOOD;GOOD;GOOD;0
2023-01-21T23:55:24+00:00;381;6,4;10,8;14,9;62,5183;GOOD;GOOD;GOOD;0
2023-01-21T23:56:27+00:00;382;6,4;11,5;14,9;62,5184;GOOD;GOOD;GOOD;0
2023-01-21T23:57:30+00:00;382;6,4;9,2;14,9;62,5185;GOOD;GOOD;GOOD;0
2023-01-21T23:58:33+00:00;384;6,4;12;14,9;62,5186;GOOD;GOOD;GOOD;0
2023-01-21T23:59:35+00:00;384;6,4;9,2;14,9;62,5187;GOOD;GOOD;GOOD;0
2023-01-22T00:00:38+00:00;382;6,4;10,5;14,9;62,5188;GOOD;GOOD;GOOD;0
2023-01-22T00:01:41+00:00;384;6,4;8,7;14,9;62,5189;GOOD;GOOD;GOOD;0
2023-01-22T00:02:44+00:00;384;6,4;10,7;14,9;62,519;GOOD;GOOD;GOOD;0
2023-01-22T00:03:47+00:00;384;6,4;9,4;14,9;62,5191;GOOD;GOOD;GOOD;0
2023-01-22T00:04:50+00:00;384;6,4;8,5;14,9;62,5192;GOOD;GOOD;GOOD;0
2023-01-22T00:05:53+00:00;390;6,4;8,9;14,9;62,5193;GOOD;GOOD;GOOD;0
2023-01-22T00:06:56+00:00;385;6,4;8,8;14,9;62,5194;GOOD;GOOD;GOOD;0
2023-01-22T00:07:59+00:00;390;6,4;9,6;14,9;62,5195;GOOD;GOOD;GOOD;0
2023-01-22T00:09:02+00:00;386;6,4;10,6;14,9;62,5196;GOOD;GOOD;GOOD;0
2023-01-22T00:10:04+00:00;385;6,4;10,7;14,9;62,5197;GOOD;GOOD;GOOD;0
2023-01-22T00:11:07+00:00;385;6,4;9,9;15;62,5198;GOOD;GOOD;GOOD;0
2023-01-22T00:12:10+00:00;392;6,4;8,5;14,9;62,5199;GOOD;GOOD;GOOD;0
2023-01-22T00:13:13+00:00;386;6,4;9,9;15;62,52;GOOD;GOOD;GOOD;0
2023-01-22T00:14:16+00:00;386;6,4;8,5;14,9;62,5201;GOOD;GOOD;GOOD;0
2023-01-22T00:15:19+00:00;386;6,4;8,9;14,9;62,5202;GOOD;GOOD;GOOD;0
2023-01-22T00:16:21+00:00;391;6,4;11;15;62,5203;GOOD;GOOD;GOOD;0
2023-01-22T00:17:24+00:00;387;6,4;8,5;14,9;62,5204;GOOD;GOOD;GOOD;0
2023-01-22T00:18:27+00:00;386;6,4;11,1;14,9;62,5205;GOOD;GOOD;GOOD;0
2023-01-22T00:19:30+00:00;387;6,4;8,9;14,9;62,5206;GOOD;GOOD;GOOD;0
2023-01-22T00:21:40+00:00;392;6,4;8,2;14,9;62,5207;GOOD;GOOD;GOOD;0
2023-01-22T00:23:51+00:00;387;6,4;8;14,9;62,5208;GOOD;GOOD;GOOD;0
2023-01-22T00:24:54+00:00;393;6,4;7,5;14,9;62,5209;GOOD;GOOD;GOOD;0
2023-01-22T00:25:57+00:00;393;6,4;7,6;14,9;62,521;GOOD;GOOD;GOOD;0
2023-01-22T00:27:00+00:00;388;6,4;8;14,9;62,5211;GOOD;GOOD;GOOD;0
2023-01-22T00:28:03+00:00;387;6,4;7,3;14,8;62,5212;GOOD;GOOD;GOOD;0
2023-01-22T00:29:05+00:00;388;6,4;7,1;14,9;62,5213;GOOD;GOOD;GOOD;0
2023-01-22T00:30:08+00:00;394;6,4;7,8;14,9;62,5214;GOOD;GOOD;GOOD;0
2023-01-22T00:31:11+00:00;396;6,4;9,5;14,9;62,5215;GOOD;GOOD;GOOD;0
2023-01-22T00:32:14+00:00;388;6,4;5,9;14,8;62,5216;GOOD;GOOD;GOOD;0
2023-01-22T00:33:16+00:00;388;6,4;7,7;14,8;62,5217;GOOD;GOOD;GOOD;0
2023-01-22T00:34:19+00:00;394;6,4;7;14,8;62,5218;GOOD;GOOD;GOOD;0
2023-01-22T00:35:22+00:00;396;6,4;7,1;14,8;62,5219;GOOD;GOOD;GOOD;0
2023-01-22T00:36:25+00:00;388;6,4;7,2;14,8;62,522;GOOD;GOOD;GOOD;0
2023-01-22T00:37:28+00:00;388;6,4;6,3;14,9;62,5221;GOOD;GOOD;GOOD;0
2023-01-22T00:38:31+00:00;388;6,4;6,3;14,8;62,5222;GOOD;GOOD;GOOD;0
2023-01-22T00:39:34+00:00;389;6,4;5,8;14,8;62,5223;GOOD;GOOD;GOOD;0
2023-01-22T00:40:37+00:00;388;6,4;6,5;14,8;62,5224;GOOD;GOOD;GOOD;0
2023-01-22T00:41:40+00:00;389;6,4;8,9;14,8;62,5225;GOOD;GOOD;GOOD;0
2023-01-22T00:42:42+00:00;389;6,4;6,9;14,8;62,5226;GOOD;GOOD;GOOD;0
2023-01-22T00:43:45+00:00;390;6,4;5,4;14,8;62,5227;GOOD;GOOD;GOOD;0
2023-01-22T00:44:48+00:00;389;6,4;5,5;14,8;62,5228;GOOD;GOOD;GOOD;0
2023-01-22T00:45:51+00:00;389;6,4;5,2;14,8;62,5229;GOOD;GOOD;GOOD;0
2023-01-22T00:49:09+00:00;389;6,4;10,8;14,9;62,523;GOOD;GOOD;GOOD;0
2023-01-22T00:50:12+00:00;389;6,4;8,4;14,8;62,5231;GOOD;GOOD;GOOD;0
2023-01-22T00:51:15+00:00;389;6,4;6,2;14,8;62,5232;GOOD;GOOD;GOOD;0
2023-01-22T00:52:18+00:00;390;6,4;7,2;14,8;62,5233;GOOD;GOOD;GOOD;0
2023-01-22T00:53:20+00:00;398;6,4;6;14,8;62,5234;GOOD;GOOD;GOOD;0
2023-01-22T00:54:23+00:00;390;6,4;6,3;14,8;62,5235;GOOD;GOOD;GOOD;0
2023-01-22T00:55:26+00:00;390;6,4;5,6;14,8;62,5236;GOOD;GOOD;GOOD;0
2023-01-22T00:56:29+00:00;391;6,4;5,6;14,8;62,5237;GOOD;GOOD;GOOD;0
2023-01-22T00:57:32+00:00;391;6,4;7,4;14,8;62,5238;GOOD;GOOD;GOOD;0
2023-01-22T00:58:35+00:00;391;6,4;5,7;14,8;62,5239;GOOD;GOOD;GOOD;0
2023-01-22T00:59:37+00:00;391;6,4;6,3;14,8;62,524;GOOD;GOOD;GOOD;0
2023-01-22T01:00:40+00:00;398;6,4;6,4;14,8;62,5241;GOOD;GOOD;GOOD;0
2023-01-22T01:01:43+00:00;391;6,4;6,1;14,8;62,5242;GOOD;GOOD;GOOD;0
2023-01-22T01:02:46+00:00;391;6,4;5,2;14,8;62,5243;GOOD;GOOD;GOOD;0
2023-01-22T01:04:57+00:00;399;6,4;5,2;14,8;62,5244;GOOD;GOOD;GOOD;0
2023-01-22T01:05:59+00:00;399;6,4;4,8;14,8;62,5245;GOOD;GOOD;GOOD;0
2023-01-22T01:07:02+00:00;391;6,4;4,3;14,8;62,5246;GOOD;GOOD;GOOD;0
2023-01-22T01:08:05+00:00;391;6,4;6,5;14,8;62,5247;GOOD;GOOD;GOOD;0
2023-01-22T01:09:08+00:00;391;6,4;5,7;14,8;62,5248;GOOD;GOOD;GOOD;0
2023-01-22T01:10:11+00:00;399;6,4;5,3;14,8;62,5249;GOOD;GOOD;GOOD;0
2023-01-22T01:11:14+00:00;399;6,4;5,2;14,8;62,525;GOOD;GOOD;GOOD;0
2023-01-22T01:12:17+00:00;392;6,4;5,6;14,8;62,5251;GOOD;GOOD;GOOD;0
2023-01-22T01:13:19+00:00;391;6,4;5,1;14,8;62,5252;GOOD;GOOD;GOOD;0
2023-01-22T01:14:22+00:00;392;6,4;4,5;14,8;62,5253;GOOD;GOOD;GOOD;0
2023-01-22T01:15:25+00:00;392;6,4;6,2;14,8;62,5254;GOOD;GOOD;GOOD;0
2023-01-22T01:16:28+00:00;392;6,4;6,2;14,8;62,5255;GOOD;GOOD;GOOD;0
2023-01-22T01:17:31+00:00;392;6,4;6,3;14,8;62,5256;GOOD;GOOD;GOOD;0
2023-01-22T01:18:33+00:00;392;6,4;5,9;14,8;62,5257;GOOD;GOOD;GOOD;0
2023-01-22T01:19:36+00:00;399;6,4;5,9;14,8;62,5258;GOOD;GOOD;GOOD;0
2023-01-22T01:20:39+00:00;392;6,4;4,3;14,8;62,5259;GOOD;GOOD;GOOD;0
2023-01-22T01:21:42+00:00;392;6,4;6,2;14,8;62,526;GOOD;GOOD;GOOD;0
2023-01-22T01:22:45+00:00;392;6,4;5,2;14,8;62,5261;GOOD;GOOD;GOOD;0
2023-01-22T01:23:47+00:00;400;6,4;7,7;14,8;62,5262;GOOD;GOOD;GOOD;0
2023-01-22T01:24:50+00:00;392;6,4;10,3;14,8;62,5263;GOOD;GOOD;GOOD;0
2023-01-22T01:25:53+00:00;392;6,4;8,3;14,8;62,5264;GOOD;GOOD;GOOD;0
2023-01-22T01:26:56+00:00;400;6,4;9,3;14,8;62,5265;GOOD;GOOD;GOOD;0
2023-01-22T01:27:59+00:00;392;6,4;5,9;14,8;62,5266;GOOD;GOOD;GOOD;0
2023-01-22T01:29:02+00:00;393;6,4;6,9;14,8;62,5267;GOOD;GOOD;GOOD;0
2023-01-22T01:30:04+00:00;394;6,4;9,4;14,8;62,5268;GOOD;GOOD;GOOD;0
2023-01-22T01:31:07+00:00;393;6,4;11,7;14,8;62,5269;GOOD;GOOD;GOOD;0
2023-01-22T01:32:10+00:00;393;6,4;14,7;14,8;62,527;GOOD;GOOD;GOOD;0
2023-01-22T01:33:13+00:00;400;6,4;10,8;14,7;62,5271;GOOD;GOOD;GOOD;0
2023-01-22T01:34:16+00:00;394;6,4;7,9;14,7;62,5272;GOOD;GOOD;GOOD;0
2023-01-22T01:35:19+00:00;392;6,4;8,6;14,7;62,5273;GOOD;GOOD;GOOD;0
2023-01-22T01:37:29+00:00;401;6,4;7,1;14,7;62,5274;GOOD;GOOD;GOOD;0
2023-01-22T01:38:32+00:00;394;6,4;10,2;14,7;62,5275;GOOD;GOOD;GOOD;0
2023-01-22T01:40:43+00:00;394;6,4;5,9;14,7;62,5276;GOOD;GOOD;GOOD;0
2023-01-22T01:41:46+00:00;394;6,4;9,8;14,7;62,5277;GOOD;GOOD;GOOD;0
2023-01-22T01:42:48+00:00;394;6,4;8,1;14,7;62,5278;GOOD;GOOD;GOOD;0
2023-01-22T01:43:51+00:00;394;6,4;8,7;14,7;62,5279;GOOD;GOOD;GOOD;0
2023-01-22T01:44:54+00:00;394;6,4;6;14,6;62,528;GOOD;GOOD;GOOD;0
2023-01-22T01:45:57+00:00;394;6,4;9,6;14,7;62,5281;GOOD;GOOD;GOOD;0
2023-01-22T01:47:00+00:00;394;6,4;5,9;14,7;62,5282;GOOD;GOOD;GOOD;0
2023-01-22T01:48:03+00:00;394;6,4;7,2;14,7;62,5283;GOOD;GOOD;GOOD;0
2023-01-22T01:49:05+00:00;394;6,4;6,7;14,7;62,5284;GOOD;GOOD;GOOD;0
2023-01-22T01:50:08+00:00;394;6,4;6,8;14,7;62,5285;GOOD;GOOD;GOOD;0
2023-01-22T01:51:11+00:00;396;6,4;6,9;14,7;62,5286;GOOD;GOOD;GOOD;0
2023-01-22T01:52:14+00:00;401;6,4;8,5;14,7;62,5287;GOOD;GOOD;GOOD;0
2023-01-22T01:53:17+00:00;396;6,4;5,1;14,6;62,5288;GOOD;GOOD;GOOD;0
2023-01-22T01:54:20+00:00;396;6,4;4,9;14,6;62,5289;GOOD;GOOD;GOOD;0
2023-01-22T01:55:23+00:00;396;6,4;6,3;14,7;62,529;GOOD;GOOD;GOOD;0
2023-01-22T01:56:26+00:00;402;6,4;3,9;14,7;62,5291;GOOD;GOOD;GOOD;0
2023-01-22T01:57:28+00:00;396;6,4;9,1;14,7;62,5292;GOOD;GOOD;GOOD;0
2023-01-22T01:58:31+00:00;396;6,4;4,2;14,6;62,5293;GOOD;GOOD;GOOD;0
2023-01-22T01:59:34+00:00;397;6,4;5,1;14,7;62,5294;GOOD;GOOD;GOOD;0
2023-01-22T02:00:37+00:00;397;6,4;4,9;14,7;62,5295;GOOD;GOOD;GOOD;0
2023-01-22T02:01:40+00:00;396;6,4;4,6;14,7;62,5296;GOOD;GOOD;GOOD;0
2023-01-22T02:02:43+00:00;397;6,4;3,7;14,6;62,5297;GOOD;GOOD;GOOD;0
2023-01-22T02:03:45+00:00;397;6,4;4,1;14,6;62,5298;GOOD;GOOD;GOOD;0
2023-01-22T02:04:48+00:00;398;6,4;3,6;14,6;62,5299;GOOD;GOOD;GOOD;0
2023-01-22T02:05:51+00:00;397;6,4;4,4;14,7;62,53;GOOD;GOOD;GOOD;0
2023-01-22T02:06:54+00:00;397;6,4;5,8;14,7;62,5301;GOOD;GOOD;GOOD;0
2023-01-22T02:07:57+00:00;403;6,4;5,5;14,7;62,5302;GOOD;GOOD;GOOD;0
2023-01-22T02:09:00+00:00;397;6,4;7,5;14,6;62,5303;GOOD;GOOD;GOOD;0
2023-01-22T02:10:02+00:00;397;6,4;3,7;14,6;62,5304;GOOD;GOOD;GOOD;0
2023-01-22T02:11:05+00:00;397;6,4;5,1;14,7;62,5305;GOOD;GOOD;GOOD;0
2023-01-22T02:12:08+00:00;403;6,4;5,4;14,6;62,5306;GOOD;GOOD;GOOD;0
2023-01-22T02:13:11+00:00;397;6,4;3,7;14,6;62,5307;GOOD;GOOD;GOOD;0
2023-01-22T02:14:14+00:00;398;6,4;5;14,6;62,5308;GOOD;GOOD;GOOD;0
2023-01-22T02:15:17+00:00;398;6,4;4,3;14,6;62,5309;GOOD;GOOD;GOOD;0
2023-01-22T02:16:20+00:00;397;6,4;4,2;14,6;62,531;GOOD;GOOD;GOOD;0
2023-01-22T02:17:23+00:00;398;6,4;3,2;14,6;62,5311;GOOD;GOOD;GOOD;0
2023-01-22T02:18:25+00:00;404;6,4;3,7;14,6;62,5312;GOOD;GOOD;GOOD;0
2023-01-22T02:19:28+00:00;398;6,4;5,8;14,6;62,5313;GOOD;GOOD;GOOD;0
2023-01-22T02:20:31+00:00;398;6,4;4,8;14,6;62,5314;GOOD;GOOD;GOOD;0
2023-01-22T02:21:34+00:00;403;6,4;4,2;14,6;62,5315;GOOD;GOOD;GOOD;0
2023-01-22T02:22:37+00:00;398;6,4;5,4;14,6;62,5316;GOOD;GOOD;GOOD;0
2023-01-22T02:23:40+00:00;398;6,4;3;14,6;62,5317;GOOD;GOOD;GOOD;0
2023-01-22T02:24:43+00:00;398;6,4;4,3;14,6;62,5318;GOOD;GOOD;GOOD;0
2023-01-22T02:25:45+00:00;398;6,4;3,1;14,6;62,5319;GOOD;GOOD;GOOD;0
2023-01-22T02:26:48+00:00;399;6,4;3,5;14,6;62,532;GOOD;GOOD;GOOD;0
2023-01-22T02:27:51+00:00;398;6,4;3,2;14,6;62,5321;GOOD;GOOD;GOOD;0
2023-01-22T02:28:54+00:00;399;6,4;3,4;14,6;62,5322;GOOD;GOOD;GOOD;0
2023-01-22T02:29:57+00:00;398;6,4;5,2;14,6;62,5323;GOOD;GOOD;GOOD;0
2023-01-22T02:31:00+00:00;399;6,4;4,4;14,6;62,5324;GOOD;GOOD;GOOD;0
2023-01-22T02:32:03+00:00;399;6,4;3,5;14,6;62,5325;GOOD;GOOD;GOOD;0
2023-01-22T02:33:06+00:00;399;6,4;5,6;14,6;62,5326;GOOD;GOOD;GOOD;0
2023-01-22T02:34:08+00:00;399;6,4;5,9;14,6;62,5327;GOOD;GOOD;GOOD;0
2023-01-22T02:35:11+00:00;404;6,4;5,1;14,6;62,5328;GOOD;GOOD;GOOD;0
2023-01-22T02:36:14+00:00;399;6,4;2,1;14,6;62,5329;GOOD;GOOD;GOOD;0
2023-01-22T02:37:17+00:00;399;6,4;3,1;14,7;62,533;GOOD;GOOD;GOOD;0
2023-01-22T02:38:20+00:00;399;6,4;3,9;14,6;62,5331;GOOD;GOOD;GOOD;0
2023-01-22T02:39:23+00:00;399;6,4;3,9;14,6;62,5332;GOOD;GOOD;GOOD;0
2023-01-22T02:40:26+00:00;399;6,4;4,5;14,6;62,5333;GOOD;GOOD;GOOD;0
2023-01-22T02:41:28+00:00;398;6,4;2,8;14,6;62,5334;GOOD;GOOD;GOOD;0
2023-01-22T02:42:31+00:00;399;6,4;2,4;14,6;62,5335;GOOD;GOOD;GOOD;0
2023-01-22T02:43:34+00:00;405;6,4;4,2;14,6;62,5336;GOOD;GOOD;GOOD;0
2023-01-22T02:44:37+00:00;399;6,4;2,1;14,6;62,5337;GOOD;GOOD;GOOD;0
2023-01-22T02:45:40+00:00;405;6,4;1,9;14,6;62,5338;GOOD;GOOD;GOOD;0
2023-01-22T02:46:43+00:00;405;6,4;7,9;14,6;62,5339;GOOD;GOOD;GOOD;0
2023-01-22T02:47:46+00:00;399;6,4;4,3;14,6;62,534;GOOD;GOOD;GOOD;0
2023-01-22T02:48:48+00:00;399;6,4;3,4;14,6;62,5341;GOOD;GOOD;GOOD;0
2023-01-22T02:49:51+00:00;399;6,4;4,7;14,6;62,5342;GOOD;GOOD;GOOD;0
2023-01-22T02:50:54+00:00;405;6,4;4,5;14,6;62,5343;GOOD;GOOD;GOOD;0
2023-01-22T02:51:57+00:00;399;6,4;4,1;14,6;62,5344;GOOD;GOOD;GOOD;0
2023-01-22T02:52:59+00:00;400;6,4;2,5;14,6;62,5345;GOOD;GOOD;GOOD;0
2023-01-22T02:54:02+00:00;399;6,4;3,8;14,6;62,5346;GOOD;GOOD;GOOD;0
2023-01-22T02:55:05+00:00;405;6,4;6,7;14,5;62,5347;GOOD;GOOD;GOOD;0
2023-01-22T02:56:08+00:00;400;6,4;3,7;14,5;62,5348;GOOD;GOOD;GOOD;0
2023-01-22T02:57:11+00:00;400;6,4;6,1;14,5;62,5349;GOOD;GOOD;GOOD;0
2023-01-22T02:58:14+00:00;399;6,4;6,2;14,5;62,535;GOOD;GOOD;GOOD;0
2023-01-22T02:59:17+00:00;405;6,4;4,3;14,5;62,5351;GOOD;GOOD;GOOD;0
2023-01-22T03:00:20+00:00;399;6,4;5,6;14,5;62,5352;GOOD;GOOD;GOOD;0
2023-01-22T03:01:23+00:00;399;6,4;5,8;14,5;62,5353;GOOD;GOOD;GOOD;0
2023-01-22T03:02:26+00:00;405;6,4;3,7;14,5;62,5354;GOOD;GOOD;GOOD;0
2023-01-22T03:03:29+00:00;399;6,4;4,4;14,5;62,5355;GOOD;GOOD;GOOD;0
2023-01-22T03:04:31+00:00;399;6,4;3;14,5;62,5356;GOOD;GOOD;GOOD;0
2023-01-22T03:05:34+00:00;399;6,4;4,1;14,5;62,5357;GOOD;GOOD;GOOD;0
2023-01-22T03:06:37+00:00;405;6,4;5,3;14,5;62,5358;GOOD;GOOD;GOOD;0
2023-01-22T03:07:40+00:00;399;6,4;6,3;14,5;62,5359;GOOD;GOOD;GOOD;0
2023-01-22T03:08:43+00:00;399;6,4;4,4;14,5;62,536;GOOD;GOOD;GOOD;0
2023-01-22T03:09:45+00:00;399;6,4;4,4;14,5;62,5361;GOOD;GOOD;GOOD;0
2023-01-22T03:10:48+00:00;400;6,4;5,2;14,5;62,5362;GOOD;GOOD;GOOD;0
2023-01-22T03:11:52+00:00;405;6,4;3,3;14,5;62,5363;GOOD;GOOD;GOOD;0
2023-01-22T03:12:54+00:00;400;6,4;6;14,5;62,5364;GOOD;GOOD;GOOD;0
2023-01-22T03:13:57+00:00;400;6,4;3,7;14,5;62,5365;GOOD;GOOD;GOOD;0
2023-01-22T03:15:00+00:00;399;6,4;2,8;14,5;62,5366;GOOD;GOOD;GOOD;0
2023-01-22T03:16:03+00:00;400;6,4;3,3;14,5;62,5367;GOOD;GOOD;GOOD;0
2023-01-22T03:17:05+00:00;399;6,4;3,7;14,5;62,5368;GOOD;GOOD;GOOD;0
2023-01-22T03:18:08+00:00;406;6,4;4,8;14,5;62,5369;GOOD;GOOD;GOOD;0
2023-01-22T03:19:11+00:00;400;6,4;5;14,5;62,537;GOOD;GOOD;GOOD;0
2023-01-22T03:20:14+00:00;406;6,4;4;14,5;62,5371;GOOD;GOOD;GOOD;0
2023-01-22T03:21:17+00:00;399;6,4;4,1;14,5;62,5372;GOOD;GOOD;GOOD;0
2023-01-22T03:22:20+00:00;405;6,4;3,9;14,5;62,5373;GOOD;GOOD;GOOD;0
2023-01-22T03:23:22+00:00;399;6,4;4,2;14,5;62,5374;GOOD;GOOD;GOOD;0
2023-01-22T03:24:25+00:00;399;6,4;3,5;14,5;62,5375;GOOD;GOOD;GOOD;0
2023-01-22T03:25:28+00:00;406;6,4;2,9;14,5;62,5376;GOOD;GOOD;GOOD;0
2023-01-22T03:26:31+00:00;400;6,4;3,2;14,5;62,5377;GOOD;GOOD;GOOD;0
2023-01-22T03:27:34+00:00;400;6,4;5;14,5;62,5378;GOOD;GOOD;GOOD;0
2023-01-22T03:28:37+00:00;400;6,4;3,1;14,5;62,5379;GOOD;GOOD;GOOD;0
2023-01-22T03:29:40+00:00;400;6,4;4,2;14,5;62,538;GOOD;GOOD;GOOD;0
2023-01-22T03:30:43+00:00;400;6,4;3,6;14,5;62,5381;GOOD;GOOD;GOOD;0
2023-01-22T03:31:45+00:00;406;6,4;3,7;14,5;62,5382;GOOD;GOOD;GOOD;0
2023-01-22T03:32:48+00:00;400;6,4;4,6;14,5;62,5383;GOOD;GOOD;GOOD;0
2023-01-22T03:33:51+00:00;408;6,4;3,1;14,5;62,5384;GOOD;GOOD;GOOD;0
2023-01-22T03:34:54+00:00;401;6,4;4,3;14,5;62,5385;GOOD;GOOD;GOOD;0
2023-01-22T03:35:57+00:00;401;6,4;2,4;14,5;62,5386;GOOD;GOOD;GOOD;0
2023-01-22T03:37:00+00:00;406;6,4;4,5;14,5;62,5387;GOOD;GOOD;GOOD;0
2023-01-22T03:38:03+00:00;401;6,4;3,3;14,5;62,5388;GOOD;GOOD;GOOD;0
2023-01-22T03:39:05+00:00;408;6,4;4,8;14,4;62,5389;GOOD;GOOD;GOOD;0
2023-01-22T03:40:08+00:00;401;6,4;5,7;14,5;62,539;GOOD;GOOD;GOOD;0
2023-01-22T03:41:11+00:00;401;6,4;3,9;14,5;62,5391;GOOD;GOOD;GOOD;0
2023-01-22T03:42:14+00:00;400;6,4;4,9;14,4;62,5392;GOOD;GOOD;GOOD;0
2023-01-22T03:43:17+00:00;401;6,4;5,6;14,5;62,5393;GOOD;GOOD;GOOD;0
2023-01-22T03:44:20+00:00;401;6,4;4,7;14,4;62,5394;GOOD;GOOD;GOOD;0
2023-01-22T03:45:23+00:00;401;6,4;4,5;14,4;62,5395;GOOD;GOOD;GOOD;0
2023-01-22T03:46:25+00:00;408;6,4;3,2;14,4;62,5396;GOOD;GOOD;GOOD;0
2023-01-22T03:47:28+00:00;408;6,4;3,2;14,4;62,5397;GOOD;GOOD;GOOD;0
2023-01-22T03:49:39+00:00;402;6,4;5,4;14,4;62,5398;GOOD;GOOD;GOOD;0
2023-01-22T03:50:41+00:00;401;6,4;5,6;14,4;62,5399;GOOD;GOOD;GOOD;0
2023-01-22T03:51:44+00:00;401;6,4;3,3;14,4;62,54;GOOD;GOOD;GOOD;0
2023-01-22T03:52:47+00:00;408;6,4;2,5;14,4;62,5401;GOOD;GOOD;GOOD;0
2023-01-22T03:53:50+00:00;408;6,4;3,7;14,4;62,5402;GOOD;GOOD;GOOD;0
2023-01-22T03:54:53+00:00;401;6,4;2,2;14,4;62,5403;GOOD;GOOD;GOOD;0
2023-01-22T03:55:55+00:00;401;6,4;3;14,4;62,5404;GOOD;GOOD;GOOD;0
2023-01-22T03:56:59+00:00;408;6,4;5,6;14,4;62,5405;GOOD;GOOD;GOOD;0
2023-01-22T03:58:01+00:00;409;6,4;2,2;14,4;62,5406;GOOD;GOOD;GOOD;0
2023-01-22T03:59:06+00:00;401;6,4;4,1;14,4;62,5407;GOOD;GOOD;GOOD;0
2023-01-22T04:00:10+00:00;402;6,4;2,3;14,4;62,5408;GOOD;GOOD;GOOD;0
2023-01-22T04:01:10+00:00;408;6,4;3,3;14,4;62,5409;GOOD;GOOD;GOOD;0
2023-01-22T04:02:13+00:00;401;6,4;3,2;14,4;62,541;GOOD;GOOD;GOOD;0
2023-01-22T04:03:15+00:00;402;6,4;3;14,4;62,5411;GOOD;GOOD;GOOD;0
2023-01-22T04:04:18+00:00;401;6,4;2,6;14,4;62,5412;GOOD;GOOD;GOOD;0
2023-01-22T04:05:21+00:00;402;6,4;2;14,4;62,5413;GOOD;GOOD;GOOD;0
2023-01-22T04:06:24+00:00;402;6,4;3;14,4;62,5414;GOOD;GOOD;GOOD;0
2023-01-22T04:07:27+00:00;402;6,4;3,7;14,4;62,5415;GOOD;GOOD;GOOD;0
2023-01-22T04:08:30+00:00;402;6,4;2,7;14,4;62,5416;GOOD;GOOD;GOOD;0
2023-01-22T04:09:33+00:00;409;6,4;4,3;14,4;62,5417;GOOD;GOOD;GOOD;0
2023-01-22T04:10:36+00:00;402;6,4;3,1;14,4;62,5418;GOOD;GOOD;GOOD;0
2023-01-22T04:11:38+00:00;402;6,4;2,8;14,4;62,5419;GOOD;GOOD;GOOD;0
2023-01-22T04:12:41+00:00;409;6,4;2,3;14,4;62,542;GOOD;GOOD;GOOD;0
2023-01-22T04:13:44+00:00;402;6,4;2,9;14,4;62,5421;GOOD;GOOD;GOOD;0
2023-01-22T04:14:47+00:00;402;6,4;2,5;14,4;62,5422;GOOD;GOOD;GOOD;0
2023-01-22T04:15:50+00:00;402;6,4;3,1;14,4;62,5423;GOOD;GOOD;GOOD;0
2023-01-22T04:16:52+00:00;402;6,4;1,2;14,4;62,5424;GOOD;GOOD;GOOD;0
2023-01-22T04:17:56+00:00;402;6,4;2,9;14,4;62,5425;GOOD;GOOD;GOOD;0
2023-01-22T04:18:59+00:00;402;6,4;1,5;14,3;62,5426;GOOD;GOOD;GOOD;0
2023-01-22T04:20:01+00:00;401;6,4;1,6;14,4;62,5427;GOOD;GOOD;GOOD;0
2023-01-22T04:21:04+00:00;401;6,4;3,1;14,4;62,5428;GOOD;GOOD;GOOD;0
2023-01-22T04:22:07+00:00;402;6,4;3,8;14,4;62,5429;GOOD;GOOD;GOOD;0
2023-01-22T04:23:10+00:00;402;6,4;4;14,4;62,543;GOOD;GOOD;GOOD;0
2023-01-22T04:24:12+00:00;402;6,4;5,6;14,4;62,5431;GOOD;GOOD;GOOD;0
2023-01-22T04:25:15+00:00;402;6,4;4,1;14,4;62,5432;GOOD;GOOD;GOOD;0
2023-01-22T04:26:18+00:00;409;6,4;4,3;14,4;62,5433;GOOD;GOOD;GOOD;0
2023-01-22T04:27:21+00:00;402;6,4;2,6;14,4;62,5434;GOOD;GOOD;GOOD;0
2023-01-22T04:28:24+00:00;401;6,4;3,6;14,4;62,5435;GOOD;GOOD;GOOD;0
2023-01-22T04:29:27+00:00;402;6,4;2,9;14,4;62,5436;GOOD;GOOD;GOOD;0
2023-01-22T04:30:30+00:00;402;6,4;3,5;14,4;62,5437;GOOD;GOOD;GOOD;0
2023-01-22T04:31:33+00:00;402;6,4;2,6;14,4;62,5438;GOOD;GOOD;GOOD;0
2023-01-22T04:32:35+00:00;402;6,4;4;14,4;62,5439;GOOD;GOOD;GOOD;0
2023-01-22T04:33:38+00:00;403;6,4;4,4;14,4;62,544;GOOD;GOOD;GOOD;0
2023-01-22T04:34:42+00:00;402;6,4;4,3;14,4;62,5441;GOOD;GOOD;GOOD;0
2023-01-22T04:35:44+00:00;403;6,4;4,2;14,4;62,5442;GOOD;GOOD;GOOD;0
2023-01-22T04:36:47+00:00;402;6,4;2,6;14,4;62,5443;GOOD;GOOD;GOOD;0
2023-01-22T04:37:50+00:00;409;6,4;2,4;14,4;62,5444;GOOD;GOOD;GOOD;0
2023-01-22T04:38:53+00:00;402;6,4;4,2;14,4;62,5445;GOOD;GOOD;GOOD;0
2023-01-22T04:39:55+00:00;402;6,4;4,5;14,4;62,5446;GOOD;GOOD;GOOD;0
2023-01-22T04:40:58+00:00;402;6,4;2,5;14,4;62,5447;GOOD;GOOD;GOOD;0
2023-01-22T04:42:01+00:00;403;6,4;2,6;14,4;62,5448;GOOD;GOOD;GOOD;0
2023-01-22T04:43:04+00:00;402;6,4;4,1;14,4;62,5449;GOOD;GOOD;GOOD;0
2023-01-22T04:45:15+00:00;403;6,4;3,4;14,4;62,545;GOOD;GOOD;GOOD;0
2023-01-22T04:47:26+00:00;403;6,4;3,7;14,4;62,5451;GOOD;GOOD;GOOD;0
2023-01-22T04:48:28+00:00;403;6,4;4;14,5;62,5452;GOOD;GOOD;GOOD;0
2023-01-22T04:49:31+00:00;404;6,4;2,3;14,5;62,5453;GOOD;GOOD;GOOD;0
2023-01-22T04:50:34+00:00;405;6,4;3,1;14,5;62,5454;GOOD;GOOD;GOOD;0
2023-01-22T04:51:37+00:00;406;6,4;3,5;14,4;62,5455;GOOD;GOOD;GOOD;0
2023-01-22T04:52:39+00:00;405;6,4;2,9;14,5;62,5456;GOOD;GOOD;GOOD;0
2023-01-22T04:53:42+00:00;406;6,4;3,4;14,4;62,5457;GOOD;GOOD;GOOD;0
2023-01-22T04:54:45+00:00;413;6,4;1,8;14,5;62,5458;GOOD;GOOD;GOOD;0
2023-01-22T04:55:48+00:00;413;6,4;3,8;14,5;62,5459;GOOD;GOOD;GOOD;0
2023-01-22T04:56:51+00:00;414;6,4;1,4;14,5;62,546;GOOD;GOOD;GOOD;0
2023-01-22T04:57:53+00:00;406;6,4;3,2;14,4;62,5461;GOOD;GOOD;GOOD;0
2023-01-22T04:58:56+00:00;409;6,4;4,4;14,4;62,5462;GOOD;GOOD;GOOD;0
2023-01-22T04:59:59+00:00;410;6,4;2,7;14,5;62,5463;GOOD;GOOD;GOOD;0
2023-01-22T05:01:02+00:00;406;6,4;1,9;14,5;62,5464;GOOD;GOOD;GOOD;0
2023-01-22T05:02:05+00:00;413;6,4;2,4;14,5;62,5465;GOOD;GOOD;GOOD;0
2023-01-22T05:03:07+00:00;412;6,4;4,3;14,5;62,5466;GOOD;GOOD;GOOD;0
2023-01-22T05:05:18+00:00;406;6,4;2,1;14,4;62,5467;GOOD;GOOD;GOOD;0
2023-01-22T05:06:21+00:00;406;6,4;1,7;14,5;62,5468;GOOD;GOOD;GOOD;0
2023-01-22T05:07:24+00:00;413;6,4;3,3;14,5;62,5469;GOOD;GOOD;GOOD;0
2023-01-22T05:08:26+00:00;413;6,4;1,9;14,5;62,547;GOOD;GOOD;GOOD;0
2023-01-22T05:09:29+00:00;406;6,4;2;14,5;62,5471;GOOD;GOOD;GOOD;0
2023-01-22T05:10:32+00:00;406;6,4;2,2;14,5;62,5472;GOOD;GOOD;GOOD;0
2023-01-22T05:11:35+00:00;406;6,4;3,8;14,5;62,5473;GOOD;GOOD;GOOD;0
2023-01-22T05:12:38+00:00;406;6,4;5,2;14,6;62,5474;GOOD;GOOD;GOOD;0
2023-01-22T05:13:41+00:00;414;6,4;2,5;14,6;62,5475;GOOD;GOOD;GOOD;0
2023-01-22T05:14:44+00:00;415;6,4;1,7;14,6;62,5476;GOOD;GOOD;GOOD;0
2023-01-22T05:15:46+00:00;409;6,4;7,8;14,6;62,5477;GOOD;GOOD;GOOD;0
2023-01-22T05:16:49+00:00;420;6,4;2,7;14,6;62,5478;GOOD;GOOD;GOOD;0
2023-01-22T05:17:52+00:00;415;6,4;9;14,6;62,5479;GOOD;GOOD;GOOD;0
2023-01-22T05:18:55+00:00;409;6,4;6,3;14,6;62,548;GOOD;GOOD;GOOD;0
2023-01-22T05:19:58+00:00;409;6,4;2,7;14,6;62,5481;GOOD;GOOD;GOOD;0
2023-01-22T05:21:00+00:00;415;6,4;5,5;14,4;62,5482;GOOD;GOOD;GOOD;0
2023-01-22T05:22:03+00:00;409;6,4;5,7;14,4;62,5483;GOOD;GOOD;GOOD;0
2023-01-22T05:23:06+00:00;415;6,4;3,8;14,5;62,5484;GOOD;GOOD;GOOD;0
2023-01-22T05:24:09+00:00;408;6,4;8,1;14,5;62,5485;GOOD;GOOD;GOOD;0
2023-01-22T05:25:12+00:00;409;6,4;8;14,4;62,5486;GOOD;GOOD;GOOD;0
2023-01-22T05:26:15+00:00;409;6,4;9,2;14,5;62,5487;GOOD;GOOD;GOOD;0
2023-01-22T05:27:18+00:00;408;6,4;6,9;14,4;62,5488;GOOD;GOOD;GOOD;0
2023-01-22T05:29:28+00:00;406;6,4;9,3;14,4;62,5489;GOOD;GOOD;GOOD;0
2023-01-22T05:30:31+00:00;408;6,4;8,2;14,4;62,549;GOOD;GOOD;GOOD;0
2023-01-22T05:31:34+00:00;412;6,4;8,5;14,5;62,5491;GOOD;GOOD;GOOD;0
2023-01-22T05:32:36+00:00;406;6,4;5,9;14,5;62,5492;GOOD;GOOD;GOOD;0
2023-01-22T05:33:39+00:00;405;6,4;8,4;14,6;62,5493;GOOD;GOOD;GOOD;0
2023-01-22T05:34:42+00:00;406;6,4;13,1;14,6;62,5494;GOOD;GOOD;GOOD;0
2023-01-22T05:35:45+00:00;413;6,4;12,9;14,6;62,5495;GOOD;GOOD;GOOD;0
2023-01-22T05:36:48+00:00;406;6,4;9,2;14,6;62,5496;GOOD;GOOD;GOOD;0
2023-01-22T05:37:51+00:00;405;6,4;10,8;14,6;62,5497;GOOD;GOOD;GOOD;0
2023-01-22T05:38:53+00:00;404;6,4;5,7;14,6;62,5498;GOOD;GOOD;GOOD;0
2023-01-22T05:39:56+00:00;404;6,4;10,2;14,7;62,5499;GOOD;GOOD;GOOD;0
2023-01-22T05:40:59+00:00;404;6,4;4,9;14,7;62,55;GOOD;GOOD;GOOD;0
2023-01-22T05:42:02+00:00;406;6,4;7,7;14,7;62,5501;GOOD;GOOD;GOOD;0
2023-01-22T05:43:05+00:00;403;6,4;5,9;14,7;62,5502;GOOD;GOOD;GOOD;0
2023-01-22T05:44:07+00:00;405;6,4;3,7;14,7;62,5503;GOOD;GOOD;GOOD;0
2023-01-22T05:45:10+00:00;405;6,4;4,5;14,7;62,5504;GOOD;GOOD;GOOD;0
2023-01-22T05:46:13+00:00;404;6,4;6,9;14,7;62,5505;GOOD;GOOD;GOOD;0
2023-01-22T05:47:16+00:00;401;6,4;7,5;14,7;62,5506;GOOD;GOOD;GOOD;0
2023-01-22T05:48:18+00:00;398;6,4;7,4;14,7;62,5507;GOOD;GOOD;GOOD;0
2023-01-22T05:49:21+00:00;397;6,4;5,3;14,7;62,5508;GOOD;GOOD;GOOD;0
2023-01-22T05:50:26+00:00;402;6,4;5,5;14,7;62,5509;GOOD;GOOD;GOOD;0
2023-01-22T05:51:27+00:00;397;6,4;6,4;14,7;62,551;GOOD;GOOD;GOOD;0
2023-01-22T05:52:30+00:00;396;6,4;10,8;14,7;62,5511;GOOD;GOOD;GOOD;0
2023-01-22T05:53:32+00:00;394;6,4;11,4;14,7;62,5512;GOOD;GOOD;GOOD;0
2023-01-22T05:54:35+00:00;396;6,4;18,2;14,6;62,5513;GOOD;GOOD;GOOD;0
2023-01-22T05:55:38+00:00;401;6,4;16,4;14,6;62,5514;GOOD;GOOD;GOOD;0
2023-01-22T05:56:41+00:00;393;6,4;20,8;14,5;62,5515;GOOD;GOOD;GOOD;0
2023-01-22T05:57:44+00:00;393;6,4;20,7;14,5;62,5516;GOOD;GOOD;GOOD;0
2023-01-22T05:59:54+00:00;397;6,4;41,3;14,5;62,5517;GOOD;GOOD;GOOD;0
2023-01-22T06:00:57+00:00;398;6,4;28,5;14,4;62,5518;GOOD;GOOD;GOOD;0
2023-01-22T06:02:00+00:00;397;6,4;25,1;14,4;62,5519;GOOD;GOOD;GOOD;0
2023-01-22T06:03:03+00:00;404;6,4;18,6;14,4;62,552;GOOD;GOOD;GOOD;0
2023-01-22T06:04:06+00:00;404;6,4;16,9;14,5;62,5521;GOOD;GOOD;GOOD;0
2023-01-22T06:05:09+00:00;400;6,4;17,1;14,5;62,5522;GOOD;GOOD;GOOD;0
2023-01-22T06:06:11+00:00;405;6,4;16,1;14,6;62,5523;GOOD;GOOD;GOOD;0
2023-01-22T06:07:14+00:00;408;6,4;18,6;14,6;62,5524;GOOD;GOOD;GOOD;0
2023-01-22T06:08:17+00:00;403;6,4;13,3;14,6;62,5525;GOOD;GOOD;GOOD;0
2023-01-22T06:09:20+00:00;404;6,4;11,4;14,6;62,5526;GOOD;GOOD;GOOD;0
2023-01-22T06:10:23+00:00;404;6,4;13,9;14,6;62,5527;GOOD;GOOD;GOOD;0
2023-01-22T06:11:25+00:00;399;6,4;10,6;14,6;62,5528;GOOD;GOOD;GOOD;0
2023-01-22T06:13:36+00:00;401;6,4;10,3;14,6;62,5529;GOOD;GOOD;GOOD;0
2023-01-22T06:14:39+00:00;406;6,4;25,2;14,7;62,553;GOOD;GOOD;GOOD;0
2023-01-22T06:15:41+00:00;382;6,4;27,3;14,9;62,5531;GOOD;GOOD;GOOD;0
2023-01-22T06:16:44+00:00;387;6,4;13,9;15,1;62,5532;GOOD;GOOD;GOOD;0
2023-01-22T06:17:49+00:00;387;6,4;16;15,2;62,5533;GOOD;GOOD;GOOD;0
2023-01-22T06:18:50+00:00;392;6,4;16,4;15,3;62,5534;GOOD;GOOD;GOOD;0
2023-01-22T06:19:53+00:00;382;6,4;27,4;15,5;62,5535;GOOD;GOOD;GOOD;0
2023-01-22T06:20:55+00:00;381;6,4;44,9;15,5;62,5536;GOOD;GOOD;GOOD;0
2023-01-22T06:21:58+00:00;348;6,4;22,2;15,8;62,5537;GOOD;GOOD;GOOD;0
2023-01-22T06:23:01+00:00;374;6,4;27,5;15,8;62,5538;GOOD;GOOD;GOOD;0
2023-01-22T06:24:04+00:00;350;6,4;30,4;15,8;62,5539;GOOD;GOOD;GOOD;0
2023-01-22T06:25:07+00:00;372;6,4;18,8;15,7;62,554;GOOD;GOOD;GOOD;0
2023-01-22T06:26:09+00:00;380;6,4;24,6;15,7;62,5541;GOOD;GOOD;GOOD;0
2023-01-22T06:27:12+00:00;381;6,4;23,2;15,5;62,5542;GOOD;GOOD;GOOD;0
2023-01-22T06:28:15+00:00;374;6,4;14,4;15,5;62,5543;GOOD;GOOD;GOOD;0
2023-01-22T06:29:18+00:00;376;6,4;15;15,4;62,5544;GOOD;GOOD;GOOD;0
2023-01-22T06:30:21+00:00;376;6,4;23,3;15,3;62,5545;GOOD;GOOD;GOOD;0
2023-01-22T06:31:24+00:00;378;6,4;102,7;15,3;62,5546;GOOD;GOOD;GOOD;0
2023-01-22T06:32:27+00:00;378;6,4;64,9;15,3;62,5547;GOOD;GOOD;GOOD;0
2023-01-22T06:33:29+00:00;386;6,4;39,8;15,3;62,5548;GOOD;GOOD;GOOD;0
2023-01-22T06:34:32+00:00;394;6,4;21,4;15,3;62,5549;GOOD;GOOD;GOOD;0
2023-01-22T06:35:35+00:00;396;6,4;20,9;15,2;62,555;GOOD;GOOD;GOOD;0
2023-01-22T06:36:38+00:00;401;6,4;25,2;15,2;62,5551;GOOD;GOOD;GOOD;0
2023-01-22T06:37:41+00:00;392;6,4;16,3;15,2;62,5552;GOOD;GOOD;GOOD;0
2023-01-22T06:39:02+00:00;400;6,4;21,3;15,1;62,5553;GOOD;GOOD;GOOD;0
2023-01-22T06:40:05+00:00;400;6,4;24;15,1;62,5554;GOOD;GOOD;GOOD;0
2023-01-22T06:41:07+00:00;406;6,4;18,8;15,1;62,5555;GOOD;GOOD;GOOD;0
2023-01-22T06:42:10+00:00;401;6,4;19,8;15,1;62,5556;GOOD;GOOD;GOOD;0
2023-01-22T06:43:13+00:00;402;6,4;20,1;15,1;62,5557;GOOD;GOOD;GOOD;0
2023-01-22T06:44:16+00:00;403;6,4;28,8;15,1;62,5558;GOOD;GOOD;GOOD;0
2023-01-22T06:45:56+00:00;404;6,4;20,3;15,1;62,5559;GOOD;GOOD;GOOD;0
2023-01-22T06:47:37+00:00;406;6,4;17,1;15,2;62,556;GOOD;GOOD;GOOD;0
2023-01-22T06:48:39+00:00;405;6,4;19,1;15,2;62,5561;GOOD;GOOD;GOOD;0
2023-01-22T06:49:42+00:00;408;6,4;21,4;15,2;62,5562;GOOD;GOOD;GOOD;0
2023-01-22T06:50:44+00:00;414;6,4;22,1;15,1;62,5563;GOOD;GOOD;GOOD;0
2023-01-22T06:51:47+00:00;414;6,4;12,4;15,2;62,5564;GOOD;GOOD;GOOD;0
2023-01-22T06:52:50+00:00;411;6,4;12,8;15,1;62,5565;GOOD;GOOD;GOOD;0
2023-01-22T06:53:53+00:00;408;6,4;18,7;15,1;62,5566;GOOD;GOOD;GOOD;0
2023-01-22T06:54:56+00:00;401;6,4;28;15,1;62,5567;GOOD;GOOD;GOOD;0
2023-01-22T06:55:59+00:00;402;6,4;34;15,1;62,5568;GOOD;GOOD;GOOD;0
2023-01-22T06:57:01+00:00;423;6,4;28,5;15,1;62,5569;GOOD;GOOD;GOOD;0
2023-01-22T06:58:04+00:00;424;6,4;34,1;15,1;62,557;GOOD;GOOD;GOOD;0
2023-01-22T06:59:07+00:00;414;6,4;30,1;15,1;62,5571;GOOD;GOOD;GOOD;0
2023-01-22T07:00:10+00:00;411;6,4;23,7;15,1;62,5572;GOOD;GOOD;GOOD;0
2023-01-22T07:01:13+00:00;414;6,4;17,9;15,1;62,5573;GOOD;GOOD;GOOD;0
2023-01-22T07:02:16+00:00;427;6,4;20,7;15,1;62,5574;GOOD;GOOD;GOOD;0
2023-01-22T07:03:18+00:00;420;6,4;21,8;15,2;62,5575;GOOD;GOOD;GOOD;0
2023-01-22T07:05:32+00:00;413;6,4;20,8;15,1;62,5576;GOOD;GOOD;GOOD;0
2023-01-22T07:07:40+00:00;416;6,4;17,3;15,1;62,5577;GOOD;GOOD;GOOD;0
2023-01-22T07:08:43+00:00;415;6,4;13,1;15,1;62,5578;GOOD;GOOD;GOOD;0
2023-01-22T07:09:45+00:00;416;6,4;16,1;15,1;62,5579;GOOD;GOOD;GOOD;0
2023-01-22T07:10:48+00:00;417;6,4;13,1;15,1;62,558;GOOD;GOOD;GOOD;0
2023-01-22T07:11:51+00:00;418;6,4;13,3;15,1;62,5581;GOOD;GOOD;GOOD;0
2023-01-22T07:12:54+00:00;426;6,4;12,4;15,1;62,5582;GOOD;GOOD;GOOD;0
2023-01-22T07:13:57+00:00;428;6,4;13,4;15,1;62,5583;GOOD;GOOD;GOOD;0
2023-01-22T07:14:59+00:00;425;6,4;10,9;15,1;62,5584;GOOD;GOOD;GOOD;0
2023-01-22T07:16:02+00:00;420;6,4;14,1;15,1;62,5585;GOOD;GOOD;GOOD;0
2023-01-22T07:17:05+00:00;418;6,4;16,2;15;62,5586;GOOD;GOOD;GOOD;0
2023-01-22T07:18:08+00:00;418;6,4;7,8;15;62,5587;GOOD;GOOD;GOOD;0
2023-01-22T07:19:11+00:00;418;6,4;13;15;62,5588;GOOD;GOOD;GOOD;0
2023-01-22T07:20:14+00:00;420;6,4;7,5;15;62,5589;GOOD;GOOD;GOOD;0
2023-01-22T07:21:17+00:00;417;6,4;12,3;14,9;62,559;GOOD;GOOD;GOOD;0
2023-01-22T07:22:20+00:00;417;6,4;7,3;14,9;62,5591;GOOD;GOOD;GOOD;0
2023-01-22T07:23:23+00:00;417;6,4;16,3;14,9;62,5592;GOOD;GOOD;GOOD;0
2023-01-22T07:24:25+00:00;418;6,4;10;14,8;62,5593;GOOD;GOOD;GOOD;0
2023-01-22T07:25:28+00:00;417;6,4;11,3;14,8;62,5594;GOOD;GOOD;GOOD;0
2023-01-22T07:26:31+00:00;418;6,4;7,2;14,8;62,5595;GOOD;GOOD;GOOD;0
2023-01-22T07:27:34+00:00;405;6,4;8,1;14,8;62,5596;GOOD;GOOD;GOOD;0
2023-01-22T07:29:45+00:00;402;6,4;11,5;14,8;62,5597;GOOD;GOOD;GOOD;0
2023-01-22T07:30:47+00:00;401;6,4;9,5;14,9;62,5598;GOOD;GOOD;GOOD;0
2023-01-22T07:31:50+00:00;405;6,4;6,9;14,9;62,5599;GOOD;GOOD;GOOD;0
2023-01-22T07:32:53+00:00;402;6,4;7,2;14,9;62,56;GOOD;GOOD;GOOD;0
2023-01-22T07:33:56+00:00;404;6,4;9,5;14,9;62,5601;GOOD;GOOD;GOOD;0
2023-01-22T07:34:58+00:00;404;6,4;6,2;14,9;62,5602;GOOD;GOOD;GOOD;0
2023-01-22T07:36:01+00:00;403;6,4;9,2;14,9;62,5603;GOOD;GOOD;GOOD;0
2023-01-22T07:37:04+00:00;405;6,4;4,3;14,9;62,5604;GOOD;GOOD;GOOD;0
2023-01-22T07:38:07+00:00;404;6,4;7,7;14,9;62,5605;GOOD;GOOD;GOOD;0
2023-01-22T07:39:10+00:00;404;6,4;5,6;14,9;62,5606;GOOD;GOOD;GOOD;0
2023-01-22T07:40:12+00:00;402;6,4;7,9;15;62,5607;GOOD;GOOD;GOOD;0
2023-01-22T07:41:15+00:00;403;6,4;8,9;15;62,5608;GOOD;GOOD;GOOD;0
2023-01-22T07:42:18+00:00;401;6,4;6;15;62,5609;GOOD;GOOD;GOOD;0
2023-01-22T07:43:21+00:00;402;6,4;7,1;15;62,561;GOOD;GOOD;GOOD;0
2023-01-22T07:44:24+00:00;402;6,4;7,9;15;62,5611;GOOD;GOOD;GOOD;0
2023-01-22T07:45:27+00:00;403;6,4;7,4;15;62,5612;GOOD;GOOD;GOOD;0
2023-01-22T07:46:30+00:00;401;6,4;6,5;15;62,5613;GOOD;GOOD;GOOD;0
2023-01-22T07:47:32+00:00;402;6,4;8;15;62,5614;GOOD;GOOD;GOOD;0
2023-01-22T07:48:35+00:00;404;6,4;7,8;15;62,5615;GOOD;GOOD;GOOD;0
2023-01-22T07:49:38+00:00;406;6,4;7,6;14,9;62,5616;GOOD;GOOD;GOOD;0
2023-01-22T07:50:41+00:00;408;6,4;7,4;14,9;62,5617;GOOD;GOOD;GOOD;0
2023-01-22T07:51:44+00:00;409;6,4;4,9;14,9;62,5618;GOOD;GOOD;GOOD;0
2023-01-22T07:52:47+00:00;409;6,4;7,2;14,9;62,5619;GOOD;GOOD;GOOD;0
2023-01-22T07:53:50+00:00;409;6,4;6,9;14,9;62,562;GOOD;GOOD;GOOD;0
2023-01-22T07:54:52+00:00;410;6,4;6,4;14,9;62,5621;GOOD;GOOD;GOOD;0
2023-01-22T07:55:55+00:00;406;6,4;4,1;14,9;62,5622;GOOD;GOOD;GOOD;0
2023-01-22T07:56:58+00:00;406;6,4;4,9;14,9;62,5623;GOOD;GOOD;GOOD;0
2023-01-22T07:58:01+00:00;409;6,4;6,2;14,9;62,5624;GOOD;GOOD;GOOD;0
2023-01-22T07:59:04+00:00;406;6,4;6,1;14,9;62,5625;GOOD;GOOD;GOOD;0
2023-01-22T08:00:07+00:00;402;6,4;4,9;14,9;62,5626;GOOD;GOOD;GOOD;0
2023-01-22T08:01:10+00:00;403;6,4;5,2;14,9;62,5627;GOOD;GOOD;GOOD;0
2023-01-22T08:02:12+00:00;399;6,4;3,5;14,9;62,5628;GOOD;GOOD;GOOD;0
2023-01-22T08:03:15+00:00;399;6,4;5,3;14,9;62,5629;GOOD;GOOD;GOOD;0
2023-01-22T08:04:18+00:00;408;6,4;4,4;14,9;62,563;GOOD;GOOD;GOOD;0
2023-01-22T08:05:21+00:00;397;6,4;4,4;14,9;62,5631;GOOD;GOOD;GOOD;0
2023-01-22T08:06:24+00:00;397;6,4;3,4;14,9;62,5632;GOOD;GOOD;GOOD;0
2023-01-22T08:07:27+00:00;398;6,4;5,4;14,9;62,5633;GOOD;GOOD;GOOD;0
2023-01-22T08:08:30+00:00;411;6,4;4,8;14,9;62,5634;GOOD;GOOD;GOOD;0
2023-01-22T08:09:32+00:00;405;6,4;3,7;14,8;62,5635;GOOD;GOOD;GOOD;0
2023-01-22T08:10:35+00:00;400;6,4;3,5;14,8;62,5636;GOOD;GOOD;GOOD;0
2023-01-22T08:11:38+00:00;396;6,4;4,2;14,8;62,5637;GOOD;GOOD;GOOD;0
2023-01-22T08:12:41+00:00;394;6,4;3,6;14,8;62,5638;GOOD;GOOD;GOOD;0
2023-01-22T08:13:44+00:00;394;6,4;3;14,8;62,5639;GOOD;GOOD;GOOD;0
2023-01-22T08:14:47+00:00;393;6,4;2,9;14,8;62,564;GOOD;GOOD;GOOD;0
2023-01-22T08:15:50+00:00;401;6,4;4;14,8;62,5641;GOOD;GOOD;GOOD;0
2023-01-22T08:16:52+00:00;393;6,4;1,9;14,8;62,5642;GOOD;GOOD;GOOD;0
2023-01-22T08:17:55+00:00;392;6,4;1,8;14,8;62,5643;GOOD;GOOD;GOOD;0
2023-01-22T08:18:58+00:00;391;6,4;4,6;14,8;62,5644;GOOD;GOOD;GOOD;0
2023-01-22T08:20:01+00:00;392;6,4;2,9;14,8;62,5645;GOOD;GOOD;GOOD;0
2023-01-22T08:21:04+00:00;390;6,4;3,5;14,8;62,5646;GOOD;GOOD;GOOD;0
2023-01-22T08:22:07+00:00;389;6,4;4,2;14,8;62,5647;GOOD;GOOD;GOOD;0
2023-01-22T08:23:10+00:00;389;6,4;3,6;14,8;62,5648;GOOD;GOOD;GOOD;0
2023-01-22T08:24:12+00:00;388;6,4;2,9;14,8;62,5649;GOOD;GOOD;GOOD;0
2023-01-22T08:25:15+00:00;389;6,4;3,4;14,7;62,565;GOOD;GOOD;GOOD;0
2023-01-22T08:26:18+00:00;388;6,4;3,6;14,7;62,5651;GOOD;GOOD;GOOD;0
2023-01-22T08:28:29+00:00;389;6,4;2;14,7;62,5652;GOOD;GOOD;GOOD;0
2023-01-22T08:29:31+00:00;389;6,4;3,6;14,7;62,5653;GOOD;GOOD;GOOD;0
2023-01-22T08:30:34+00:00;391;6,4;3,1;14,7;62,5654;GOOD;GOOD;GOOD;0
2023-01-22T08:31:37+00:00;390;6,4;1,7;14,7;62,5655;GOOD;GOOD;GOOD;0
2023-01-22T08:33:48+00:00;390;6,4;2;14,7;62,5656;GOOD;GOOD;GOOD;0
2023-01-22T08:34:50+00:00;390;6,4;2,8;14,7;62,5657;GOOD;GOOD;GOOD;0
2023-01-22T08:35:53+00:00;390;6,4;3,6;14,7;62,5658;GOOD;GOOD;GOOD;0
2023-01-22T08:36:56+00:00;389;6,4;2,1;14,7;62,5659;GOOD;GOOD;GOOD;0
2023-01-22T08:37:59+00:00;389;6,4;2,9;14,7;62,566;GOOD;GOOD;GOOD;0
2023-01-22T08:39:01+00:00;389;6,4;2,9;14,7;62,5661;GOOD;GOOD;GOOD;0
2023-01-22T08:40:04+00:00;389;6,4;2,8;14,7;62,5662;GOOD;GOOD;GOOD;0
2023-01-22T08:42:15+00:00;396;6,4;2,9;14,7;62,5663;GOOD;GOOD;GOOD;0
2023-01-22T08:43:18+00:00;388;6,4;3;14,7;62,5664;GOOD;GOOD;GOOD;0
2023-01-22T08:44:21+00:00;388;6,4;3;14,7;62,5665;GOOD;GOOD;GOOD;0
2023-01-22T08:45:23+00:00;394;6,4;2;14,7;62,5666;GOOD;GOOD;GOOD;0
2023-01-22T08:46:26+00:00;394;6,4;1,9;14,7;62,5667;GOOD;GOOD;GOOD;0
2023-01-22T08:47:29+00:00;394;6,4;2,5;14,7;62,5668;GOOD;GOOD;GOOD;0
2023-01-22T08:48:32+00:00;387;6,4;2,4;14,7;62,5669;GOOD;GOOD;GOOD;0
2023-01-22T08:49:35+00:00;387;6,4;2,8;14,7;62,567;GOOD;GOOD;GOOD;0
2023-01-22T08:50:38+00:00;387;6,4;10;14,8;62,5671;GOOD;GOOD;GOOD;0
2023-01-22T08:51:41+00:00;387;6,4;10;14,8;62,5672;GOOD;GOOD;GOOD;0
2023-01-22T08:52:43+00:00;394;6,4;10;14,8;62,5673;GOOD;GOOD;GOOD;0
2023-01-22T08:54:54+00:00;389;6,4;10;14,8;62,5674;GOOD;GOOD;GOOD;0
2023-01-22T08:55:57+00:00;385;6,4;10;14,8;62,5675;GOOD;GOOD;GOOD;0
2023-01-22T08:57:00+00:00;384;6,4;10;14,8;62,5676;GOOD;GOOD;GOOD;0
2023-01-22T08:58:02+00:00;384;6,4;10;14,8;62,5677;GOOD;GOOD;GOOD;0
2023-01-22T08:59:05+00:00;384;6,4;10;14,8;62,5678;GOOD;GOOD;GOOD;0
2023-01-22T09:00:08+00:00;384;6,4;10;14,8;62,5679;GOOD;GOOD;GOOD;0
2023-01-22T09:01:11+00:00;386;6,4;10;14,8;62,568;GOOD;GOOD;GOOD;0
2023-01-22T09:02:13+00:00;388;6,4;10;14,8;62,5681;GOOD;GOOD;GOOD;0
2023-01-22T09:03:17+00:00;392;6,4;10;14,8;62,5682;GOOD;GOOD;GOOD;0
2023-01-22T09:04:19+00:00;392;6,4;10;14,8;62,5683;GOOD;GOOD;GOOD;0
2023-01-22T09:05:22+00:00;387;6,4;10;14,8;62,5684;GOOD;GOOD;GOOD;0
2023-01-22T09:06:28+00:00;386;6,4;1,8;14,8;62,5685;GOOD;GOOD;GOOD;0
2023-01-22T09:07:28+00:00;385;6,4;4,1;14,8;62,5686;GOOD;GOOD;GOOD;0
2023-01-22T09:08:31+00:00;384;6,4;3,9;14,9;62,5687;GOOD;GOOD;GOOD;0
2023-01-22T09:09:33+00:00;384;6,4;5,2;14,9;62,5688;GOOD;GOOD;GOOD;0
2023-01-22T09:11:44+00:00;385;6,4;4,2;14,9;62,5689;GOOD;GOOD;GOOD;0
2023-01-22T09:12:47+00:00;392;6,4;4,2;14,9;62,569;GOOD;GOOD;GOOD;0
2023-01-22T09:13:49+00:00;385;6,4;2,3;15;62,5691;GOOD;GOOD;GOOD;0
2023-01-22T09:14:52+00:00;386;6,4;1,8;15;62,5692;GOOD;GOOD;GOOD;0
2023-01-22T09:15:55+00:00;384;6,4;2,8;15;62,5693;GOOD;GOOD;GOOD;0
2023-01-22T09:16:58+00:00;382;6,4;2,2;15;62,5694;GOOD;GOOD;GOOD;0
2023-01-22T09:18:01+00:00;381;6,4;1,2;15;62,5695;GOOD;GOOD;GOOD;0
2023-01-22T09:20:11+00:00;381;6,4;3;15;62,5696;GOOD;GOOD;GOOD;0
2023-01-22T09:21:14+00:00;381;6,4;2,3;15;62,5697;GOOD;GOOD;GOOD;0
2023-01-22T09:22:17+00:00;382;6,4;2;15;62,5698;GOOD;GOOD;GOOD;0
2023-01-22T09:23:19+00:00;381;6,4;1,7;15,1;62,5699;GOOD;GOOD;GOOD;0
2023-01-22T09:24:22+00:00;381;6,4;2,7;15,1;62,57;GOOD;GOOD;GOOD;0
2023-01-22T09:25:25+00:00;382;6,4;3;15,1;62,5701;GOOD;GOOD;GOOD;0
2023-01-22T09:26:28+00:00;381;6,4;2,6;15,1;62,5702;GOOD;GOOD;GOOD;0
2023-01-22T09:28:38+00:00;381;6,4;2,6;15,1;62,5703;GOOD;GOOD;GOOD;0
2023-01-22T09:29:41+00:00;381;6,4;2,9;15,1;62,5704;GOOD;GOOD;GOOD;0
2023-01-22T09:30:44+00:00;381;6,4;1,9;15,1;62,5705;GOOD;GOOD;GOOD;0
2023-01-22T09:31:47+00:00;380;6,4;4;15,1;62,5706;GOOD;GOOD;GOOD;0
2023-01-22T09:32:49+00:00;388;6,4;3,3;15,1;62,5707;GOOD;GOOD;GOOD;0
2023-01-22T09:33:52+00:00;381;6,4;1,9;15,1;62,5708;GOOD;GOOD;GOOD;0
2023-01-22T09:34:55+00:00;381;6,4;2,7;15,1;62,5709;GOOD;GOOD;GOOD;0
2023-01-22T09:35:58+00:00;380;6,4;1,6;15,1;62,571;GOOD;GOOD;GOOD;0
2023-01-22T09:37:01+00:00;380;6,4;1,4;15,1;62,5711;GOOD;GOOD;GOOD;0
2023-01-22T09:38:03+00:00;380;6,4;2,3;15,1;62,5712;GOOD;GOOD;GOOD;0
2023-01-22T09:40:14+00:00;380;6,4;2,2;15,1;62,5713;GOOD;GOOD;GOOD;0
2023-01-22T09:41:17+00:00;387;6,4;3,3;15,1;62,5714;GOOD;GOOD;GOOD;0
2023-01-22T09:42:20+00:00;379;6,4;2,3;15,1;62,5715;GOOD;GOOD;GOOD;0
2023-01-22T09:43:23+00:00;379;6,4;3;15,1;62,5716;GOOD;GOOD;GOOD;0
2023-01-22T09:44:26+00:00;379;6,4;1,7;15,1;62,5717;GOOD;GOOD;GOOD;0
2023-01-22T09:45:29+00:00;379;6,4;2,4;15,1;62,5718;GOOD;GOOD;GOOD;0
2023-01-22T09:46:31+00:00;379;6,4;2,8;15,1;62,5719;GOOD;GOOD;GOOD;0
2023-01-22T09:47:34+00:00;379;6,4;1,7;15,1;62,572;GOOD;GOOD;GOOD;0
2023-01-22T09:48:37+00:00;379;6,4;2,1;15;62,5721;GOOD;GOOD;GOOD;0
2023-01-22T09:49:40+00:00;380;6,4;1,7;15;62,5722;GOOD;GOOD;GOOD;0
2023-01-22T09:50:43+00:00;388;6,4;2,2;15;62,5723;GOOD;GOOD;GOOD;0
2023-01-22T09:51:46+00:00;382;6,4;2,2;15;62,5724;GOOD;GOOD;GOOD;0
2023-01-22T09:52:49+00:00;384;6,4;0,9;15;62,5725;GOOD;GOOD;GOOD;0
2023-01-22T09:53:51+00:00;379;6,4;2,7;15;62,5726;GOOD;GOOD;GOOD;0
2023-01-22T09:54:54+00:00;380;6,4;2,9;15;62,5727;GOOD;GOOD;GOOD;0
2023-01-22T09:55:57+00:00;378;6,4;3;14,9;62,5728;GOOD;GOOD;GOOD;0
2023-01-22T09:57:02+00:00;378;6,4;2,7;14,9;62,5729;GOOD;GOOD;GOOD;0
2023-01-22T09:58:03+00:00;378;6,4;1,8;14,9;62,573;GOOD;GOOD;GOOD;0
2023-01-22T09:59:06+00:00;377;6,4;1,3;14,9;62,5731;GOOD;GOOD;GOOD;0
2023-01-22T10:01:16+00:00;377;6,4;1,9;14,9;62,5732;GOOD;GOOD;GOOD;0
2023-01-22T10:02:19+00:00;376;6,4;1,8;14,8;62,5733;GOOD;GOOD;GOOD;0
2023-01-22T10:03:22+00:00;382;6,4;1,6;14,8;62,5734;GOOD;GOOD;GOOD;0
2023-01-22T10:04:24+00:00;382;6,4;2,8;14,8;62,5735;GOOD;GOOD;GOOD;0
2023-01-22T10:05:27+00:00;382;6,4;2,1;14,8;62,5736;GOOD;GOOD;GOOD;0
2023-01-22T10:06:30+00:00;376;6,4;1,1;14,8;62,5737;GOOD;GOOD;GOOD;0
2023-01-22T10:07:33+00:00;375;6,4;1,1;14,8;62,5738;GOOD;GOOD;GOOD;0
2023-01-22T10:08:36+00:00;376;6,4;1,4;14,8;62,5739;GOOD;GOOD;GOOD;0
2023-01-22T10:09:39+00:00;375;6,4;1,5;14,8;62,574;GOOD;GOOD;GOOD;0
2023-01-22T10:10:41+00:00;376;6,4;2,8;14,8;62,5741;GOOD;GOOD;GOOD;0
2023-01-22T10:11:44+00:00;375;6,4;2,8;14,8;62,5742;GOOD;GOOD;GOOD;0
2023-01-22T10:12:47+00:00;375;6,4;2,3;14,8;62,5743;GOOD;GOOD;GOOD;0
2023-01-22T10:13:50+00:00;374;6,4;2,1;14,8;62,5744;GOOD;GOOD;GOOD;0
2023-01-22T10:14:53+00:00;385;6,4;10,7;14,8;62,5745;GOOD;GOOD;GOOD;0
2023-01-22T10:15:56+00:00;400;6,4;4,5;14,8;62,5746;GOOD;GOOD;GOOD;0
2023-01-22T10:16:59+00:00;406;6,4;3,5;14,8;62,5747;GOOD;GOOD;GOOD;0
2023-01-22T10:18:02+00:00;405;6,4;5,8;14,8;62,5748;GOOD;GOOD;GOOD;0
2023-01-22T10:19:04+00:00;404;6,4;6,1;14,8;62,5749;GOOD;GOOD;GOOD;0
2023-01-22T10:20:07+00:00;403;6,4;6,3;14,8;62,575;GOOD;GOOD;GOOD;0
2023-01-22T10:21:11+00:00;404;6,4;5,1;14,8;62,5751;GOOD;GOOD;GOOD;0
2023-01-22T10:23:22+00:00;413;6,4;6,8;14,8;62,5752;GOOD;GOOD;GOOD;0
2023-01-22T10:24:25+00:00;413;6,4;8,2;14,8;62,5753;GOOD;GOOD;GOOD;0
2023-01-22T10:25:27+00:00;424;6,4;4;14,9;62,5754;GOOD;GOOD;GOOD;0
2023-01-22T10:26:30+00:00;406;6,4;8;15;62,5755;GOOD;GOOD;GOOD;0
2023-01-22T10:27:33+00:00;412;6,4;5,2;15;62,5756;GOOD;GOOD;GOOD;0
2023-01-22T10:28:36+00:00;406;6,4;5,8;15,1;62,5757;GOOD;GOOD;GOOD;0
2023-01-22T10:29:39+00:00;409;6,4;6,1;15,1;62,5758;GOOD;GOOD;GOOD;0
2023-01-22T10:30:42+00:00;412;6,4;5,9;15,2;62,5759;GOOD;GOOD;GOOD;0
2023-01-22T10:31:44+00:00;409;6,4;3,2;15,2;62,576;GOOD;GOOD;GOOD;0
2023-01-22T10:33:55+00:00;421;6,4;9,5;15,2;62,5761;GOOD;GOOD;GOOD;0
2023-01-22T10:34:58+00:00;432;6,4;3,7;15,2;62,5762;GOOD;GOOD;GOOD;0
2023-01-22T10:36:01+00:00;429;6,4;5,2;15,2;62,5763;GOOD;GOOD;GOOD;0
2023-01-22T10:37:04+00:00;421;6,4;3,3;15,2;62,5764;GOOD;GOOD;GOOD;0
2023-01-22T10:38:06+00:00;406;6,4;4,3;15,2;62,5765;GOOD;GOOD;GOOD;0
2023-01-22T10:39:09+00:00;408;6,4;5,3;15,3;62,5766;GOOD;GOOD;GOOD;0
2023-01-22T10:41:26+00:00;403;6,4;5,5;15,2;62,5767;GOOD;GOOD;GOOD;0
2023-01-22T10:42:28+00:00;403;6,4;3,3;15,2;62,5768;GOOD;GOOD;GOOD;0
2023-01-22T10:43:31+00:00;402;6,4;4,3;15,2;62,5769;GOOD;GOOD;GOOD;0
2023-01-22T10:44:34+00:00;400;6,4;7;15,2;62,577;GOOD;GOOD;GOOD;0
2023-01-22T10:45:37+00:00;398;6,4;4,1;15,2;62,5771;GOOD;GOOD;GOOD;0
2023-01-22T10:46:40+00:00;398;6,4;5,8;15,2;62,5772;GOOD;GOOD;GOOD;0
2023-01-22T10:47:43+00:00;397;6,4;6,6;15,1;62,5773;GOOD;GOOD;GOOD;0
2023-01-22T10:48:45+00:00;398;6,4;6,1;15,1;62,5774;GOOD;GOOD;GOOD;0
2023-01-22T10:49:48+00:00;399;6,4;4,9;15,1;62,5775;GOOD;GOOD;GOOD;0
2023-01-22T10:50:51+00:00;399;6,4;5;15,1;62,5776;GOOD;GOOD;GOOD;0
2023-01-22T10:51:54+00:00;398;6,4;4,7;15,1;62,5777;GOOD;GOOD;GOOD;0
2023-01-22T10:52:57+00:00;399;6,4;5,2;15,1;62,5778;GOOD;GOOD;GOOD;0
2023-01-22T10:54:00+00:00;399;6,4;4,1;15,1;62,5779;GOOD;GOOD;GOOD;0
2023-01-22T10:55:02+00:00;399;6,4;6,3;15,1;62,578;GOOD;GOOD;GOOD;0
2023-01-22T10:56:05+00:00;400;6,4;4,3;15,1;62,5781;GOOD;GOOD;GOOD;0
2023-01-22T10:57:08+00:00;402;6,4;6,5;15,1;62,5782;GOOD;GOOD;GOOD;0
2023-01-22T10:58:11+00:00;400;6,4;3,5;15,1;62,5783;GOOD;GOOD;GOOD;0
2023-01-22T10:59:14+00:00;404;6,4;4,9;15,2;62,5784;GOOD;GOOD;GOOD;0
2023-01-22T11:00:20+00:00;403;6,4;3,9;15,2;62,5785;GOOD;GOOD;GOOD;0
2023-01-22T11:01:20+00:00;398;6,4;3,7;15,2;62,5786;GOOD;GOOD;GOOD;0
2023-01-22T11:02:23+00:00;398;6,4;2,8;15,1;62,5787;GOOD;GOOD;GOOD;0
2023-01-22T11:03:25+00:00;398;6,4;4,9;15,1;62,5788;GOOD;GOOD;GOOD;0
2023-01-22T11:04:28+00:00;398;6,4;3,8;15,2;62,5789;GOOD;GOOD;GOOD;0
2023-01-22T11:05:31+00:00;398;6,4;2,5;15,1;62,579;GOOD;GOOD;GOOD;0
2023-01-22T11:06:34+00:00;398;6,4;4,2;15,1;62,5791;GOOD;GOOD;GOOD;0
2023-01-22T11:07:37+00:00;398;6,4;3,1;15,1;62,5792;GOOD;GOOD;GOOD;0
2023-01-22T11:08:40+00:00;397;6,4;2,1;15,1;62,5793;GOOD;GOOD;GOOD;0
2023-01-22T11:09:43+00:00;398;6,4;2,3;15,1;62,5794;GOOD;GOOD;GOOD;0
2023-01-22T11:10:48+00:00;404;6,4;2,5;15,1;62,5795;GOOD;GOOD;GOOD;0
2023-01-22T11:11:48+00:00;398;6,4;2,6;15,1;62,5796;GOOD;GOOD;GOOD;0
2023-01-22T11:12:51+00:00;404;6,4;3,6;15,1;62,5797;GOOD;GOOD;GOOD;0
2023-01-22T11:13:54+00:00;398;6,4;3,2;15,1;62,5798;GOOD;GOOD;GOOD;0
2023-01-22T11:14:57+00:00;404;6,4;2,7;15;62,5799;GOOD;GOOD;GOOD;0
2023-01-22T11:16:00+00:00;398;6,4;4,3;15;62,58;GOOD;GOOD;GOOD;0
2023-01-22T11:17:02+00:00;405;6,4;3,4;15;62,5801;GOOD;GOOD;GOOD;0
2023-01-22T11:18:06+00:00;399;6,4;4,5;15;62,5802;GOOD;GOOD;GOOD;0
2023-01-22T11:19:09+00:00;400;6,4;4;15;62,5803;GOOD;GOOD;GOOD;0
2023-01-22T11:20:11+00:00;408;6,4;3,6;15;62,5804;GOOD;GOOD;GOOD;0
2023-01-22T11:21:14+00:00;406;6,4;7,6;15,1;62,5805;GOOD;GOOD;GOOD;0
2023-01-22T11:22:17+00:00;399;6,4;8,6;15,1;62,5806;GOOD;GOOD;GOOD;0
2023-01-22T11:23:20+00:00;399;6,4;6,8;15;62,5807;GOOD;GOOD;GOOD;0
2023-01-22T11:24:22+00:00;399;6,4;9;15,1;62,5808;GOOD;GOOD;GOOD;0
2023-01-22T11:25:25+00:00;399;6,4;11,6;15,1;62,5809;GOOD;GOOD;GOOD;0
2023-01-22T11:26:28+00:00;399;6,4;8;15,1;62,581;GOOD;GOOD;GOOD;0
2023-01-22T11:27:31+00:00;398;6,4;8,5;15;62,5811;GOOD;GOOD;GOOD;0
2023-01-22T11:28:34+00:00;398;6,4;8,3;15;62,5812;GOOD;GOOD;GOOD;0
2023-01-22T11:29:37+00:00;398;6,4;6,3;15;62,5813;GOOD;GOOD;GOOD;0
2023-01-22T11:30:40+00:00;398;6,4;7,3;15;62,5814;GOOD;GOOD;GOOD;0
2023-01-22T11:31:43+00:00;403;6,4;6,1;15;62,5815;GOOD;GOOD;GOOD;0
2023-01-22T11:32:45+00:00;398;6,4;6,6;15;62,5816;GOOD;GOOD;GOOD;0
2023-01-22T11:33:48+00:00;398;6,4;11,1;15;62,5817;GOOD;GOOD;GOOD;0
2023-01-22T11:34:51+00:00;398;6,4;7,5;15;62,5818;GOOD;GOOD;GOOD;0
2023-01-22T11:35:54+00:00;397;6,4;11,2;14,9;62,5819;GOOD;GOOD;GOOD;0
2023-01-22T11:36:57+00:00;398;6,4;8,6;14,8;62,582;GOOD;GOOD;GOOD;0
2023-01-22T11:38:00+00:00;397;6,4;7,2;14,6;62,5821;GOOD;GOOD;GOOD;0
2023-01-22T11:39:03+00:00;398;6,4;9,4;14,5;62,5822;GOOD;GOOD;GOOD;0
2023-01-22T11:40:06+00:00;397;6,4;10,1;14,6;62,5823;GOOD;GOOD;GOOD;0
2023-01-22T11:41:08+00:00;403;6,4;7,4;14,6;62,5824;GOOD;GOOD;GOOD;0
2023-01-22T11:42:11+00:00;397;6,4;7;14,6;62,5825;GOOD;GOOD;GOOD;0
2023-01-22T11:43:14+00:00;404;6,4;11,5;14,7;62,5826;GOOD;GOOD;GOOD;0
2023-01-22T11:44:17+00:00;398;6,4;8,4;14,7;62,5827;GOOD;GOOD;GOOD;0
2023-01-22T11:45:20+00:00;398;6,4;4,9;14,8;62,5828;GOOD;GOOD;GOOD;0
2023-01-22T11:46:23+00:00;398;6,4;5,9;14,8;62,5829;GOOD;GOOD;GOOD;0
2023-01-22T11:47:25+00:00;398;6,4;5,2;14,8;62,583;GOOD;GOOD;GOOD;0
2023-01-22T11:48:28+00:00;398;6,4;5,4;14,8;62,5831;GOOD;GOOD;GOOD;0
2023-01-22T11:49:31+00:00;397;6,4;4,2;14,9;62,5832;GOOD;GOOD;GOOD;0
2023-01-22T11:50:34+00:00;398;6,4;6,7;14,9;62,5833;GOOD;GOOD;GOOD;0
2023-01-22T11:52:44+00:00;404;6,4;2,6;14,9;62,5834;GOOD;GOOD;GOOD;0
2023-01-22T11:53:47+00:00;398;6,4;4,8;14,9;62,5835;GOOD;GOOD;GOOD;0
2023-01-22T11:54:50+00:00;398;6,4;3,2;14,9;62,5836;GOOD;GOOD;GOOD;0
2023-01-22T11:55:52+00:00;399;6,4;2,7;14,9;62,5837;GOOD;GOOD;GOOD;0
2023-01-22T11:56:55+00:00;400;6,4;4,3;14,9;62,5838;GOOD;GOOD;GOOD;0
2023-01-22T11:57:58+00:00;410;6,4;4,1;14,9;62,5839;GOOD;GOOD;GOOD;0
2023-01-22T11:59:01+00:00;412;6,4;3,7;14,9;62,584;GOOD;GOOD;GOOD;0
2023-01-22T12:00:04+00:00;405;6,4;3,8;14,9;62,5841;GOOD;GOOD;GOOD;0
2023-01-22T12:01:07+00:00;404;6,4;5,7;14,9;62,5842;GOOD;GOOD;GOOD;0
2023-01-22T12:02:10+00:00;403;6,4;4,9;15;62,5843;GOOD;GOOD;GOOD;0
2023-01-22T12:03:13+00:00;404;6,4;3,7;15;62,5844;GOOD;GOOD;GOOD;0
2023-01-22T12:04:16+00:00;403;6,4;3,5;14,9;62,5845;GOOD;GOOD;GOOD;0
2023-01-22T12:05:18+00:00;403;6,4;4,2;14,9;62,5846;GOOD;GOOD;GOOD;0
2023-01-22T12:06:21+00:00;410;6,4;3,7;14,9;62,5847;GOOD;GOOD;GOOD;0
2023-01-22T12:07:24+00:00;403;6,4;4,5;14,9;62,5848;GOOD;GOOD;GOOD;0
2023-01-22T12:08:27+00:00;403;6,4;3,3;14,9;62,5849;GOOD;GOOD;GOOD;0
2023-01-22T12:09:29+00:00;402;6,4;3,7;14,9;62,585;GOOD;GOOD;GOOD;0
2023-01-22T12:10:32+00:00;410;6,4;1,7;14,9;62,5851;GOOD;GOOD;GOOD;0
2023-01-22T12:12:43+00:00;402;6,4;5,3;14,9;62,5852;GOOD;GOOD;GOOD;0
2023-01-22T12:13:45+00:00;403;6,4;1,9;14,9;62,5853;GOOD;GOOD;GOOD;0
2023-01-22T12:14:48+00:00;402;6,4;3,5;14,9;62,5854;GOOD;GOOD;GOOD;0
2023-01-22T12:15:51+00:00;404;6,4;3;14,8;62,5855;GOOD;GOOD;GOOD;0
2023-01-22T12:16:54+00:00;404;6,4;3,3;14,8;62,5856;GOOD;GOOD;GOOD;0
2023-01-22T12:17:57+00:00;406;6,4;4;14,8;62,5857;GOOD;GOOD;GOOD;0
2023-01-22T12:18:59+00:00;406;6,4;4;14,9;62,5858;GOOD;GOOD;GOOD;0
2023-01-22T12:20:03+00:00;405;6,4;3,7;14,9;62,5859;GOOD;GOOD;GOOD;0
2023-01-22T12:21:06+00:00;405;6,4;2;14,9;62,586;GOOD;GOOD;GOOD;0
2023-01-22T12:22:08+00:00;405;6,4;3,3;14,9;62,5861;GOOD;GOOD;GOOD;0
2023-01-22T12:23:11+00:00;405;6,4;2,5;14,9;62,5862;GOOD;GOOD;GOOD;0
2023-01-22T12:24:14+00:00;405;6,4;1,8;15;62,5863;GOOD;GOOD;GOOD;0
2023-01-22T12:25:17+00:00;405;6,4;2,5;15;62,5864;GOOD;GOOD;GOOD;0
2023-01-22T12:26:19+00:00;404;6,4;3;15,1;62,5865;GOOD;GOOD;GOOD;0
2023-01-22T12:27:22+00:00;411;6,4;2,7;15,1;62,5866;GOOD;GOOD;GOOD;0
2023-01-22T12:28:25+00:00;404;6,4;4;15,1;62,5867;GOOD;GOOD;GOOD;0
2023-01-22T12:29:28+00:00;404;6,4;6,6;15,1;62,5868;GOOD;GOOD;GOOD;0
2023-01-22T12:30:31+00:00;404;6,4;14,9;15,1;62,5869;GOOD;GOOD;GOOD;0
2023-01-22T12:31:34+00:00;402;6,4;20,9;14,9;62,587;GOOD;GOOD;GOOD;0
2023-01-22T12:32:37+00:00;403;6,4;22,8;14,8;62,5871;GOOD;GOOD;GOOD;0
2023-01-22T12:33:39+00:00;403;6,4;26,7;14,7;62,5872;GOOD;GOOD;GOOD;0
2023-01-22T12:34:42+00:00;402;6,4;21,8;14,7;62,5873;GOOD;GOOD;GOOD;0
2023-01-22T12:35:45+00:00;402;6,4;19,7;14,7;62,5874;GOOD;GOOD;GOOD;0
2023-01-22T12:36:50+00:00;408;6,4;24,9;14,6;62,5875;GOOD;GOOD;GOOD;0
2023-01-22T12:37:51+00:00;401;6,4;20,3;14,6;62,5876;GOOD;GOOD;GOOD;0
2023-01-22T12:38:54+00:00;401;6,4;27,1;14,7;62,5877;GOOD;GOOD;GOOD;0
2023-01-22T12:39:56+00:00;400;6,4;31,4;14,7;62,5878;GOOD;GOOD;GOOD;0
2023-01-22T12:41:00+00:00;406;6,4;28,9;14,7;62,5879;GOOD;GOOD;GOOD;0
2023-01-22T12:42:03+00:00;406;6,4;31,2;14,6;62,588;GOOD;GOOD;GOOD;0
2023-01-22T12:43:05+00:00;399;6,4;29,7;14,6;62,5881;GOOD;GOOD;GOOD;0
2023-01-22T12:44:08+00:00;405;6,4;31,9;14,6;62,5882;GOOD;GOOD;GOOD;0
2023-01-22T12:45:11+00:00;398;6,4;29,7;14,5;62,5883;GOOD;GOOD;GOOD;0
2023-01-22T12:46:14+00:00;396;6,4;26,9;14,5;62,5884;GOOD;GOOD;GOOD;0
2023-01-22T12:47:16+00:00;402;6,4;26,4;14,4;62,5885;GOOD;GOOD;GOOD;0
2023-01-22T12:48:19+00:00;402;6,4;19,3;14,4;62,5886;GOOD;GOOD;GOOD;0
2023-01-22T12:49:22+00:00;402;6,4;20,4;14,4;62,5887;GOOD;GOOD;GOOD;0
2023-01-22T12:50:25+00:00;397;6,4;20,3;14,4;62,5888;GOOD;GOOD;GOOD;0
2023-01-22T12:51:28+00:00;403;6,4;18,9;14,5;62,5889;GOOD;GOOD;GOOD;0
2023-01-22T12:52:31+00:00;397;6,4;17,9;14,6;62,589;GOOD;GOOD;GOOD;0
2023-01-22T12:53:34+00:00;398;6,4;16,7;14,7;62,5891;GOOD;GOOD;GOOD;0
2023-01-22T12:54:36+00:00;396;6,4;17,8;14,7;62,5892;GOOD;GOOD;GOOD;0
2023-01-22T12:55:39+00:00;396;6,4;13,8;14,7;62,5893;GOOD;GOOD;GOOD;0
2023-01-22T12:56:42+00:00;396;6,4;14,9;14,8;62,5894;GOOD;GOOD;GOOD;0
2023-01-22T12:57:45+00:00;396;6,4;14;14,8;62,5895;GOOD;GOOD;GOOD;0
2023-01-22T12:58:48+00:00;394;6,4;13,5;14,8;62,5896;GOOD;GOOD;GOOD;0
2023-01-22T12:59:51+00:00;500;6,4;11,1;14,8;62,5897;GOOD;GOOD;GOOD;0
2023-01-22T13:00:54+00:00;500;6,4;12,9;14,8;62,5898;GOOD;GOOD;GOOD;0
2023-01-22T13:01:57+00:00;500;6,4;10,1;14,8;62,5899;GOOD;GOOD;GOOD;0
2023-01-22T13:03:00+00:00;500;6,4;9;14,8;62,59;GOOD;GOOD;GOOD;0
2023-01-22T13:04:02+00:00;500;6,4;11,1;14,8;62,5901;GOOD;GOOD;GOOD;0
2023-01-22T13:05:05+00:00;500;6,4;10,7;14,8;62,5902;GOOD;GOOD;GOOD;0
2023-01-22T13:06:08+00:00;500;6,4;11,3;14,8;62,5903;GOOD;GOOD;GOOD;0
2023-01-22T13:07:11+00:00;500;6,4;12,5;14,9;62,5904;GOOD;GOOD;GOOD;0
2023-01-22T13:08:14+00:00;500;6,4;11,9;15;62,5905;GOOD;GOOD;GOOD;0
2023-01-22T13:09:16+00:00;500;6,4;12,6;15,1;62,5906;GOOD;GOOD;GOOD;0
2023-01-22T13:10:19+00:00;500;6,4;13,5;15,2;62,5907;GOOD;GOOD;GOOD;0
2023-01-22T13:11:22+00:00;500;6,4;11,7;15,2;62,5908;GOOD;GOOD;GOOD;0
2023-01-22T13:12:25+00:00;401;6,4;13,8;15,3;62,5909;GOOD;GOOD;GOOD;0
2023-01-22T13:13:28+00:00;394;6,4;10;15,3;62,591;GOOD;GOOD;GOOD;0
2023-01-22T13:14:31+00:00;393;6,4;10,5;15,4;62,5911;GOOD;GOOD;GOOD;0
2023-01-22T13:15:34+00:00;393;6,4;9,9;15,4;62,5912;GOOD;GOOD;GOOD;0
2023-01-22T13:16:37+00:00;393;6,4;9,1;15,5;62,5913;GOOD;GOOD;GOOD;0
2023-01-22T13:18:47+00:00;394;6,4;11,7;15,5;62,5914;GOOD;GOOD;GOOD;0
2023-01-22T13:19:50+00:00;396;6,4;9,9;15,5;62,5915;GOOD;GOOD;GOOD;0
2023-01-22T13:20:53+00:00;394;6,4;8,1;15,5;62,5916;GOOD;GOOD;GOOD;0
2023-01-22T13:21:56+00:00;393;6,4;7,8;15,5;62,5917;GOOD;GOOD;GOOD;0
2023-01-22T13:22:59+00:00;396;6,4;8,1;15,5;62,5918;GOOD;GOOD;GOOD;0
2023-01-22T13:24:01+00:00;394;6,4;11,3;15,4;62,5919;GOOD;GOOD;GOOD;0
2023-01-22T13:26:12+00:00;600;6,4;9,5;15,4;62,592;GOOD;GOOD;GOOD;0
2023-01-22T13:27:15+00:00;600;6,4;7,1;15,3;62,5921;GOOD;GOOD;GOOD;0
2023-01-22T13:28:17+00:00;600;6,4;7,4;15,3;62,5922;GOOD;GOOD;GOOD;0
2023-01-22T13:29:20+00:00;600;6,4;8,1;15,3;62,5923;GOOD;GOOD;GOOD;0
2023-01-22T13:30:23+00:00;600;6,4;6,3;15,3;62,5924;GOOD;GOOD;GOOD;0
2023-01-22T13:31:26+00:00;600;6,4;6,9;15,3;62,5925;GOOD;GOOD;GOOD;0
2023-01-22T13:32:29+00:00;600;6,4;6,8;15,2;62,5926;GOOD;GOOD;GOOD;0
2023-01-22T13:33:32+00:00;600;6,4;6,3;15,2;62,5927;GOOD;GOOD;GOOD;0
2023-01-22T13:34:35+00:00;600;6,4;6,3;15,2;62,5928;GOOD;GOOD;GOOD;0
2023-01-22T13:35:37+00:00;600;6,4;5,1;15,1;62,5929;GOOD;GOOD;GOOD;0
2023-01-22T13:36:40+00:00;600;6,4;4,3;15,1;62,593;GOOD;GOOD;GOOD;0
2023-01-22T13:37:44+00:00;393;6,4;5,8;15,2;62,5931;GOOD;GOOD;GOOD;0
2023-01-22T13:38:46+00:00;393;6,4;5,1;15,2;62,5932;GOOD;GOOD;GOOD;0
2023-01-22T13:39:49+00:00;392;6,4;6;15,2;62,5933;GOOD;GOOD;GOOD;0
2023-01-22T13:40:52+00:00;392;6,4;5,3;15,2;62,5934;GOOD;GOOD;GOOD;0
2023-01-22T13:41:55+00:00;392;6,4;4,6;15,2;62,5935;GOOD;GOOD;GOOD;0
2023-01-22T13:42:57+00:00;400;6,4;5,6;15,2;62,5936;GOOD;GOOD;GOOD;0
2023-01-22T13:44:00+00:00;400;6,4;3,8;15,2;62,5937;GOOD;GOOD;GOOD;0
2023-01-22T13:45:03+00:00;392;6,4;4,8;15,3;62,5938;GOOD;GOOD;GOOD;0
2023-01-22T13:46:06+00:00;391;6,4;3,4;15,3;62,5939;GOOD;GOOD;GOOD;0
2023-01-22T13:47:08+00:00;392;6,4;3,9;15,3;62,594;GOOD;GOOD;GOOD;0
2023-01-22T13:48:11+00:00;393;6,4;5,2;15,4;62,5941;GOOD;GOOD;GOOD;0
2023-01-22T13:49:14+00:00;393;6,4;4,3;15,4;62,5942;GOOD;GOOD;GOOD;0
2023-01-22T13:50:17+00:00;397;6,4;3,1;15,4;62,5943;GOOD;GOOD;GOOD;0
2023-01-22T13:51:20+00:00;394;6,4;3;15,4;62,5944;GOOD;GOOD;GOOD;0
2023-01-22T13:52:22+00:00;401;6,4;3,2;15,5;62,5945;GOOD;GOOD;GOOD;0
2023-01-22T13:53:25+00:00;401;6,4;3,9;15,5;62,5946;GOOD;GOOD;GOOD;0
2023-01-22T13:54:28+00:00;401;6,4;2,5;15,5;62,5947;GOOD;GOOD;GOOD;0
2023-01-22T13:55:31+00:00;393;6,4;3,9;15,6;62,5948;GOOD;GOOD;GOOD;0
2023-01-22T13:56:34+00:00;394;6,4;4,6;15,6;62,5949;GOOD;GOOD;GOOD;0
2023-01-22T13:57:36+00:00;393;6,4;3,1;15,7;62,595;GOOD;GOOD;GOOD;0
2023-01-22T13:58:39+00:00;401;6,4;4,3;15,7;62,5951;GOOD;GOOD;GOOD;0
2023-01-22T14:00:50+00:00;401;6,4;3;15,7;62,5952;GOOD;GOOD;GOOD;0
2023-01-22T14:01:52+00:00;394;6,4;2,4;15,7;62,5953;GOOD;GOOD;GOOD;0
2023-01-22T14:02:55+00:00;401;6,4;1,8;15,7;62,5954;GOOD;GOOD;GOOD;0
2023-01-22T14:03:58+00:00;393;6,4;3;15,7;62,5955;GOOD;GOOD;GOOD;0
2023-01-22T14:05:01+00:00;394;6,4;2,4;15,7;62,5956;GOOD;GOOD;GOOD;0
2023-01-22T14:07:11+00:00;500;6,4;2,7;15,7;62,5957;GOOD;GOOD;GOOD;0
2023-01-22T14:08:16+00:00;500;6,4;1,6;15,7;62,5958;GOOD;GOOD;GOOD;0
2023-01-22T14:09:17+00:00;500;6,4;2,8;15,7;62,5959;GOOD;GOOD;GOOD;0
2023-01-22T14:10:20+00:00;500;6,4;3,2;15,8;62,596;GOOD;GOOD;GOOD;0
2023-01-22T14:11:22+00:00;700;6,4;2,1;15,8;62,5961;Moderate;GOOD;GOOD;1
2023-01-22T14:12:25+00:00;700;6,4;2,7;15,8;62,5962;Moderate;GOOD;GOOD;1
2023-01-22T14:13:28+00:00;700;6,4;2;15,8;62,5963;Moderate;GOOD;GOOD;1
2023-01-22T14:14:31+00:00;700;6,4;2,5;15,8;62,5964;Moderate;GOOD;GOOD;1
2023-01-22T14:15:34+00:00;1000;6,4;3,7;15,8;62,5965;Moderate;GOOD;GOOD;1
2023-01-22T14:16:37+00:00;1000;6,4;4,1;15,8;62,5966;Moderate;GOOD;GOOD;1
2023-01-22T14:17:39+00:00;1000;6,4;2,1;15,8;62,5967;Moderate;GOOD;GOOD;1
2023-01-22T14:18:42+00:00;1000;6,4;3;15,8;62,5968;Moderate;GOOD;GOOD;1
2023-01-22T14:19:45+00:00;1000;6,4;2,1;15,8;62,5969;Moderate;GOOD;GOOD;1
2023-01-22T14:20:48+00:00;1000;6,4;2,3;15,8;62,597;Moderate;GOOD;GOOD;1
2023-01-22T14:21:50+00:00;1000;6,4;2;15,9;62,5971;Moderate;GOOD;GOOD;1
2023-01-22T14:22:53+00:00;1000;6,4;2,4;15,8;62,5972;Moderate;GOOD;GOOD;1
2023-01-22T14:23:56+00:00;1000;6,4;1,6;15,9;62,5973;Moderate;GOOD;GOOD;1
2023-01-22T14:26:07+00:00;1000;6,4;2,2;15,9;62,5974;Moderate;GOOD;GOOD;1
2023-01-22T14:27:10+00:00;1000;6,4;1,8;15,9;62,5975;Moderate;GOOD;GOOD;1
2023-01-22T14:28:12+00:00;1000;6,4;1,7;15,9;62,5976;Moderate;GOOD;GOOD;1
2023-01-22T14:29:15+00:00;1000;6,4;1,6;15,7;62,5977;Moderate;GOOD;GOOD;1
2023-01-22T14:30:18+00:00;1400;6,4;1,8;15,6;62,5978;Moderate;GOOD;GOOD;1
2023-01-22T14:31:21+00:00;1400;6,4;3;15,4;62,5979;Moderate;GOOD;GOOD;1
2023-01-22T14:32:23+00:00;1400;6,4;4,1;15,3;62,598;Moderate;GOOD;GOOD;1
2023-01-22T14:33:26+00:00;1400;6,4;4,8;15,2;62,5981;Moderate;GOOD;GOOD;1
2023-01-22T14:34:29+00:00;1400;6,4;2,8;15,1;62,5982;Moderate;GOOD;GOOD;1
2023-01-22T14:35:32+00:00;1400;6,4;4,6;15,1;62,5983;Moderate;GOOD;GOOD;1
2023-01-22T14:36:35+00:00;2000;6,4;5,2;15;62,5984;Unhealthy;GOOD;GOOD;1
2023-01-22T14:37:38+00:00;2000;6,4;7,2;15;62,5985;Unhealthy;GOOD;GOOD;1
2023-01-22T14:38:40+00:00;2000;6,4;3;14,9;62,5986;Unhealthy;GOOD;GOOD;1
2023-01-22T14:39:43+00:00;2000;6,4;4,7;14,7;62,5987;Unhealthy;GOOD;GOOD;1
2023-01-22T14:40:46+00:00;2000;6,4;4,1;14,6;62,5988;Unhealthy;GOOD;GOOD;1
2023-01-22T14:41:49+00:00;2000;6,4;2,9;14,5;62,5989;Unhealthy;GOOD;GOOD;1
2023-01-22T14:42:52+00:00;2000;6,4;1,6;14,4;62,599;Unhealthy;GOOD;GOOD;1
2023-01-22T14:43:55+00:00;2000;6,4;3,1;14,4;62,5991;Unhealthy;GOOD;GOOD;1
2023-01-22T14:44:58+00:00;2000;6,4;2,1;14,4;62,5992;Unhealthy;GOOD;GOOD;1
2023-01-22T14:46:00+00:00;2000;6,4;1,7;14,5;62,5993;Unhealthy;GOOD;GOOD;1
2023-01-22T14:47:03+00:00;2000;6,4;3;14,5;62,5994;Unhealthy;GOOD;GOOD;1
2023-01-22T14:48:06+00:00;2000;6,4;1,9;14,5;62,5995;Unhealthy;GOOD;GOOD;1
2023-01-22T14:49:09+00:00;2000;6,4;4,1;14,6;62,5996;Unhealthy;GOOD;GOOD;1
2023-01-22T14:50:12+00:00;2000;6,4;2,8;14,6;62,5997;Unhealthy;GOOD;GOOD;1
2023-01-22T14:51:15+00:00;2000;6,4;3,7;14,6;62,5998;Unhealthy;GOOD;GOOD;1
2023-01-22T14:52:18+00:00;3000;6,4;4,7;14,6;62,5999;Unhealthy;GOOD;GOOD;1
2023-01-22T14:53:20+00:00;3000;6,4;6,7;14,6;62,6;Unhealthy;GOOD;GOOD;1
2023-01-22T14:54:23+00:00;3000;6,4;6,5;14,6;62,6001;Unhealthy;GOOD;GOOD;1
2023-01-22T14:55:26+00:00;3000;6,4;8,3;14,6;62,6002;Unhealthy;GOOD;GOOD;1
2023-01-22T14:56:29+00:00;3000;6,4;5,6;14,6;62,6003;Unhealthy;GOOD;GOOD;1
2023-01-22T14:57:32+00:00;2000;6,4;5;14,5;62,6004;Unhealthy;GOOD;GOOD;1
2023-01-22T14:58:35+00:00;1000;6,4;5,3;14,5;62,6005;Moderate;GOOD;GOOD;1
2023-01-22T14:59:38+00:00;1000;6,4;7,3;14,4;62,6006;Moderate;GOOD;GOOD;1
2023-01-22T15:00:43+00:00;1000;6,4;4,2;14,3;62,6007;Moderate;GOOD;GOOD;1
2023-01-22T15:01:43+00:00;1000;6,4;3,8;14,2;62,6008;Moderate;GOOD;GOOD;1
2023-01-22T15:02:46+00:00;1000;6,4;5,5;14,1;62,6009;Moderate;GOOD;GOOD;1
2023-01-22T15:03:49+00:00;1000;6,4;4,3;14,1;62,601;Moderate;GOOD;GOOD;1
2023-01-22T15:04:52+00:00;1000;6,4;3,2;14,1;62,6011;Moderate;GOOD;GOOD;1
2023-01-22T15:05:55+00:00;1000;6,4;3,2;14;62,6012;Moderate;GOOD;GOOD;1
2023-01-22T15:06:58+00:00;1000;6,4;4;14;62,6013;Moderate;GOOD;GOOD;1
2023-01-22T15:08:00+00:00;770;6,4;3,3;14;62,6014;Moderate;GOOD;GOOD;1
2023-01-22T15:09:03+00:00;770;6,4;1,7;13,9;62,6015;Moderate;GOOD;GOOD;1
2023-01-22T15:10:06+00:00;770;6,4;3,1;13,9;62,6016;Moderate;GOOD;GOOD;1
2023-01-22T15:11:09+00:00;770;6,4;4,1;13,8;62,6017;Moderate;GOOD;GOOD;1
2023-01-22T15:13:19+00:00;770;6,4;6,9;13,8;62,6018;Moderate;GOOD;GOOD;1
2023-01-22T15:14:22+00:00;500;6,4;4,6;13,7;62,6019;GOOD;GOOD;GOOD;0
2023-01-22T15:15:25+00:00;500;6,4;5,1;13,7;62,602;GOOD;GOOD;GOOD;0
2023-01-22T15:16:28+00:00;500;6,4;3;13,6;62,6021;GOOD;GOOD;GOOD;0
2023-01-22T15:17:30+00:00;500;6,4;4,1;13,6;62,6022;GOOD;GOOD;GOOD;0
2023-01-22T15:18:33+00:00;500;6,4;4,6;13,6;62,6023;GOOD;GOOD;GOOD;0
2023-01-22T15:19:36+00:00;500;6,4;5,4;13,6;62,6024;GOOD;GOOD;GOOD;0
2023-01-22T15:20:39+00:00;384;6,4;6,2;13,6;62,6025;GOOD;GOOD;GOOD;0
2023-01-22T15:21:42+00:00;384;6,4;6,8;13,8;62,6026;GOOD;GOOD;GOOD;0
2023-01-22T15:22:45+00:00;384;6,4;7,3;13,9;62,6027;GOOD;GOOD;GOOD;0
2023-01-22T15:23:48+00:00;382;6,4;5,2;14,1;62,6028;GOOD;GOOD;GOOD;0
2023-01-22T15:24:51+00:00;390;6,4;5,4;14,3;62,6029;GOOD;GOOD;GOOD;0
2023-01-22T15:25:53+00:00;390;6,4;6,8;14,5;62,603;GOOD;GOOD;GOOD;0
2023-01-22T15:26:56+00:00;382;6,4;7,7;14,7;62,6031;GOOD;GOOD;GOOD;0
2023-01-22T15:27:59+00:00;382;6,4;4,3;14,8;62,6032;GOOD;GOOD;GOOD;0
2023-01-22T15:29:02+00:00;384;6,4;5,6;14,8;62,6033;GOOD;GOOD;GOOD;0
2023-01-22T15:30:05+00:00;389;6,4;7,3;14,9;62,6034;GOOD;GOOD;GOOD;0
2023-01-22T15:31:08+00:00;382;6,4;30,7;14,9;62,6035;GOOD;GOOD;GOOD;0
2023-01-22T15:32:10+00:00;382;6,4;34,4;14,9;62,6036;GOOD;GOOD;GOOD;0
2023-01-22T15:33:13+00:00;382;6,4;23,4;14,9;62,6037;GOOD;GOOD;GOOD;0
2023-01-22T15:34:16+00:00;382;6,4;32,2;14,9;62,6038;GOOD;GOOD;GOOD;0
2023-01-22T15:35:19+00:00;389;6,4;31;14,9;62,6039;GOOD;GOOD;GOOD;0
2023-01-22T15:36:22+00:00;381;6,4;28,2;14,9;62,604;GOOD;GOOD;GOOD;0
2023-01-22T15:37:25+00:00;381;6,4;24,4;15;62,6041;GOOD;GOOD;GOOD;0
2023-01-22T15:38:28+00:00;388;6,4;20,1;14,9;62,6042;GOOD;GOOD;GOOD;0
2023-01-22T15:39:30+00:00;381;6,4;21,5;15;62,6043;GOOD;GOOD;GOOD;0
2023-01-22T15:40:33+00:00;381;6,4;20,4;15;62,6044;GOOD;GOOD;GOOD;0
2023-01-22T15:41:36+00:00;381;6,4;13,4;15;62,6045;GOOD;GOOD;GOOD;0
2023-01-22T15:42:39+00:00;381;6,4;16,6;15;62,6046;GOOD;GOOD;GOOD;0
2023-01-22T15:43:42+00:00;381;6,4;18,5;15;62,6047;GOOD;GOOD;GOOD;0
2023-01-22T15:44:45+00:00;381;6,4;20;15;62,6048;GOOD;GOOD;GOOD;0
2023-01-22T15:45:48+00:00;381;6,4;16,8;15;62,6049;GOOD;GOOD;GOOD;0
2023-01-22T15:46:51+00:00;380;6,4;12,4;15;62,605;GOOD;GOOD;GOOD;0
2023-01-22T15:47:53+00:00;380;6,4;11,1;15;62,6051;GOOD;GOOD;GOOD;0
2023-01-22T15:48:56+00:00;380;6,4;15;15;62,6052;GOOD;GOOD;GOOD;0
2023-01-22T15:49:59+00:00;380;6,4;11,6;15;62,6053;GOOD;GOOD;GOOD;0
2023-01-22T15:52:10+00:00;380;6,4;12,1;15;62,6054;GOOD;GOOD;GOOD;0
2023-01-22T15:54:20+00:00;379;6,4;12;15;62,6055;GOOD;GOOD;GOOD;0
2023-01-22T15:55:23+00:00;380;6,4;11,4;15;62,6056;GOOD;GOOD;GOOD;0
2023-01-22T15:56:26+00:00;379;6,4;9,5;15;62,6057;GOOD;GOOD;GOOD;0
2023-01-22T15:57:29+00:00;387;6,4;11,7;14,9;62,6058;GOOD;GOOD;GOOD;0
2023-01-22T15:58:32+00:00;380;6,4;11,4;14,9;62,6059;GOOD;GOOD;GOOD;0
2023-01-22T15:59:35+00:00;379;6,4;9,1;14,9;62,606;GOOD;GOOD;GOOD;0
2023-01-22T16:00:39+00:00;386;6,4;7,8;14,9;62,6061;GOOD;GOOD;GOOD;0
2023-01-22T16:01:42+00:00;385;6,4;8,5;14,9;62,6062;GOOD;GOOD;GOOD;0
2023-01-22T16:02:44+00:00;379;6,4;8;14,9;62,6063;GOOD;GOOD;GOOD;0
2023-01-22T16:03:47+00:00;379;6,4;7,1;14,9;62,6064;GOOD;GOOD;GOOD;0
2023-01-22T16:04:50+00:00;378;6,4;6,4;14,9;62,6065;GOOD;GOOD;GOOD;0
2023-01-22T16:05:53+00:00;379;6,4;6,6;15;62,6066;GOOD;GOOD;GOOD;0
2023-01-22T16:06:55+00:00;378;6,4;7,6;15;62,6067;GOOD;GOOD;GOOD;0
2023-01-22T16:07:58+00:00;378;6,4;5,3;15;62,6068;GOOD;GOOD;GOOD;0
2023-01-22T16:09:01+00:00;385;6,4;7,5;15,1;62,6069;GOOD;GOOD;GOOD;0
2023-01-22T16:10:04+00:00;385;6,4;8,3;15;62,607;GOOD;GOOD;GOOD;0
2023-01-22T16:11:07+00:00;385;6,4;12,8;15,1;62,6071;GOOD;GOOD;GOOD;0
2023-01-22T16:12:09+00:00;378;6,4;7,4;15,2;62,6072;GOOD;GOOD;GOOD;0
2023-01-22T16:13:13+00:00;378;6,4;10;15,2;62,6073;GOOD;GOOD;GOOD;0
2023-01-22T16:14:16+00:00;378;6,4;7,9;14,9;62,6074;GOOD;GOOD;GOOD;0
2023-01-22T16:15:18+00:00;378;6,4;8,2;15;62,6075;GOOD;GOOD;GOOD;0
2023-01-22T16:16:21+00:00;378;6,4;7,6;15,1;62,6076;GOOD;GOOD;GOOD;0
2023-01-22T16:17:24+00:00;378;6,4;7,7;15,2;62,6077;GOOD;GOOD;GOOD;0
2023-01-22T16:18:27+00:00;378;6,4;8,2;15,3;62,6078;GOOD;GOOD;GOOD;0
2023-01-22T16:19:30+00:00;378;6,4;7,5;15,4;62,6079;GOOD;GOOD;GOOD;0
2023-01-22T16:20:33+00:00;378;6,4;7,5;15,3;62,608;GOOD;GOOD;GOOD;0
2023-01-22T16:21:35+00:00;385;6,4;8,5;15,3;62,6081;GOOD;GOOD;GOOD;0
2023-01-22T16:22:38+00:00;377;6,4;7,8;15,4;62,6082;GOOD;GOOD;GOOD;0
2023-01-22T16:23:41+00:00;377;6,4;8,4;15,4;62,6083;GOOD;GOOD;GOOD;0
2023-01-22T16:24:44+00:00;377;6,4;7,6;15,4;62,6084;GOOD;GOOD;GOOD;0
2023-01-22T16:25:47+00:00;377;6,4;7;15,4;62,6085;GOOD;GOOD;GOOD;0
2023-01-22T16:26:50+00:00;377;6,4;7,9;15,4;62,6086;GOOD;GOOD;GOOD;0
2023-01-22T16:27:53+00:00;376;6,4;6,8;15,4;62,6087;GOOD;GOOD;GOOD;0
2023-01-22T16:28:55+00:00;376;6,4;7,7;15,4;62,6088;GOOD;GOOD;GOOD;0
2023-01-22T16:29:58+00:00;376;6,4;7,8;15,4;62,6089;GOOD;GOOD;GOOD;0
2023-01-22T16:31:01+00:00;375;6,4;9,2;15,2;62,609;GOOD;GOOD;GOOD;0
2023-01-22T16:32:04+00:00;375;6,4;13,8;15;62,6091;GOOD;GOOD;GOOD;0
2023-01-22T16:33:07+00:00;375;6,4;11,4;14,8;62,6092;GOOD;GOOD;GOOD;0
2023-01-22T16:34:09+00:00;375;6,4;10,9;14,5;62,6093;GOOD;GOOD;GOOD;0
2023-01-22T16:35:13+00:00;381;6,4;9,2;14,4;62,6094;GOOD;GOOD;GOOD;0
2023-01-22T16:36:16+00:00;374;6,4;9,3;14,5;62,6095;GOOD;GOOD;GOOD;0
2023-01-22T16:37:19+00:00;380;6,4;7,1;14,6;62,6096;GOOD;GOOD;GOOD;0
2023-01-22T16:38:22+00:00;373;6,4;9,6;14,7;62,6097;GOOD;GOOD;GOOD;0
2023-01-22T16:39:25+00:00;373;6,4;11,9;14,8;62,6098;GOOD;GOOD;GOOD;0
2023-01-22T16:40:28+00:00;380;6,4;9,4;14,9;62,6099;GOOD;GOOD;GOOD;0
2023-01-22T16:41:30+00:00;373;6,4;12,4;15;62,61;GOOD;GOOD;GOOD;0
2023-01-22T16:42:33+00:00;380;6,4;9,9;15,1;62,6101;GOOD;GOOD;GOOD;0
2023-01-22T16:43:36+00:00;373;6,4;11,9;15,2;62,6102;GOOD;GOOD;GOOD;0
2023-01-22T16:44:39+00:00;373;6,4;9,6;15,2;62,6103;GOOD;GOOD;GOOD;0
2023-01-22T16:45:42+00:00;379;6,4;11,5;15,1;62,6104;GOOD;GOOD;GOOD;0
2023-01-22T16:46:45+00:00;373;6,4;9,1;15,1;62,6105;GOOD;GOOD;GOOD;0
2023-01-22T16:47:48+00:00;373;6,4;7,1;14,9;62,6106;GOOD;GOOD;GOOD;0
2023-01-22T16:48:51+00:00;372;6,4;8,6;14,9;62,6107;GOOD;GOOD;GOOD;0
2023-01-22T16:51:01+00:00;370;6,4;10;14,9;62,6108;GOOD;GOOD;GOOD;0
2023-01-22T16:52:04+00:00;378;6,4;8,9;14,9;62,6109;GOOD;GOOD;GOOD;0
2023-01-22T16:53:07+00:00;370;6,4;8,2;14,9;62,611;GOOD;GOOD;GOOD;0
2023-01-22T16:54:09+00:00;372;6,4;6,1;14,7;62,6111;GOOD;GOOD;GOOD;0
2023-01-22T16:55:12+00:00;369;6,4;6,2;14,7;62,6112;GOOD;GOOD;GOOD;0
2023-01-22T16:56:15+00:00;370;6,4;7,2;14,9;62,6113;GOOD;GOOD;GOOD;0
2023-01-22T16:57:18+00:00;369;6,4;6;14,9;62,6114;GOOD;GOOD;GOOD;0
2023-01-22T16:58:21+00:00;369;6,4;6,4;15;62,6115;GOOD;GOOD;GOOD;0
2023-01-22T16:59:23+00:00;369;6,4;7;15,1;62,6116;GOOD;GOOD;GOOD;0
2023-01-22T17:00:26+00:00;369;6,4;7,4;15,2;62,6117;GOOD;GOOD;GOOD;0
2023-01-22T17:01:29+00:00;369;6,4;5,6;15,2;62,6118;GOOD;GOOD;GOOD;0
2023-01-22T17:02:32+00:00;369;6,4;7,2;15,3;62,6119;GOOD;GOOD;GOOD;0
2023-01-22T17:03:35+00:00;368;6,4;7,1;15,4;62,612;GOOD;GOOD;GOOD;0
2023-01-22T17:04:38+00:00;368;6,4;7,5;15,4;62,6121;GOOD;GOOD;GOOD;0
2023-01-22T17:05:40+00:00;375;6,4;5,8;15,5;62,6122;GOOD;GOOD;GOOD;0
2023-01-22T17:06:43+00:00;368;6,4;5,8;15,6;62,6123;GOOD;GOOD;GOOD;0
2023-01-22T17:07:46+00:00;368;6,4;7,8;15,6;62,6124;GOOD;GOOD;GOOD;0
2023-01-22T17:08:49+00:00;368;6,4;4,9;15,6;62,6125;GOOD;GOOD;GOOD;0
2023-01-22T17:09:52+00:00;368;6,4;5,5;15,6;62,6126;GOOD;GOOD;GOOD;0
2023-01-22T17:10:55+00:00;368;6,4;5,5;15,6;62,6127;GOOD;GOOD;GOOD;0
2023-01-22T17:11:58+00:00;367;6,4;4,4;15,6;62,6128;GOOD;GOOD;GOOD;0
2023-01-22T17:13:01+00:00;367;6,4;5,5;15,7;62,6129;GOOD;GOOD;GOOD;0
2023-01-22T17:15:11+00:00;367;6,4;5,1;15,7;62,613;GOOD;GOOD;GOOD;0
2023-01-22T17:16:14+00:00;367;6,4;4;15,7;62,6131;GOOD;GOOD;GOOD;0
2023-01-22T17:17:17+00:00;367;6,4;5,7;15,8;62,6132;GOOD;GOOD;GOOD;0
2023-01-22T17:18:20+00:00;368;6,4;5,7;15,8;62,6133;GOOD;GOOD;GOOD;0
2023-01-22T17:19:22+00:00;366;6,4;6,7;15,9;62,6134;GOOD;GOOD;GOOD;0
2023-01-22T17:21:33+00:00;367;6,4;6,5;15,9;62,6135;GOOD;GOOD;GOOD;0
2023-01-22T17:22:36+00:00;367;6,4;4,6;15,9;62,6136;GOOD;GOOD;GOOD;0
2023-01-22T17:23:39+00:00;367;6,4;5,6;15,9;62,6137;GOOD;GOOD;GOOD;0
2023-01-22T17:24:42+00:00;367;6,4;5,3;15,9;62,6138;GOOD;GOOD;GOOD;0
2023-01-22T17:25:44+00:00;366;6,4;6,8;15,9;62,6139;GOOD;GOOD;GOOD;0
2023-01-22T17:26:47+00:00;373;6,4;5,4;15,9;62,614;GOOD;GOOD;GOOD;0
2023-01-22T17:27:50+00:00;366;6,4;8,3;16;62,6141;GOOD;GOOD;GOOD;0
2023-01-22T17:28:53+00:00;366;6,4;3,6;16;62,6142;GOOD;GOOD;GOOD;0
2023-01-22T17:29:56+00:00;365;6,4;7,6;16;62,6143;GOOD;GOOD;GOOD;0
2023-01-22T17:30:58+00:00;366;6,4;6,2;16;62,6144;GOOD;GOOD;GOOD;0
2023-01-22T17:32:01+00:00;365;6,4;10,4;15,8;62,6145;GOOD;GOOD;GOOD;0
2023-01-22T17:33:04+00:00;365;6,4;9,9;15,6;62,6146;GOOD;GOOD;GOOD;0
2023-01-22T17:34:07+00:00;364;6,4;9,1;15,4;62,6147;GOOD;GOOD;GOOD;0
2023-01-22T17:35:09+00:00;372;6,4;11,9;15,4;62,6148;GOOD;GOOD;GOOD;0
2023-01-22T17:36:12+00:00;363;6,4;9,1;15,4;62,6149;GOOD;GOOD;GOOD;0
2023-01-22T17:38:23+00:00;369;6,4;8,4;15,5;62,615;GOOD;GOOD;GOOD;0
2023-01-22T17:39:26+00:00;362;6,4;9,8;15,5;62,6151;GOOD;GOOD;GOOD;0
2023-01-22T17:40:28+00:00;362;6,4;7,5;15,6;62,6152;GOOD;GOOD;GOOD;0
2023-01-22T17:41:31+00:00;361;6,4;4,7;15,6;62,6153;GOOD;GOOD;GOOD;0
2023-01-22T17:42:34+00:00;367;6,4;9,2;15,6;62,6154;GOOD;GOOD;GOOD;0
2023-01-22T17:43:37+00:00;367;6,4;9,5;15,6;62,6155;GOOD;GOOD;GOOD;0
2023-01-22T17:44:39+00:00;361;6,4;10,1;15,7;62,6156;GOOD;GOOD;GOOD;0
2023-01-22T17:45:42+00:00;361;6,4;10,9;15,7;62,6157;GOOD;GOOD;GOOD;0
2023-01-22T17:46:45+00:00;360;6,4;12,1;15,8;62,6158;GOOD;GOOD;GOOD;0
2023-01-22T17:47:48+00:00;360;6,4;9,8;15,8;62,6159;GOOD;GOOD;GOOD;0
2023-01-22T17:48:50+00:00;360;6,4;10,6;15,8;62,616;GOOD;GOOD;GOOD;0
2023-01-22T17:49:53+00:00;360;6,4;8,4;15,8;62,6161;GOOD;GOOD;GOOD;0
2023-01-22T17:50:56+00:00;360;6,4;9,9;15,9;62,6162;GOOD;GOOD;GOOD;0
2023-01-22T17:51:59+00:00;360;6,4;10,9;15,9;62,6163;GOOD;GOOD;GOOD;0
2023-01-22T17:53:02+00:00;358;6,4;13,5;15,9;62,6164;GOOD;GOOD;GOOD;0
2023-01-22T17:54:05+00:00;358;6,4;12;15,9;62,6165;GOOD;GOOD;GOOD;0
2023-01-22T17:55:08+00:00;366;6,4;10,3;15,9;62,6166;GOOD;GOOD;GOOD;0
2023-01-22T17:56:10+00:00;365;6,4;11,2;15,9;62,6167;GOOD;GOOD;GOOD;0
2023-01-22T17:57:13+00:00;358;6,4;15,9;15,9;62,6168;GOOD;GOOD;GOOD;0
2023-01-22T17:58:16+00:00;357;6,4;13,7;15,9;62,6169;GOOD;GOOD;GOOD;0
2023-01-22T17:59:19+00:00;357;6,4;14,8;15,8;62,617;GOOD;GOOD;GOOD;0
2023-01-22T18:00:22+00:00;358;6,4;12,5;15,9;62,6171;GOOD;GOOD;GOOD;0
2023-01-22T18:01:24+00:00;357;6,4;14,1;15,9;62,6172;GOOD;GOOD;GOOD;0
2023-01-22T18:02:27+00:00;357;6,4;14,8;15,9;62,6173;GOOD;GOOD;GOOD;0
2023-01-22T18:04:38+00:00;357;6,4;25,7;15,8;62,6174;GOOD;GOOD;GOOD;0
2023-01-22T18:05:42+00:00;357;6,4;27,9;15,8;62,6175;GOOD;GOOD;GOOD;0
2023-01-22T18:06:45+00:00;356;6,4;18,5;15,8;62,6176;GOOD;GOOD;GOOD;0
2023-01-22T18:07:47+00:00;356;6,4;19,3;15,7;62,6177;GOOD;GOOD;GOOD;0
2023-01-22T18:08:50+00:00;363;6,4;29,3;15,7;62,6178;GOOD;GOOD;GOOD;0
2023-01-22T18:09:53+00:00;356;6,4;31,8;15,6;62,6179;GOOD;GOOD;GOOD;0
2023-01-22T18:10:56+00:00;355;6,4;34,4;15,4;62,618;GOOD;GOOD;GOOD;0
2023-01-22T18:11:59+00:00;354;6,4;33,8;15,3;62,6181;GOOD;GOOD;GOOD;0
2023-01-22T18:14:09+00:00;355;6,4;39,9;15,2;62,6182;GOOD;GOOD;GOOD;0
2023-01-22T18:15:12+00:00;355;6,4;51,8;15,1;62,6183;GOOD;GOOD;GOOD;0
2023-01-22T18:16:15+00:00;355;6,4;57;15;62,6184;GOOD;GOOD;GOOD;0
2023-01-22T18:18:25+00:00;354;6,4;56,2;15;62,6185;GOOD;GOOD;GOOD;0
2023-01-22T18:19:28+00:00;353;6,4;53,2;15;62,6186;GOOD;GOOD;GOOD;0
2023-01-22T18:20:31+00:00;354;6,4;40,2;14,9;62,6187;GOOD;GOOD;GOOD;0
2023-01-22T18:21:34+00:00;354;6,4;43,5;14,9;62,6188;GOOD;GOOD;GOOD;0
2023-01-22T18:22:37+00:00;353;6,4;100;14,9;62,6189;GOOD;GOOD;GOOD;0
2023-01-22T18:24:47+00:00;353;6,4;150;14,9;62,619;GOOD;GOOD;Moderate;1
2023-01-22T18:25:50+00:00;353;6,4;160;15,1;62,6191;GOOD;GOOD;Moderate;1
2023-01-22T18:26:53+00:00;361;6,4;200;15,1;62,6192;GOOD;GOOD;Moderate;1
2023-01-22T18:27:56+00:00;353;6,4;220;15,2;62,6193;GOOD;GOOD;Moderate;1
2023-01-22T18:28:58+00:00;361;6,4;222;15,2;62,6194;GOOD;GOOD;Moderate;1
2023-01-22T18:30:01+00:00;360;6,4;245;15,3;62,6195;GOOD;GOOD;Moderate;1
2023-01-22T18:31:04+00:00;361;6,4;440;15,3;62,6196;GOOD;GOOD;Very Unhealthy;1
2023-01-22T18:32:07+00:00;354;6,4;300;15,2;62,6197;GOOD;GOOD;Very Unhealthy;1
2023-01-22T18:33:10+00:00;353;6,4;300;15,1;62,6198;GOOD;GOOD;Very Unhealthy;1
2023-01-22T18:34:12+00:00;353;6,4;340;15,1;62,6199;GOOD;GOOD;Very Unhealthy;1
2023-01-22T18:35:15+00:00;353;6,4;200;15;62,62;GOOD;GOOD;Moderate;1
2023-01-22T18:36:19+00:00;353;6,4;220;14,9;62,6201;GOOD;GOOD;Moderate;1
2023-01-22T18:37:21+00:00;353;6,4;180;14,9;62,6202;GOOD;GOOD;Moderate;1
2023-01-22T18:38:24+00:00;353;6,4;188;15;62,6203;GOOD;GOOD;Moderate;1
2023-01-22T18:39:27+00:00;353;6,4;179;15,1;62,6204;GOOD;GOOD;Moderate;1
2023-01-22T18:40:30+00:00;354;6,4;160;15,1;62,6205;GOOD;GOOD;Moderate;1
2023-01-22T18:41:33+00:00;354;6,4;166;15,2;62,6206;GOOD;GOOD;Moderate;1
2023-01-22T18:42:36+00:00;353;6,4;165;15,2;62,6207;GOOD;GOOD;Moderate;1
2023-01-22T18:43:38+00:00;353;6,4;200;15,3;62,6208;GOOD;GOOD;Moderate;1
2023-01-22T18:44:41+00:00;353;6,4;100;15,3;62,6209;GOOD;GOOD;GOOD;0
2023-01-22T18:45:44+00:00;361;6,4;27,8;15,3;62,621;GOOD;GOOD;GOOD;0
2023-01-22T18:46:47+00:00;361;6,4;26,7;15,4;62,6211;GOOD;GOOD;GOOD;0
2023-01-22T18:47:50+00:00;353;6,4;24;15,4;62,6212;GOOD;GOOD;GOOD;0
2023-01-22T18:48:53+00:00;361;6,4;27,8;15,5;62,6213;GOOD;GOOD;GOOD;0
2023-01-22T18:49:55+00:00;354;6,4;28,1;15,6;62,6214;GOOD;GOOD;GOOD;0
2023-01-22T18:50:58+00:00;354;6,4;27;15,8;62,6215;GOOD;GOOD;GOOD;0
2023-01-22T18:52:01+00:00;354;6,4;26,4;15,8;62,6216;GOOD;GOOD;GOOD;0
2023-01-22T18:53:04+00:00;355;6,4;29,3;15,9;62,6217;GOOD;GOOD;GOOD;0
2023-01-22T18:54:07+00:00;354;6,4;26,1;16;62,6218;GOOD;GOOD;GOOD;0
2023-01-22T18:55:09+00:00;362;6,4;26,5;16,1;62,6219;GOOD;GOOD;GOOD;0
2023-01-22T18:56:12+00:00;362;6,4;29,5;16,1;62,622;GOOD;GOOD;GOOD;0
2023-01-22T18:57:15+00:00;355;6,4;32;16,2;62,6221;GOOD;GOOD;GOOD;0
2023-01-22T18:59:26+00:00;356;6,4;24,8;16,3;62,6222;GOOD;GOOD;GOOD;0
2023-01-22T19:00:28+00:00;355;6,4;33,2;16,3;62,6223;GOOD;GOOD;GOOD;0
2023-01-22T19:01:31+00:00;354;6,4;31,8;16,4;62,6224;GOOD;GOOD;GOOD;0
2023-01-22T19:02:34+00:00;362;6,4;34,5;16,4;62,6225;GOOD;GOOD;GOOD;0
2023-01-22T19:03:37+00:00;354;6,4;33;16,4;62,6226;GOOD;GOOD;GOOD;0
2023-01-22T19:04:40+00:00;352;6,4;29,2;16,4;62,6227;GOOD;GOOD;GOOD;0
2023-01-22T19:05:43+00:00;352;6,4;27,1;16,5;62,6228;GOOD;GOOD;GOOD;0
2023-01-22T19:06:46+00:00;352;6,4;27,7;16,3;62,6229;GOOD;GOOD;GOOD;0